id,题目,回答,答案
29,唐律已的罪名体系,"《唐律》（通常指《唐律疏议》所体现的唐代律典体系）的罪名体系，大体可以从“总则—分则”的结构、以及分则按“篇目/门类”来理解。其核心特点是：以“十恶”为最高层级的重罪框架，以“名例律”统摄一般规则，再按具体社会关系与国家治理领域分门别类规定犯罪。

## 一、总体结构：名例律（总则）+ 分则诸律
- **名例律**：相当于总则，规定罪名适用的通则，如共同犯罪、未遂、累犯、自首、赦免、减免、首从、亲属相隐、官当、赎刑等原则与规则。
- **分则**：按领域分篇规定具体犯罪与刑罚。

## 二、最高层级的重罪框架：“十恶”
“十恶”不是一部独立的篇章，而是贯穿全律的**重罪清单**，具有“不得赦”“从重”等强烈的政策性后果（具体适用仍依条文与疏议）。一般包括：
1. **谋反**（危害皇权与国家根本）
2. **谋大逆**（毁坏宗庙、陵寝、宫阙等）
3. **谋叛**（背叛国家、投敌等）
4. **恶逆**（弑杀尊亲等严重伦常犯罪）
5. **不道**（极端残暴、严重危害社会秩序的行为）
6. **大不敬**（对皇帝及其象征的严重冒犯）
7. **不孝**（严重违背孝道的行为）
8. **不睦**（严重破坏宗族亲属关系）
9. **不义**（臣下、吏卒等对君上/上司的严重背义）
10. **内乱**（家庭内部的严重性犯罪/乱伦等）

> 注：不同文献表述略有差异，但“十恶”作为唐律罪名体系的“价值排序顶层”是确定的。

## 三、分则的主要门类（按“律”划分的罪名群）
唐律分则通常以若干“律”来组织罪名，常见的门类理解如下（名称在不同整理本中略有出入，但大体对应这些治理领域）：

1. **卫禁律**：宫禁、关津、门禁、警卫、出入禁制等相关犯罪。  
2. **职制律**：官吏职务犯罪（失职、渎职、越权、违法行政、文书制度等）。  
3. **户婚律**：户籍、田宅、赋役、婚姻家庭、继承等领域犯罪。  
4. **厩库律**：官府仓库、财物、军资、马政、器物管理等犯罪（侵盗、亏损、管理不善等）。  
5. **擅兴律**：擅自兴发兵役、调发人力物力、动用国家资源等（偏向军事与动员秩序）。  
6. **贼盗律**：盗窃、抢夺、强盗、劫掠等财产与治安犯罪。  
7. **斗讼律**：斗殴伤害、杀人、诬告、诉讼秩序等（含部分人身犯罪与司法秩序）。  
8. **诈伪律**：诈骗、伪造文书印信、虚假交易、冒名等信用与文书犯罪。  
9. **杂律**：难以归类但常见的社会管理类犯罪（如市井管理、风俗禁令等）。  
10. **捕亡律**：逃亡、脱逃、隐匿罪犯、追捕责任等（含对官吏追捕不力的责任）。

## 四、唐律罪名体系的几个关键特征
- **以身份/关系为核心**：同一行为因“尊卑亲疏、官民身份”不同而异罪异罚（如“亲亲尊尊”原则影响量刑）。  
- **礼法合一**：很多罪名直接服务于宗法伦理与国家秩序（如不孝、不睦、大不敬）。  
- **重视官吏犯罪**：职制、厩库、捕亡等对官僚体系运行的保障非常突出。  
- **罪名与量刑高度条文化**：常见“以条定罪、以例通用”，并通过“疏议”解释适用。

---

如果你需要更具体的内容，我可以按你的用途补充：  
1）把每一“律”下的典型罪名列举出来；或 2）用表格把“十恶—分则门类—典型条文”对应起来；或 3）说明唐律罪名与现代刑法分类（危害国家安全、职务犯罪、财产犯罪等）的对照。",(一）侵害皇权罪(二）侵犯人身罪（三）侵犯财产罪(四）官吏职务犯罪(五）破坏家庭秩序罪(六）破坏社会秩序罪
28,唐朝立法原则（P112、113）,"你问的“唐朝立法原则（P112、113）”需要对应到你所用教材/讲义的具体页码内容（不同版本页码不一样）。你把P112、P113拍照发我，或告诉教材名称、版本/出版社/作者，我就能按那两页逐条整理成要点。

在你未提供页码内容前，我先给出通行的“唐朝立法原则”常见考点提纲（一般教材都会覆盖这些）：

1. **德礼为本，刑罚为用（礼法合一）**  
   以儒家伦理纲常为立法指导，强调“礼”是根本，“刑”是手段；法律体现维护宗法伦理与等级秩序。

2. **以律为主，诸法合体（体系化、成文化）**  
   以《唐律》为核心，配套有令、格、式等规范，形成较完备的成文法体系；律规定罪名与刑罚，令偏行政制度，格式偏具体操作规则。

3. **明刑弼教（刑教结合）**  
   通过刑罚辅助教化，强调法律的教化功能与社会秩序维护功能并重。

4. **慎刑恤狱（重视审判与刑罚节制）**  
   强调审慎用刑、减少冤狱，程序上重视复核、会审等（如死刑复奏、三司推事等在不同教材表述略有差异）。

5. **等级特权与差等责任（维护身份秩序）**  
   体现贵贱有别、尊卑有序：如“八议”“官当”“请”“减”“赎”等制度，以及对尊长、官员、良贱关系的差等处罚规则。

6. **罪刑法定与类推并存（规范化但保留弹性）**  
   《唐律》条文较完备，强调“依律断罪”；同时存在“比附/类推”等以补充成文法不足（具体表述看教材）。

如果你把P112、P113内容发来，我可以：  
- 按那两页的原顺序整理成“背诵版要点”；  
- 标出关键词、常见简答题答题模板；  
- 结合例子解释每条原则在《唐律疏议》中的体现。","“德礼为政教之本，刑罚为政教之用”是唐朝立法所遵循的重要原则。自西汉初年“罢黜百家，独尊儒术”政策的确定，儒家思想逐渐影响法律，道德信条与伦理精神逐渐渗入法律规范之中，开启了中国法律儒家化进程。经过魏晋南北朝的政治实践与法律实践，法律儒家化进程逐渐深化。隋末严刑酷罚激化社会矛盾、加快政权灭亡的教训，深刻地影响了唐初统治者的政治法律思想。唐朝立法者明确提岀，国家治理，德礼与刑罚，缺一不可；而德礼与刑罚之间，德礼为本，刑罚为用。(一）德礼、刑罚，不可或缺德礼的作用在于教化万民，而刑罚的作用则在于禁顽止奸。二者功能不同，作用互补，缺一不可。日有早晚，年有春秋，相辅相成，不可或缺。(二）德主刑辅虽然德礼与刑罚均为国家治理所必需，但二者的性质以及发挥作用的顺序有不同。德礼重在通过教育感化的方式，劝民以礼，导民向善，不仅能够使得万民安分和谐，而且有利于社稷政权的长期稳定。因此，弘德倡礼是国家治理的核心、本原，也是国家治理的优先手段。刑罚重在禁顽止奸，打击危害政权、侵害社会的犯罪行为。虽然刑罚为国家治理所必需，但由于刑罚以剥夺生命、残害肢体、限制自由等手段来实现其目标，违反人的本性，而且通过刑罚，只能实现目标于一时，不能保持政权的长期稳定。因此，治理国家的有效方式是以德为主，辅之以刑。(三）轻刑慎罚刑法只能作为国家治理的辅助工具，作为维护社会秩序不得已而用之的手段,即使在刑法本身，也要充分体现轻刑慎罚原则。一方面，在立法上，通过减少死罪、减轻刑罚，体现德主刑辅的基本方针。唐初修订法律，死刑罪的数量减少近 一半。另一方面，通过制度建设，严格死刑案件的审核程序。贞观年间，为慎重死刑判决，先后形成死刑案件“九卿共议”制、多次覆奏制。后世著名的死刑案件“九卿会审”制，于此发端。“德礼为政教之本，刑罚为政教之用”既是唐朝制定法律的重要原则，也是唐朝所实施的国家治理的重要方针，体现了西汉以来儒法合流、道德法律共同治理的基本模式。这一原则的有效实施，推进了“贞观之治”“开元之治”的形成，影响了唐以后历代王朝政治法律制度，并构成中华民族独具特色的治国理政方式的核心内涵。"
30,民国时期的宪法性文件,"民国时期常被视为“宪法性文件”（具有临时宪法、约法、宪法或宪制纲领性质、实际起到宪法作用）的主要文本，大体可按时间线列举如下（含常见别称）：

1. **《中华民国临时约法》**（1912）  
   南京临时政府时期制定，确立共和政体与基本权利框架。

2. **《中华民国约法》**（1914）  
   又称“袁记约法”，袁世凯主导，强化总统权力，取代1912年临时约法。

3. **《中华民国宪法》**（1923）  
   又称“曹锟宪法”，形式上为正式宪法，但在军阀政治下实施效果有限。

4. **《中华民国国民政府组织法》**（1928）  
   国民政府建立后用于组织国家政权的根本性法律之一，具有宪制性功能。

5. **《训政时期约法》**（1931）  
   国民党“训政”阶段的宪制安排，规定党国体制下的国家结构与权力运行。

6. **《中华民国宪法》**（1946通过，1947施行）  
   通常称“1947年宪法”（或“民国宪法”），在形式与体系上最接近现代意义的成文宪法。

如果你需要“民国时期”按**北洋政府时期/国民政府时期**分别归类，或想要每部文件的**制定背景、核心制度（总统制/内阁制/五权宪法等）、实施与废止过程**，我也可以按你的用途（考试/论文/普及）整理成对照表。",一、《中华民国训政时期约法》二、“五五宪草”三、1947年《中华民国宪法》
65,证据的概念种类,"**证据**：指能够证明案件事实、用来认定案件事实的材料（信息载体），必须具备**客观性、关联性、合法性**，并经法定程序查证属实后才能作为定案依据。

## 一、证据的主要种类（以我国诉讼法通行分类）
1. **物证**：以物的外形、特征、状态等证明事实（如凶器、指纹、衣物、现场遗留物）。  
2. **书证**：以文字、符号、图表等记载内容证明事实（如合同、借条、聊天记录打印件、账册）。  
3. **证人证言**：证人就其所见所闻作出的陈述。  
4. **当事人陈述**：当事人对案件事实的陈述与解释（民事/行政中常见；刑事中也包括被告人供述与辩解）。  
5. **鉴定意见**：鉴定人运用专门知识作出的结论（如法医鉴定、笔迹鉴定、DNA鉴定、价格评估）。  
6. **勘验、检查、辨认、侦查实验等笔录**：对现场、物品、人体等进行法定活动形成的记录。  
7. **视听资料**：录音、录像等（如监控视频、录音取证）。  
8. **电子数据**：以电子形式存在的信息（如微信聊天记录原始数据、电子邮件、服务器日志、定位数据、电子合同）。

> 实务中常把“视听资料”和“电子数据”并列；有的场景下二者边界会交叉，但法律上通常分别列为证据种类。

## 二、常见的其他分类方式（理解用）
- **直接证据 / 间接证据**：能否直接证明待证事实。  
- **原始证据 / 传来证据**：是否为第一手来源（如原件/原始载体 vs 复印件/转述）。  
- **言词证据 / 实物证据**：以人的陈述为主 vs 以物/记录为主。  

如果你是想了解**刑事、民事还是行政**中的“证据种类”，我也可以按对应程序把要点和举例再对齐说明。",证据是诉讼的核心与灵魂，是认定案件事实的依据。刑事诉讼证据不同于日常生活中的证据，它有着特定的内沿、范匝和要求。我国《刑事诉讼法》第50条规定：“可以用于证明案件事实的材料，都是证据。证证据的种类，也称证据的法定形式，是指法律规定的证据的不同表现形式。《刑事诉讼法》第50条第2款通过列举方式规定了刑事证据的八个种类，分别为：1)物证；2)书证；3)证人证言；4)被害人陈述；5)犯罪辣疑人、被告入供述和辩解；6)鉴定意见；7)勘验、检查、辨认、侦查实验等笔录；8)视听资料、电子数据。
68,不起诉的种类和适用条件（P279-281）,"下面按我国《刑事诉讼法》及检察实务中常见分类，概括“不起诉的种类”和“适用条件”（对应教材常见的 P279-281 内容框架）：

## 一、不起诉的种类
通常分为三类：
1. **法定不起诉（绝对不起诉）**
2. **酌定不起诉（相对不起诉）**
3. **证据不足不起诉（存疑不起诉）**

（有的教材还会把“附条件不起诉”单列，但它本质上属于检察机关在特定对象、特定案件中的一种制度安排，下面一并说明。）

---

## 二、各类不起诉的适用条件

### 1）法定不起诉（绝对不起诉）
**核心：依法不应追究刑事责任。**  
适用情形一般包括（常见归纳）：
- **情节显著轻微、危害不大，不认为是犯罪**；
- **犯罪已过追诉时效期限**；
- **经特赦令免除刑罚**；
- **依照刑法告诉才处理的犯罪，没有告诉或者撤回告诉**；
- **犯罪嫌疑人、被告人死亡**；
- **其他法律规定免予追究刑事责任的情形**。

> 结论：只要属于上述法定情形之一，检察机关应当作出不起诉决定。

---

### 2）酌定不起诉（相对不起诉）
**核心：构成犯罪，但依法可以不追究刑事责任（可不起诉）。**  
一般适用条件（常见表述）：
- **犯罪事实已经查清，证据确实、充分**（达到起诉证明标准）；
- **依法应当认定构成犯罪**；
- 但符合刑法规定的**“可以免除刑事处罚”**等情形，且综合考虑认为**不需要判处刑罚或可不经起诉实现刑事政策目的**（如犯罪情节轻微、悔罪表现好、赔偿谅解、社会危害性不大等）。

> 关键点：不是“没罪”，而是“有罪但可不诉”。

---

### 3）证据不足不起诉（存疑不起诉）
**核心：达不到起诉条件。**  
适用条件：
- **现有证据不能达到“事实清楚、证据确实充分”**的起诉标准；
- 经补充侦查等措施后，仍然**不能排除合理怀疑**，不符合起诉条件。

> 关键点：不是确认无罪，而是证据达不到起诉证明标准。

---

## 三、（如教材涉及）附条件不起诉（多见于未成年人案件）
若你教材把它也写在“不起诉种类”里，一般要点是：
- **对象**：多为**未成年人**涉嫌犯罪；
- **条件**：符合一定罪名/刑期范围、悔罪表现、监护帮教条件等；
- **程序结果**：在考验期内遵守规定、完成考察教育的，期满作出不起诉；违反条件的，可能起诉。

---

如果你把教材对“不起诉”这几页的目录小标题或拍照发我（P279-281），我可以按你那本书的表述逐条对齐整理成“背诵版要点”。",根据《刑事诉讼法》的规定，我国不起诉的种类包括法定不起诉、酌定不起诉、证据不足不起诉和特殊的栽朵不起诉，其适用条件各不相同。（一）法定不起诉法定不起诉，又称绝对不起诉，是指人民检察院对于公安机关或者监察机关移送起诉的案件，发现犯罪嫌疑人没有犯罪事实，或者符合《刑事诉讼法》第16条规定的情形之一的，应当作出的不起诉决定。在这种情况下，人民检察院没有追诉权，或者已经丧失了追诉权，或者缺乏诉讼条件，因此不能进行起诉裁量，而必须经检察长批准，依法作出不起诉决定。《刑事诉讼法》第177条第1款规定：＂犯罪嫌疑人没有犯罪事实，或者有本法第十六条规定的情形之一的，人民检察院应当作出不起诉决定。”据此，法定不起诉适用于以下七种情形： 1)犯罪嫌疑人没有犯罪事实的； 2)情节显著轻微、危害不大，不认为是犯罪的；3)犯罪巳过追诉时效期限的，4)经特赦令免除刑罚的； 5)依照刑法告诉才处理的犯罪，没有告诉或者撤回告诉的；(6)犯罪嫌疑人、被告人死亡的；7)其他法律规定免予追究刑事责任的。(二)酌定不起诉酌定不起诉，又称相对不起诉，是指人民检察院经审查认为犯罪嫌疑人的行为虽然构成犯罪，但情节轻微，依照刑法规定不需要判处刑罚或者免除刑罚的，可以作出的不起诉决定。在这种情况下，人民检察院被赋予了根据刑事政策和公共利益裁量决定如何处理的权力，既可以提起公诉，也可以不提起公诉。《刑事诉讼法》第177条第2款规定：“对于犯罪情节轻微，依照刑法规定不需要判处刑罚或者免除刑罚的，人民检察院可以作出不起诉决定。”据此，酌定不起诉的适用必须同时具备以下两个条件：一是人民检察院认为犯罪嫌疑人的行为符合刑法规定的犯罪构成要件，已经构成犯罪，应当负刑事责任。二是犯罪情节轻微，依照刑法规定不需要判处刑罚或者免除刑罚。其中，“刑法规定不需要判处刑罚”的情况，主要是指《刑法》第37条规定的“对于犯罪情节轻微不需要判处刑罚的，可以免予刑事处罚”的情形。《刑法》规定“免除刑罚”的情况则主要包括以下几种：(1)在我国领域外犯罪，依照我国刑法应当负刑事责任，但在国外已经受过刑事处罚的；(2)犯罪嫌疑人又聋又哑，或者是盲人的；(3)犯罪嫌疑人因防卫过当而犯罪的；(4)犯罪嫌疑人因避险过当而犯罪的；(5)为犯罪准备工具、制造条件的；(6)在犯罪过程中自动放弃犯罪或者自动有效防止犯罪结果发生，没有造成损害的；(7)在共同犯罪中，起次要或者辅助作用的；(8)被胁迫参加犯罪的；(9)犯罪嫌疑人自首且犯罪较轻的，或者有重大立功表现的。当然，实践中，当犯罪嫌疑人具有上述情形之一时，人民检察院还应当结合“犯罪情节轻微”的条件综合分析是否需要对犯罪嫌疑人作出不起诉的决定。而对“犯罪情节轻微”的判断应主要参照犯罪嫌疑人的年龄、一贯表现、犯罪动机和目的、犯罪手段、危害后果以及悔罪态度等方面作出。酌定不起诉是起诉便宜主义在我国刑事诉讼中的体现。在诉讼学理上，存在起诉法定主义与起诉便宜主义两种不同的刑事起诉原则。起诉法定主义，是指检察院等法律规定享有起诉权的国家专门机关如认为刑事案件具备起诉的条件，就必须向法院提起公诉，而不能根据案件的具体情况自行斟酌处理。起诉便宜主义与起诉法定主义相对应，又称为起诉裁量主义，是指检察院等法律规定享有起诉权的国家专门机关对于具备起诉条件的犯罪，并非一律要提起公诉，而可以根据案件具体情况进行利害权衡以后，再裁量决定起诉或者不起诉。起诉法定主义是有罪必罚的刑罚报应论思想在刑事诉讼中的体现，较为重视刑事追诉的统一性和公平性；起诉便宜主义则是注重特别预防的目的刑罚理论在刑事诉讼中的体现，较为重视刑事追诉的合目的性和合理性。据此不难理解，酌定不起诉的合理适用对于贯彻宽严相济的刑事司法政策，教育挽救犯罪嫌疑人，节约诉讼资源，以及稳定社会秩序，都具有重要的意义。当然，如果制约不足，出现起诉裁撞权的滥用，其危害也是很大的，因此，酌定不起诉要经检察长批准。 （三）证据不足不起诉 证据不足不起诉，又称存疑不起诉，是指人民检察院对于经过两次补充侦查或者补充调查的案件，仍然认为证据不足，不符合起诉条件的，经检察长批准，依法作出的不起诉决定。《刑事诉讼法》第175条第4款规定：“对于二次补充侦查的案件，人民检察院仍然认为证据不足，不符合起诉条件的，应当作出不起诉的决定。”这种不起诉的前提条件是必须经过了两次补充侦查或者补充调查。没有经过补充侦查或者补充调查的案件，不能直接作出这种不起诉决定；经过一次补充侦查或者补充调查，人民检察院仍然认为证据不足，不符合起诉条件，且没有再次退回补充侦查或者补充调查必要的，经检察长批准，可以作出不起诉决定。最高人民检察院《规则》第368 条规定：“具有下列情形之一，不能确定犯罪嫌疑人构成犯罪和需要追究刑事责任的，腐于证据不足，不符合起诉条件：（一）犯罪构成要件事实缺乏必要的证据予以证明的； （二）据以定罪的证据存在疑问，无法查证属实的； （三）据以定罪的证据之间、证据与案件事实之间的矛盾不能合理排除的； （四）根据证据得出的结论具有其他可能性，不能排除合理怀疑的； （五）根据证据认定案件事实不符合逻辑和经验法则，得出的结论明显不符合常理的。“第369条规定，人民检察院认为证据不足决定不起诉的，在发现新的证据，符合起诉条件时，可以提起公诉。 （四）特殊的栽量不起诉《刑事诉讼法》第182条第1款规定：＂犯罪嫌疑人自愿如实供述涉嫌犯罪的事实，有重大立功或者案件涉及国家重大利益的，经最高人民检察院核准．．．人民检察院可以作出不起诉决定，也可以对涉嫌数罪中的一项或者多项不起诉。”据此，检察机关栽昼不起诉的权力扩展到了重罪案件，这就在一定程度上改变了我国传统上以起诉法定主义为主、轻罪案件才适当兼采起诉便宜主义的审查起诉原则，为宽严相济刑事政策的适用提供了更为广阔的空间。
66,刑事拘留的概念和特征（P189）,"**刑事拘留**：是指公安机关、人民检察院在侦查过程中，对**现行犯或者重大嫌疑分子**在法定紧急情形下，依法采取的**临时剥夺人身自由**的强制措施，目的是防止其逃跑、毁灭证据、继续犯罪等，并为后续决定是否逮捕争取时间。

## 一、刑事拘留的特征
1. **紧急性**  
   仅适用于法律规定的紧急情形（如现行犯、重大嫌疑且有逃跑/毁证/串供等现实危险）。

2. **临时性（过渡性）**  
   属于短期控制措施，通常是为后续**提请批准逮捕**或**变更/解除强制措施**作准备，不是最终处理。

3. **强制性（剥夺人身自由）**  
   直接限制人身自由，强制力度高于取保候审、监视居住。

4. **侦查性（程序阶段特定）**  
   主要发生在**侦查阶段**，服务于侦查取证与控制风险。

5. **法定性（严格条件与程序）**  
   适用对象、情形、决定机关、执行机关、期限及通知等均由法律明确规定，必须依法进行。

6. **适用对象特定**  
   针对**现行犯**或**重大嫌疑分子**，并非对所有犯罪嫌疑人都可适用。

如果你说的“P189”来自某本教材/讲义，我也可以按该书的表述帮你整理成“教材版要点”，你把书名或拍一张该页内容发我即可。",刑事拘留，一般是指公安机关、人民检察院在遇到法定的紧急情况时，依法临时剥夺某些现行犯或者重大嫌疑分子人身自由的一种强制措施。刑事拘留具有以下特征：l.适用主体具有特定性拘留是对犯罪嫌疑人人身自由的一种剥夺，属于比较严厉的强制措施，因而《刑事诉讼法》规定，只有公安机关、人民检察院等对刑事案件拥有侦查权的专门机关才能决定适用拘留，其他任何机关（包括人民法院）、社会团体和个人都无权决定和执行拘留。 2.适用对象具有特定性拘留是一种临时剥夺犯罪嫌疑人人身自由的强制措施，针对的是现行犯或重大嫌疑分子，或法定的紧急情况，除此之外不得适用拘留。即使犯罪嫌疑人罪该逮捕，只要不是现行犯或重大嫌疑分子，或法定的紧急情况，也无须适用拘留。换言之，拘留并非逮捕的前置程序。3.适用期限具有临时性拘留针对符合法定情形的现行犯或重大嫌疑分子而设，因而其只能临时地、在短时间内剥夺犯罪嫌疑人的人身自由，一旦紧急情况消失，就应当解除拘留或变更为其他强制措施。因此，拘留的期限一般较短，只有3日。
67,侦查的概念和特征（P235-237）,"下面按“概念 + 特征”整理（对应你标注的 P235-237 常见教材表述口径）：

## 一、侦查的概念
侦查，是指**侦查机关**为了**查明犯罪事实、查获犯罪嫌疑人**，依照法律规定，采取侦查措施和强制措施，**收集、固定证据**并为提请批准逮捕、移送审查起诉等诉讼活动作准备的**刑事诉讼活动**。

要点抓取：主体（侦查机关）+ 目的（查明事实、抓人）+ 手段（侦查/强制措施）+ 内容（收集固定证据）+ 性质（刑事诉讼活动）。

## 二、侦查的特征
1. **法定性（依法性）**  
   侦查必须严格依照法律规定的权限、程序和条件进行；侦查措施、强制措施的适用有明确法定依据与限制。

2. **专门机关主导性（主体特定）**  
   侦查一般由具有侦查权的专门机关依法进行（如公安机关、国家安全机关、检察机关在法定范围内等），其他机关或个人不得擅自行使侦查权。

3. **强制性（权力性）**  
   侦查活动往往伴随对人身、财产、通信等权利的限制或剥夺，具有明显的国家强制力色彩（如拘传、取保候审/监视居住、拘留、逮捕、搜查、扣押等）。

4. **秘密性（隐蔽性）**  
   为防止串供、毁灭证据、逃跑等，侦查在一定范围内具有不公开性，许多措施以隐蔽方式进行，但仍受法律程序约束。

5. **及时性（紧迫性）**  
   犯罪证据易灭失、嫌疑人易逃匿，侦查强调迅速反应、及时取证与控制风险。

6. **阶段性与承前启后性（诉讼衔接性）**  
   侦查是刑事诉讼的前置/基础阶段，为审查起诉和审判提供事实与证据基础，并对后续程序走向产生重要影响。

如果你把教材的书名/版本或这几页的照片发我，我可以按该教材原文口径再“逐条对照”整理成更贴近考试答案的表述。",《刑事诉讼法》第108条第1项明确规定，侦查是指公安机关、人民检察院对于刑事案件，依照法律进行的收集证据、查明案情的工作和有关的强制性措施。在我国，侦查是全部刑事诉讼程序中的一个独立诉讼阶段，在刑事诉讼中具有非常重要的地位，是国家专门机关同犯罪作斗争的强有力的手段。刑事案件立案以后，为查明案情、查获犯罪嫌疑人，侦查机关必须依法开展侦查活动，收棠确实、充分的证明犯罪嫌疑人有罪或者无罪、罪重或者罪轻的各种证据材料，为检察机关提起公诉和人民法院进行审判做好充分的准备和奠定坚实的基础。侦查具有以下特征：（一）车有侦查权的主体具有特定性 侦查权的行使直接关系国家安全、社会稳定和公民合法权益，因此，法律对行使侦查权的主体作了明确规定。《刑事诉讼法》第108条第1项规定：``｀侦查＇是指公安机关、人民检察院对于刑事案件，依照法律进行的收集证据、查明案情的工作和有关的强制性措施。”由此可见，公安机关和人民检察院是我国刑事诉讼中的侦查主体。此外，《刑事诉讼法》第4条规定：“国家安全机关依照法律规定，办理危害国家安全的刑事案件，行使与公安机关相同的职权。“第308条第1-3款又规定：“军队保卫部门对军队内部发生的刑事案件行使侦查权。中国海菩局履行海上维权执法职责，对海上发生的刑事案件行使侦查权。对罪犯在监狱内犯罪的案件由监狱进行侦查。”由此可见，我国享有侦查权的机关有公安机关、人民检察院、国家安全机关、军队保卫部门、中国海智局和监狱，除此以外，其他任何机关、团体和个入都无权行使侦查权。(二)侦查活动的内容具有特定性侦查活动的内容，根据法律规定，是收集证据、查明案情的工作和采取有关的强制性措施。收集证据、查明案情的工作是指《刑事诉讼法》规定的讯问犯罪嫌疑人，询问证人，勘验，检查，搜查，扣押物证、书证，鉴定，以及通缉等活动。应当注意的是，这种收集证据、查明案情的工作，与人民法院在庭审过程中调查核实证据时，依照《刑事诉讼法》的有关规定进行的勘验、检查、扣押、鉴定和查询、冻结等活动，具有截然不同的法律性质，后者属于审判中的收集证据、查明案情的活动，而不属于侦查活动的范畴。有关的强制性措施，则是指为保证收集证据、查明案情工作顺利进行，侦查机关在必要时采取的诸如强制搜查、强制扣押等强制性方法，以及为防止犯罪嫌疑人逃跑、毁灭罪证、串供等而采取的限制或剥夺其人身自由的强制性措施，如拘传、取保候审、监视居住、拘留和逮捕。(三)侦查权的行使具有合法性为了实现侦查的目的，保证侦查机关能够发现和收集与案件有关的各种证据，查明案件事实，查获犯罪嫌疑人，防止其继续犯罪或逃避侦查、起诉或审判，保障诉讼活动的顺利进行，我国《刑事诉讼法》对侦查的主体、侦查的内容和方式以及侦查的程序都作了严格的规定。同时，由于侦查是以国家强制力为后盾的，每一项侦查活动的开展都不同程度地带有强制性，稍有违法，便会侵犯公民的合法权益，故而侦查机关在行使侦查权、进行侦查活动时，只有严格遵守法律规定，客观、全面地收集证据，查明案件事实，充分保护公民的合法权益不受侵犯，才能更好地实现刑事诉讼法的目的和完成刑事诉讼法所赋予的侦查任务。(四)侦查程序的性质具有双重性关于侦查程序的性质，大陆法系一直存在“行政程序说”和“司法程序说”两种观点。前者认为，侦查程序在相当程度上具有不同于司法程序的特点：它不容易受到法律的约束，其本质上是行政程序，在侦查行为的效果上，它首要考虑的不是合法性而是合目的性；同时，侦查行为实施的主动性有别于司法的被动性要求。后者则认为，侦查程序虽然不能与审判程序等量齐观，但考虑到对侦查程序的法律约束的要求以及保障公民人权的需要，它可以被视为一种准司法过程，即在对侦查程序进行设计时必须考虑到对公安机关、人民检察院、人民法院侦查行为的实施予以限制，对公民的权利给予保障和赋予其相应的救济手段。上述两种观点从不同的角度对侦查的特征进行了分析。本书认为，侦查程序兼具行政性和司法性两种特征：侦查程序的行政性主要表现为侦查程序的职权性和裁量性，即侦查机关有权在法律规定的范围内依据职权主动侦查，并享有广泛的自由裁量权；侦查程序的司法性主要表现为侦查行为必须做到客观、公正，并且受到法律的严格约束，因此侦查行为本身还应当受到诉讼内或诉讼外的事后审查。
71,未成年人犯罪庭审程序（P400、401）,"我目前看不到你说的教材/讲义第 **P400、P401** 的具体内容，所以没法逐字对应那两页来整理。但我可以先把**我国未成年人犯罪案件的庭审程序要点**按“庭前—开庭—庭后”梳理出来；你把 **P400、P401** 拍照/截图发我后，我再按那两页的表述帮你做**逐条对照版笔记**。

---

## 一、庭前程序（开庭前的特别要求）
1. **确定适用未成年人案件程序**  
   被告人犯罪时未满18周岁的，原则上适用未成年人刑事案件特别程序。

2. **合适成年人到场/通知**  
   一般应通知未成年被告人的**法定代理人**到庭；必要时可通知**合适成年人**（如近亲属、学校老师、社区工作人员等）到场参与。

3. **辩护保障（强制辩护常见）**  
   未成年人案件通常更强调辩护权保障；符合条件的应当通知法律援助或确保辩护人到庭。

4. **社会调查/背景材料准备**（实践中常见）  
   可能会有社会调查报告、成长经历、监护教育情况等材料，为量刑与教育矫治提供依据。

5. **不公开审理的准备**  
   未成年人刑事案件一般**不公开审理**（涉及国家秘密等另有规则），庭前会做好旁听限制、信息保护等安排。

---

## 二、开庭审理程序（庭审中的核心环节与特殊规则）
1. **宣布开庭与身份核对**  
   审判人员入庭、核对被告人身份、告知诉讼权利义务。对未成年人会更强调“听得懂、能理解”。

2. **法定代理人/合适成年人在场参与**  
   其可就事实、证据、量刑、教育矫治等发表意见；法庭也会听取其对监护、帮教的态度与方案。

3. **法庭调查（举证、质证）**  
   - 围绕犯罪事实、证据进行调查。  
   - 对未成年人讯问通常更注重方式方法，避免诱导、威吓等不当方式。  
   - 可能会调查与量刑密切相关的内容：家庭监护、学校表现、心理状况、是否初犯偶犯等。

4. **法庭辩论**  
   公诉人发表公诉意见，辩护人辩护，被告人最后陈述。未成年人最后陈述一般会引导其表达真实认识与悔罪态度。

5. **教育、感化、挽救原则的体现**  
   庭审中会更突出对未成年人的法庭教育，强调矫治与回归社会。

---

## 三、庭后程序（宣判与后续保护）
1. **宣判与释法说理**  
   可当庭宣判或择期宣判；对未成年人通常会加强释法说理与教育告诫。

2. **记录封存（犯罪记录封存制度）**  
   符合条件的未成年人犯罪记录依法封存，避免其升学、就业等受到不当影响（依法可查询的情形除外）。

3. **帮教与矫治衔接**  
   可能涉及社区矫正、专门教育、家庭监护指导、心理辅导等衔接措施。

---

## 你把P400、P401发我后，我可以做什么
- 按那两页的标题/小点，整理成**“原文要点—关键词—易考点”**  
- 如果是考试复习：再补一份**简答题模板**（如“未成年人庭审程序的特殊规则有哪些？”）

你方便把 **P400、P401** 的照片或文字发来吗？我会按页码逐条整理。",根据《刑事诉讼法》及最高人民法院《解释》第二十二章的规定，审理未成年人刑事案件应注意以下几点：l.专设席位及禁用戒具 人民法院应当在辩护台靠近旁听区一侧为未成年被告人的法定代理人或者《刑事诉讼法》第281条第1款规定的其他成年亲屈、代表设过席位。在法庭上不得对未成年被告入使用戒具，但被告人人身危险性大，可能妨碍庭审活动的除外。必须使用戒具的，在现实危险消除后，应当立即停止使用。 2.贯彻不公开审理原则 开庭审理时被告人不满18周岁的案件，一律不公开审理。经未成年被告人及其法定代理入同意，未成年被告人所在学校和未成年人保护组织可以派代表到场。到场代表的人数和范围，由法庭决定。到场代表经法庭同意，可以参与对未成年被告人的法庭教育工作。对依法公开审理，但可能需要封存犯罪记录的案件，不得组织人员旁听。 3.注重证人保护及特殊质证方法确有必要通知未成年被害人、证人出庭作证的，人民法院应当根据案件情况采取相应的保护措施。有条件的，可以采取视频等方式对其陈述、证言进行质证。 4. 选择适当的审理方式 未成年被告人在法庭上可以坐着接受法庭调查、讯问，但在回答审判人员的第三节未成年人刑事案件的具体诉讼程序提问、宣判时应当起立。法庭审理时，审判入员应当注意未成年被告人的智力发育程度和心理状态，要态度严肃、和蔼，用语准确、通俗易懂。发现有对未成年被告入诱供、训斥、讽刺或者威胁的情形时，应当及时制止。休庭时，可以允许法定代理人或者其他成年近亲属、教师等人员会见被告人。 5.调查报告及世刑相关材料的出示及调查控辩双方提出对未成年被告人判处管制、宣告缓刑等抵刑建议和盐刑意见的，应当向法庭提供有关未成年被告人能够获得监护、帮教以及对所居住社区无重大不良影响的书面材料。对未成年被告人情况的调查报告，以及辩护人提交的有关未成年被告人情况的书面材料，法庭应当审查并听取控辩双方意见。上述报告和材料可以作为法庭教育和撮刑的参考。
69,第二审案件的审判原则（P329）,"第二审案件（上诉、抗诉案件）的审判原则通常概括为以下几项（对应教材常见表述）：

1. **上诉不加刑原则**  
   仅有被告人一方上诉的，二审不得加重被告人的刑罚（包括主刑、附加刑及其他不利处理）。  
   例外通常包括：检察院抗诉、被害人提出刑事附带民事上诉等情形下，二审可依法改判。

2. **全面审查原则（既审事实也审法律）**  
   二审法院对一审判决、裁定认定事实和适用法律是否正确、程序是否合法进行全面审查；必要时可以调查核实证据、开庭审理。

3. **不开庭为原则、开庭为例外（但法定情形应开庭）**  
   二审一般可以书面审理；但对事实、证据争议较大，可能改判，或者检察院抗诉等法定情形，通常应当开庭审理（以法律规定为准）。

4. **不告不理与审查范围规则（以请求为主、必要时可扩展）**  
   二审审查通常围绕上诉、抗诉的范围和理由进行；但对一审判决、裁定中确有错误的部分，二审也可以依法一并纠正（尤其涉及定罪量刑、程序违法等）。

如果你说的“P329”是某一本教材/讲义的页码，请把书名或该页的标题/截图发我，我可以按你那本书的表述逐条对应整理。",第二审程序具有不同于第一审程序的任务、功能和特点。因此，第二审人民法院审判上诉或抗诉案件，应当遵循三项原则，即全面审查原则、开庭审理原则、上诉不加刑原则。
64,回避的理由（P100-103）,"「回避的理由（P100–103）」だけだと、どの本／資料のどの章を指しているか特定できないため、そのページ内容に沿って答えられません。

次のどれかを教えてください（可能なら写真でも可）：
1) 書名・著者名（または資料名）  
2) 版（初版／改訂版など）  
3) P100–103の該当箇所の本文（コピペ）またはページ画像  
4) 何を求めているか（要約／用語の説明／設問の解答／レポート用の整理 など）

情報をもらえれば、その「回避的理由」をページ内容に即して要点整理（箇条書き）でまとめます。",（一）诉讼回避根据《刑事诉讼法》第29条、第30条的规定和相关司法解释，回避的法定事由包括以下几种情形：第一，是本案的当事人或者是当事人的近亲屈的。根据《刑事诉讼法》第108条的规定，这里的“当事人”是指本案的”被害人、自诉人、犯罪嫌疑人、被告人、附带民事诉讼的原告人和被告人＂。同样，根据《刑事诉讼法》第108条的规定，这里的“近亲属”是指“夫、妻、父、母、子、女、同胞兄弟姊妹＂。需要注意的是，有关司法解释对“近亲属＂的概念作了扩大解释，即审判人员是本案的当事人或者与当事人有直系血亲、三代以内旁系血亲及姻亲关系的，都应当回避。审判人员与本案的诉讼代理人、辩护人有夫妻、父母、子女或者同胞兄弟姐妹关系的，也应当回避。虽然上述扩大解释仅系最高人民法院针对审判人员作出的，但本书认为其内容既然具有合理性，当然就应当类推适用于检察人员和侦查人员。第二，本人或者其近亲属和本案有利害关系的。本入或者其近亲属虽非本案当事人，但如果与本案有某种利害关系，也可能产生利益牵连，进而影响案件的公正处理。因此，具备这一情形的司法工作人员也应当回避。第三，担任过本案证人、鉴定人、辩护人或者诉讼代理人的。证人、鉴定人、辩护入、诉讼代理人等诉讼角色具有唯一性和排他性，一旦担任过本案的证人、鉴定人、辩护人或者诉讼代理人，即不应再担任本案的审判人员、检察人员、侦查人员等角色。否则，角色冲突可能导致先人为主或利益牵连，进而影响案件的公正处理。第四，与本案当事人有其他关系，可能影响案件公正处理的。该项规定属于兜底条款，即审判人员、检察人员、侦查入员等如果与本案当事人存在着上述三种情形之外的“其他关系”，如曾经的同学、师生、恋入关系等，”可能影响案件公正处理的＂，也应当回避。但要注意的是，从法解释的角度讲，该项规定的“其他关系”与“可能影响案件公正处理”之间是并列关系。这意味着，当事人及其法定代理人、辩护人、诉讼代理人以该项理由申请回避时，不仅需要证明审判人员、检察人员、侦查人员等与本案当事人存在“其他关系”，还必须证明这种关系”可能影响案件公正处理”。第五，违反规定会见当事人及其委托代理人或者接受其请客送礼的。《刑事诉讼法》第30条规定：＂审判人员、检察人员、侦查人员不得接受当事人及其委托的人的请客送礼，不得违反规定会见当事人及其委托的人。审判人员、检察人员、侦查人员违反前款规定的，应当依法追究法律责任。当事人及其法定代理入有权要求他们回避。“根据这一规定及最高人民法院的相关司法解释，审判人员具有下列情形之一的，当事人及其法定代理人即有权要求其回避：1)违反规定会见本案当事人、辩护入、诉讼代理人的；2)为本案当事人推荐、介绍辩护人、诉讼代理入，或者为律师、其他人员介绍办理本案的；3)索取、接受本案当事人及其委托人的财物或者其他利益的；4)接受本案当事入及其委托人的宴谙，或者参加由其支付费用的活动的；5)向本案当事人及其委托人借用款物的；6) 有其他不正当行为，可能影响公正审判的。第六，在一个审判程序中参与过本案审判工作的合议庭组成人员或者独任审判员，不得再参与本案其他程序的审判；参与过本案调查、侦查、审查起诉工作的监察、侦查、检察人员，调至人民法院工作的，不得担任本案的审判人员；参加过同一案件侦查的人员，不得承办该案的审查逮捕、审查起诉、出庭支持公诉和诉讼监督工作，但在审查起诉阶段参加自行补充侦查的入员除外。《刑事诉讼法》第239条规定：“原审人民法院对于发回重新审判的案件，应当另行组成合议庭，依照第一审程序进行审判......”第256条规定：“人民法院按照审判监督程序重新审判的案件，由原审人民法院审理的，应当另行组成合议庭进行..…“根据上述规定，对于第二审法院经过第二审程序裁定发回重审的案件，原审法院负责审理此案的原合议庭组成人员应当回避，不得再参与对案件的审理；对于人民法院按照审判监督程序重新审判的案件，原来负责审判此案的合议庭组成人员也应当回避，不得再参与对该案的审理。在上述规定的基础上，最高人民法院《解释》第29条对此又作了扩大解释，即“在一个审判程序中参与过本案审判工作的合议庭组成人员或者独任审判员，不得再参与本案其他程序的审判＂。但是，发回重新审判的案件，在第一审人民法院作出栽判后又进入第二审程序、在法定刑以下判处刑罚的复核程序或者死刑复核程序的，原第二审程序、在法定刑以下判处刑罚的复核程序或者死刑复核程序中的合议庭组成人员不受上述规定的限制。据此，该项回避事由的适用扩大到整个审判程序（包括不同审级的审判程序），因此，在一个审判程序中参与过本案审判工作的审判人员，便不得再参与该案其他任何程序的审判工作。同理，最高人民检察院《规则》35条也规定：“参加过同一案件侦查的人员，不得承办该案的审查逮捕、审查起诉、出庭支持公诉和诉讼监督工作，但在审查起诉阶段参加自行补充侦查的人员除外。“此外，最高人民法院《解释》第29条第 款还规定：“参与过本案调查、侦查、审查起诉工作的监察、侦查、检察人员，调至人民法院工作的，不得担任本案的审判人员。”（二）任职回避 如果说诉讼回避制度的目的在于从个案处理上排除司法工作人员的利益牵涉，那么任职回避制度则旨在从司法工作的源头即职务上切断潜在的、可能的利益牵连。任职回避包括离任后的任职回避和现任内的任职回避。离任后的任职回避，是对曾经担任过审判人员和检察人员的人员，在其离任后从事律师（刑事辩护人或诉讼代理人）业务时设定的限制性规定。《法官法》36条第1、2款规定：“法官从人民法院离任后两年内，不得以律师身份担任诉讼代理人或者辩护人。法官从人民法院离任后，不得担任原任职法院办理案件的诉讼代理人或者辩护人，但是作为当事人的监护人或者近亲屈代理诉讼或者进行辩护的除外。”《检察官法》第37条第1、2款规定：＂检察官从人民检察院离任后两年内，不得以律师身份担任诉讼代理人或者辩护人。检察官从人民检察院离任后，不得担任原任职检察院办理案件的诉讼代理人或者辩护人，但是作为当事人的监护人或者近亲属代理诉讼或者进行辩护的除外。”《最高人民法院关于审判人员在诉讼活动中执行回避制度若干问题的规定》第8条进一步规定，审判入员及法院其他工作人员从人民法院离任后2年内，不得以律师身份担任诉讼代理人或者辩护人。审判人员及法院其他工作人员从人民法院离任后，不得担任原任职法院所审理案件的诉讼代理人或者辩护人，但是作为当事人的监护人或者近亲属代理诉讼或者进行辩护的除外。其中，“离任“包括退休、调离、解聘、辞职、辞退、开除等离开法院工作岗位的情形。“原任职法院”包括审判人员及法院其他工作人员曾任职的所有法院。现任内的任职回避，是对现任内的法官、检察官的配偶、子女或父母，在其从事律师（刑事辩护人或诉讼代理人）业务时设定的限制性规定。《最高人民法院关于审判人员在诉讼活动中执行回避制度若干问题的规定》第9条规定，审判人员及法院其他工作人员的配偶、子女或者父母不得担任其所任职法院审理案件的诉讼代理人或者辩护人。该司法解释将现任内任职回避的适用范刚扩大到法官的“父母”，并将“法官”的概念扩大解释为审判人员及法院其他工作人员。其中，所谓法院其他工作人员，是指审判人员以外的在编工作人员。根据《法官法》第24条和《检察官法》第25条的规定，法官的配偶、父母、子女在该法官所任职法院辖区内以律师身份担任诉讼代理人、辩护人，或者为诉讼案件当事人提供其他有偿法律服务的，该法官应当实行任职回避；检察官的配偶、父母、子女在该检察官所任职检察院辖区内以律师身份担任诉讼代理入、辩护人，或者为诉讼案件当事人提供其他有偿法律服务的，该检察官应当实行任职回避。
62,职权主义诉讼概念特征,"**职权主义诉讼**（也称“职权探知主义/职权进行主义”）是指在诉讼中，**法院（或审判机关）依职权主导诉讼进程与事实调查**，不完全依赖当事人的主张与举证来推动案件审理的一种诉讼模式。它常见于**大陆法系**国家的刑事诉讼、部分行政诉讼与家事案件等领域。

## 一、概念
在职权主义诉讼中，法院不仅是“裁判者”，还在一定程度上承担“调查者、推进者”的角色：  
- 依职权启动或推进程序；  
- 依职权调查证据、查明事实；  
- 依职权适用法律并作出裁判。  

## 二、主要特征
1. **法院主导诉讼程序**
   - 程序推进不以当事人申请为唯一前提，法院可依职权决定开庭、调查、调取证据、通知证人等。

2. **依职权调查取证、查明事实**
   - 法院对事实真相负有更强的查明责任，不完全受当事人举证范围限制（但通常仍有边界，如不得替代控辩基本职责等）。

3. **当事人处分权相对受限**
   - 当事人对诉讼标的、证据提出、程序进程的控制力较弱；撤诉、和解、认罪等处分行为往往需要审查或受限制。

4. **强调实体真实与公共利益**
   - 相比“当事人主义”更强调查明客观事实、实现实体公正，尤其在涉及国家追诉、公共秩序或弱者保护的案件中更突出。

5. **法官职权更强、审理更具“调查性”**
   - 法官可主动发问、组织质证、引导争点，庭审结构更偏向“法官调查—当事人参与”的模式。

6. **与辩论主义/对抗制相对**
   - 对抗制下由当事人主导举证与攻防，法官偏中立裁判；职权主义下法官更积极介入事实与证据层面。

如果你希望更贴合考试或论文写法，我也可以按**“概念—特征—优缺点—适用范围（刑诉/民诉/行诉）”**的结构再整理一版。你是要偏法学理论还是偏中国现行制度表述？",职权主义诉讼是以纠问式诉讼为主、以弹劾式诉讼为辅加以改造后创制的一种刑事诉讼构造，主要实行于近现代的法国、德国等大陆法系国家，1808《法国刑事诉讼法》和1877年《德国刑事诉讼法》的颁布标志着此种诉讼构造的诞生，此后随着时间的流转和社会的变化而不断加以完善。职权主义诉讼比较注重发挥警察机关、检察机关和审判机关在刑事诉讼中的职权作用，以更高效地发现案件真相，控制犯罪，保障人权。其主要特点如下：一是侦查机关（包括享有侦查职权的预审法官）主导着侦查活动的开展，负责收集证据，犯罪嫌疑人一方几乎不进行事实调查，而且，这些国家的法律制度也普遍不鼓励辩方律师与证人接触。侦查机关享有广泛的权力，不仅有权采取讯间被告人、询间证人、勘验、鉴定、侦查实验、对质和辨认等一般性侦查手段调查犯罪事实，而且可以实施逮捕、羁押、搜查、扣押、窃听、电子监控、邮检等一系列强制性或秘密性的侦查措施，且较少受到外来的限制，自由度大。如一般侦查手段基本上实行的是侦查机关系统内的自律性控制，只有那些对公民的基本权利造成重大限制的强制性或秘密性侦查措施才需要由法官批准。较之于强大的侦查机关，犯罪婕疑人处于相对较弱的状态，主要表现在：律师一般只能在侦查阶段的后期介入，且大都不能在警察讯问犯罪嫌疑人时在场；从事辩护性调查活动的空间缺乏，对于能够证明犯罪嫌疑人无罪或罪轻的证据材料，犯罪嫌疑入通常只能请求负责侦查的国家机关代为收集；犯罪嫌疑人尽管享有沉默权，但往往被科以忍受侦查人员讯问和调查的义务心羁押率较高，犯罪嫌疑人的保释权行使相对不够充分。二是提起公诉遴循较为严格的起诉法定主义原则，在案件证据足以证明犯罪事实成立的情况下，原则上检察机关就必须提起公诉。只有在犯罪情节轻微等少数的例外情况下，才可以基于公共利益的考虑对于是否提起公诉进行自由栽量。此外，提起公诉实行案卷移送主义，检察机关在向法院提交起诉书的同时，必须把侦查起诉时制作的卷宗材料以及获取的证据材料一并移送法院。三是法官始终扮演着法庭审理过程中的主角。职权主义诉讼奉行“职权调查”和“实体具实”的审判理念，法官负有查明案件客观真相的责任，为此可依职权积极主动地收集、调查一切有助于查明案情的证据，而不受控、辩双方所提供的证据材料的限制。《德国刑事诉讼法》第244条规定：“为了调查事实真相，法院应当依职权调查一切对裁判有意义的事实和证据。”《法国刑事诉讼法》310条也规定：＂审判长享有自行作出决定的权力，依此权力，审判长得本着荣誉与良心，采取其认为有利于查明事实真相的一切措施。在庭审过程中，审判长得传唤任何人；必要时，可以签发拘传票传唤任何人，并听取他们的陈述，或者根据庭审的进展情况，让受传唤人提交有利于查明事实真相的一切新的证据材料。”相应地，检察官与辩护方则处千受限制的从属地位，通常只能在法官对证据询查完毕后作一些补充性的提问，试图找出被遗涌的有利于己的信息点，或者强调已经由证人确认的某些特定要点，而且提问必须经过法官的批准。
63,我国刑事诉讼基本原则（P71-85）,"下面按“我国刑事诉讼法的基本原则”（常见教材约 P71–85 的范围）做一份可直接背诵/复习的提纲式整理。不同教材表述与编排略有差异，但核心内容基本一致。

---

## 1. 以事实为根据、以法律为准绳
- **含义**：办案必须查明案件事实，适用法律准确，反对主观臆断与“以言代法”。
- **要求**：证据裁判、依法定程序认定事实；法律适用统一、规范。

---

## 2. 适用法律一律平等
- **含义**：任何人不因身份、地位、职业、民族、性别、财产等差异而在法律适用上受区别对待。
- **体现**：同案同判、同罪同罚；程序权利保障平等。

---

## 3. 司法机关分工负责、互相配合、互相制约
- **主体**：公安机关（侦查）、人民检察院（批准逮捕/审查起诉/法律监督）、人民法院（审判）。
- **要点**：  
  - **分工负责**：各司其职。  
  - **互相配合**：为查明事实、正确适用法律协同。  
  - **互相制约**：防止权力滥用（如检察监督、法院审查、侦查合法性审查等）。

---

## 4. 人民法院、人民检察院依法独立行使审判权、检察权
- **含义**：依法独立，不受行政机关、社会团体和个人干涉。
- **注意**：独立行使的是“审判权/检察权”，不是“司法机关彼此不受制约”。

---

## 5. 依靠群众（并与专门机关相结合）
- **含义**：刑事诉讼活动要依靠人民群众支持与监督，同时由专门机关依法办理。
- **体现**：群众举报、见证、监督；法治宣传与社会治理协同。

---

## 6. 以审判为中心（审判中心主义/庭审实质化）
- **含义**：案件事实认定与证据裁判最终要经受法庭审理检验。
- **要求**：侦查、起诉围绕庭审需要；证人出庭、质证对抗、非法证据排除等机制强化。

---

## 7. 保障诉讼参与人依法享有诉讼权利
- **范围**：犯罪嫌疑人、被告人、被害人、自诉人、附带民事诉讼当事人、证人、鉴定人等。
- **核心**：知情权、申请权、辩护权、申诉控告权、回避权等依法保障。

---

## 8. 犯罪嫌疑人、被告人有权获得辩护
- **含义**：可自行辩护，也可委托辩护人；特定情形应当通知法律援助/指定辩护。
- **要点**：辩护权贯穿侦查、起诉、审判全过程；会见、阅卷、调查取证、发表辩护意见等。

---

## 9. 未经人民法院依法判决，不得确定有罪（无罪推定的制度表达）
- **含义**：在法院生效判决前，不得把嫌疑人/被告人当作“已定罪的人”对待。
- **配套规则**：疑罪从无、证据不足不起诉/宣告无罪；不得强迫自证其罪等理念相衔接。

---

## 10. 依法保障人权（尊重和保障人权）
- **含义**：刑事诉讼中对人身权、人格权、财产权等进行程序性保障。
- **体现**：强制措施法定与必要性审查、羁押期限控制、律师帮助、非法证据排除、救济与赔偿等。

---

## 11. 公开审判原则
- **含义**：法院审理案件一般应当公开，接受社会监督。
- **例外**：涉及国家秘密、个人隐私、未成年人犯罪等依法不公开；但**宣判一般应当公开**（依法例外除外）。

---

## 12. 使用本民族语言文字进行诉讼
- **含义**：少数民族聚居或多民族地区，诉讼应当使用当地通用语言文字；对不通晓者提供翻译。
- **目的**：保障诉讼权利的实质平等。

---

## 13. 侦查、检察、审判必须分工负责、互相配合、互相制约（与第3常合并记忆）
- 若教材将其单列，可按“三机关关系原则”单独背诵。

---

## 14. 追究犯罪与保障无罪的人不受追究相统一（惩罚犯罪与保障人权相结合）
- **含义**：既要有效打击犯罪，也要防止冤假错案，保障无辜者权利。
- **体现**：证据标准、程序正义、监督救济机制。

---

### 你如果要“按教材页码P71-85逐条对应”
把你教材的目录/该页的原则标题拍照或发文字（每条原则名称即可），我可以按你那本书的顺序与表述，做成“原文式背诵版 + 关键词默写版 + 典型考点/易混点”。","一、侦查权、检察权、审判权由专门机关依法行使原则 《刑事诉讼法》第3条第1款规定：“对刑事案件的侦查、拘留、执行速捕、预审，由公安机关负责。检察、批准逮捕、检察机关直接受理的案件的侦查、提起公诉，由人民检察院负责。审判由人民法院负责。除法律特别规定的以外，其他任何机关、团体和个人都无权行使这些权力。“第4条规定：“国家安全机关依照法律规定，办理危害国家安全的刑事案件，行使与公安机关相同的职权。“第308条第1、2、3款规定：“军队保卫部门对军队内部发生的刑事案件行使侦查权。中国海警局履行海上维权执法职责，对海上发生的刑事案件行使侦查权。对罪犯在监狱内犯罪的案件由监狱进行侦查。”上述规定确立了＂侦查权、检察权、审判权由专门机关依法行使原则”，简称“专门机关依法行使职权原则”。正确理解和严格遵守这一原则，需要注意以下基本要求：第一，侦查权、检察权、审判权由公安机关、人民检察院、人民法院分别行使，非法定主体不得行使上述权力。公安机关、人民检察院、入民法院是刑事诉讼中专门行使侦查权、检察权和审判权的机关，除法律特别规定的以外，其他任何机关、团体和个人都无权行使这些权力。这是维护刑事法治的要求，是职权法定原则的体现。由于刑事诉讼事关公民的生命与自由等基本权利，侦查权、检察权、审判权如果不赋予专门机关行使，就可能出现私设公堂和滥用私刑的现象。准确理解这一原则，还需要注意关于侦查权行使主体的特别规定。《刑事诉讼法》和最高人民法院、最高人民检察院、公安部、司法部、海关总署于1998年12月3日联合发布的《关于走私犯罪侦查机关办理走私犯罪案件适用刑事诉讼程序若干问题的通知》对行使侦查权的机关作了特别规定，包括：(1)国家安全机关负责危害国家安全刑事案件的侦查；(2)监狱负责罪犯在监狱内犯罪案件的侦查；(3)军队保卫部门负责军队内部发生的刑事案件的侦查；(4)海关走私犯罪侦查部门负责走私犯罪案件的侦查；(5)中国海警局负责海上发生的刑事案件的侦查。这些是由法律明确规定的，属于“法律特别规定的”情形。这里的“特别规定”只是针对侦查权而言的，对于检察权和审判权则没有任何特别规定。第二，公安机关、人民检察院、人民法院在刑事诉讼中必须依照法律规定行使侦查权、检察权和审判权。公安机关、人民检察院、人民法院在行使各自职权办理刑事案件的过程中，必须严格遵守法律规定的诉讼程序，只有严格依照法律规定行使侦查权、检察权和审判权，才能保证刑事诉讼既能完成惩治犯罪的任务，又能充分保障人权，防止出现侦查权、检察权和审判权的滥用现象。第三，公安机关、人民检察院、人民法院行使的侦查权、检察权和审判权具有国家权力的属性，这些权力均具有强制性。这些机关行使这些权力不受当事人及其他诉讼参与人意志的约束，任何公民和有关机关、团体及企事业单位均无权拒绝。第四，公安机关、人民检察院、人民法院在刑事诉讼中分别行使各自职权，不能相互代替或者超越本机关的职权。这一原则包含了诉讼职能分离的精神，是人类刑事司法制度的一大进步，改变了封建社会司法官集侦查、起诉和审判职能于一身的状况。公安机关作为侦查机关，检察机关作为侦查机关和公诉机关，不能行使带有裁判性质的权力；人民法院作为审判机关，只能行使审理和裁判权，不得实施追诉犯罪的活动。根据这一原则，不允许对刑事案件进行所谓的“联合办案”,不允许召开“三长会”、协调会。二、人民法院、人民检察院依法独立行使审判权、检察权原则《宪法》第131条规定：“人民法院依照法律规定独立行使审判权，不受行政机关、社会团体和个人的干涉。”第136条规定：“人民检察院依照法律规定独立行使检察权，不受行政机关、社会团体和个人的干涉。”《刑事诉讼法》第5条规定：“人民法院依照法律规定独立行使审判权，人民检察院依照法律规定独立行使检察权，不受行政机关、社会团体和个人的干涉。”上述规定确立了“人民法院、人民检察院依法独立行使审判权、检察权原则”。三、以事实为根据，以法律为准绳原则 《刑事诉讼法》第6条规定，“人民法院、人民检察院和公安机关进行刑事诉讼＂，“必须以事实为根据，以法律为准绳＂。上述规定确立了以事实为根据、以法律为准绳原则。这一原则是我国司法工作的经验总结，是刑事诉讼、民事诉讼和行政诉讼共同适用的基本原则。以事实为根据，以法律为准绳原则包含以下两个方面的内容：第一，以事实为根据，要求刑事诉讼活动必须查明案件的事实真相，对案件的处理必须建立在查清事实的基础之上。以事实为根据，是正确惩罚犯罪，防止冤假错案，保障无罪的人不受刑事追究的根本保证。一个人是否犯罪，罪轻还是罪重，必须以事实为根据。所谓“事实”，是指有证据证明且经查证属实的事实，要求对事实的认定必须以证据为基础，不能凭主观想象、推测、怀疑认定事实。在查清事实时，不仅要注意实体法的规定，还要注重程序法的要求，特别是证据法的重要作用。第二，以法律为准绳，要求刑事诉讼活动必须遵循法律规定进行，要在查明案件事实的基础之上，准确地适用法律。具体而言，是否立案，是否采取强制措施，是否侦查终结，是否提起公诉，判决有罪或者无罪，各种诉讼行为都必须依照法律规定进行。在实体上，应当依照《刑法》规定判定被追诉人是否有罪以及如何定罪科刑；在程序上，人民法院、人民检察院和公安机关的诉讼活动应当严格按照《刑事诉讼法》的规定进行，保证诉讼行为的合法性，切实保障诉讼参与人的合法权益。以事实为根据，以法律为准绳，是正确处理案件的两个方面，二者紧密联系，相辅相成，共同构成了对人民法院、人民检察院、公安机关进行刑事诉讼活动的要求。查明事实是前提，是基础和根据，如果事实没有查清，就无法准确适用法律；法律是标准、尺度，如果没有以法律为准绳，即便查明了事实，也无法准确地定罪量刑以有效实现国家刑罚权。只有将两者相结合，才能完成刑事诉讼的任务要求。四、依靠群众原则社会秩序的维护和人民群众的根本利益密切相关，为此，人民群众也有义务协助公安司法机关参与刑事诉讼。我国《刑事诉讼法》及相关法律解释对人民群众参与刑事诉讼有明确规定。《刑事诉讼法》第6条规定：“人民法院、人民检察院和公安机关进行刑事诉讼，必须依靠群众……”上述规定确立了依靠群众原则。依靠群众是人民司法的优良传统，是全过程人民民主在刑事诉讼中的具体体现，也是一项刑事诉讼基本原则。公安部《规定》第4条重申了公安机关必须贯彻这一原则：“公安机关进行刑事诉讼，必须依靠群众……”在立案和侦查阶段，第169条规定：“公安机关对于公民扭送、报案、控告、举报或者犯罪嫌疑人自动投案的，都应当立即接受，问明情况，并制作笔录，经核对无误后，由扭送人、报案人、控告人、举报人、投案人签名、捺指印。必要时，应当对接受过程录音录像。”第194条第1款规定：“公安机关开展勘验、检查、搜查、辨认、查封、扣押等侦查活动，应当邀请有关公民作为见证人。”人民检察院在刑事诉讼中也需要人民群众的协助，最高人民检察院《规则》第191条规定：“人民检察院在侦查过程中，应当及时询问证人，并且告知证人履行作证的权利和义务。人民检察院应当保证一切与案件有关或者了解案情的公民有客观充分地提供证据的条件，并为他们保守秘密。除特殊情况外，人民检察院可以吸收他们协助调查。“自2003年以来，最高入民检察院主导建立并施行了人民监督员制度，也体现了依靠群众原则。根据《人民检察院审查案件听证工作规定》，人民检察院办理审查逮捕案件、羁押必要性审查案件、拟不起诉案件、刑事申诉案件，经检察长批准，可以召开听证会。以听证方式审查案件，同样体现了依靠群众原则。在审判阶段，人民陪审员制度是运用群众智慧、实现司法民主的集中体现，直接反映了依靠群众原则。刑事诉讼是一个复杂的过程，在发现犯罪、收集证据、证实犯罪、定罪和显刑等环节，人民群众可以帮助公安司法机关及时、高效地进行诉讼活动。在实践中，对于很多案件的侦破，入民群众均提供了有效的线索；在案件的起诉和审判活动中，入民群众通过出庭作证等形式发挥了重要作用；在执行工作中，社区矫正等执行环节也离不开人民群众的参与。五、分工负责、互相配合、互相制约原则 《宪法》第140条规定：“人民法院、人民检察院和公安机关办理刑事案件，应当分工负责，互相配合，互相制约，以保证准确有效地执行法律。”《刑事诉讼法》第7条规定：“人民法院、人民检察院和公安机关进行刑事诉讼，应当分工负责，互相配合，互相制约，以保证准确有效地执行法律。”由此，分工负责、互相配合、互相制约成为调整刑事诉讼中人民法院、人民检察院、公安机关之间关系的基本准则，也是一项宪法性的刑事诉讼基本原则。六、人民检察院依法对刑事诉讼实行法律监督原则《刑事诉讼法》第8条规定：“人民检察院依法对刑事诉讼实行法律监督。”上述规定确立了人民检察院依法对刑事诉讼实行法律监督原则，简称检察监督原则。人民检察院依法对刑事诉讼实行法律监督，是由人民检察院的性质以及人民检察院在国家机关中的地位和作用决定的。根据《宪法》第134条的规定，人民检察院是国家的法律监督机关，其基本职责就是要监督国家法律的正确实施。刑事诉讼作为重要的国家活动，能否正确地实施国家法律，应成为人民检察院监督的范围。七、审判公开原则 （一）审判公开原则的含义和内容 审判公开原则是指人民法院审理案件和宣告判决，都公开进行，允许公民到法庭旁听，允许新闻记者采访和报道，即将法庭审判的全部过程，除休庭评议外，都公之于众。八、有权获得辩护原则 有权获得辩护原则是指犯罪嫌疑人、被告人有权获得辩护，人民法院、人民检察院、公安机关应当保障犯罪赚疑人、被告入获得辩护的一项基本原则。《宪法》第130 条规定”被告人有权获得辩护＂。《刑事诉讼法》第11 条规定；“......被告人有权获得辩护，人民法院有义务保证被告人获得辩护。”《刑事诉讼法》14条第1款再次强调了人民法院、人民检察院和公安机关应当保障犯罪嫌疑人、被告人依法享有的辩护权。因此，有权获得辩护原则是一项宪法性的刑事诉讼基本原则。人民法院、人民检察院和公安机关应当切实保障犯罪嫌疑人、被告人行使辩护权，不得以任何理由和借口加以限制或者剥夺。九、未经人民法院依法判决对任何人都不得确定有罪原则《刑事诉讼法》第12条规定：“未经人民法院依法判决，对任何人都不得确定有罪。＂该条确立了未经人民法院依法判决对任何人都不得确定有罪原则，它吸取了国际通行刑事诉讼基本原则“无罪推定原则”的基本精神。十、认罪认罚从宽原则（一）认罪认罚从宽原则的确立过程我国刑事法律一直坚持贯彻宽严相济的刑事政策。认罪认罚从宽原则是贯彻宽严相济刑事政策在实体法与程序法上的双监体现。"
70,提起审判监督程序的条件（P356）,"提起**审判监督程序（再审）**一般需符合以下条件（概括要点）：

1. **对象条件**  
   必须是已经发生法律效力的判决、裁定、调解书（通常指终审裁判或已生效文书）。

2. **事由条件（法定再审理由）**  
   需具备法定情形之一，例如：  
   - **有新的证据**足以推翻原判决、裁定；  
   - 原判决、裁定**认定事实的主要证据不足**、证据系伪造或未经质证等；  
   - **适用法律确有错误**；  
   - **违反法定程序**，可能影响公正审判（如应回避未回避、剥夺诉讼权利等）；  
   - 审判人员有**贪污受贿、徇私舞弊、枉法裁判**等行为；  
   - 调解书违反自愿原则或内容违法等（如适用）。

3. **主体条件**  
   由有权主体提出：当事人申请再审，或检察机关抗诉/检察建议，或法院依职权启动（依不同诉讼类型规定）。

4. **期限条件（如适用）**  
   当事人申请再审通常有法定期限限制（不同诉讼法规定不同；民事一般为知道或应当知道再审事由后一定期限内提出）。

如果你说的“P356”是某本教材/讲义页码，把书名或该页内容拍照/发我，我可以按你那本书的表述逐条整理成标准答案。",提起审判监督程序的条件，也称提起审判监督程序的理由，概括地说，是在认定事实上或者在适用法律上确有错误＂。具体包括：（一）认定事实上的错误，认定事实上的错误包括以下情形： （1)对人的认定错误，如将某人错误认定为另一个人、将未成年人错误认定为成年人或者将成年人错误认定为未成年人等。(2)对事实认定错误，包括将不存在的事实认定为存在、将存在的事实认定为不存在、主要犯罪事实不清、影响定罪盐刑的重大情节不清等。事实不清，在证据方面表现为：据以认定案件事实的证据不真实却被错误认定为真实；证据与案件事实之间无关联性却被错误认定为有关联性；证据之间有矛盾且矛盾不能得以合理排除，或者所得的结论不唯一，不能排除其他可能等，却据以作出了有罪判决；等等。（二）适用法律上的错误适用法律上的错误，包括以下情形：(1)适用实体法有误。诸如：定性错误，混淆了罪与非罪、此罪与彼罪的界限；世刑错误，将轻罪定为重罪，或者将重罪定为轻罪，造成揽刑畸轻畸重。 (2)适用程序法有误。诸如：违反公开审判、回避制度，审判方法不合法，剥夺或限制当事人的法定权利可能影响公正审判等。 (3)适用证据法有误。诸如：应当排除非法证据却没有排除、采纳了没有证据能力的证据、错误地排除了有证据能力的证据。
59,逃税罪的概念与构成特征（P94、95）,"下面按“概念 + 构成特征”概括（对应你标注的P94、95常见写法）：

## 一、逃税罪的概念
逃税罪，是指**纳税人**采取**欺骗、隐瞒手段**进行**虚假纳税申报**或者**不申报**，从而**少缴或者不缴应纳税款**，并且达到法律规定的**数额/比例标准**或具有法定情形的行为。

> 关键词：**纳税人** + **欺骗隐瞒** + **虚假申报/不申报** + **少缴/不缴** + **达到入罪标准**。

---

## 二、逃税罪的构成特征（构成要件）
### 1. 犯罪客体
国家的**税收征管秩序**以及国家税收收入。

### 2. 犯罪客观方面
表现为：  
- **手段**：采取**欺骗、隐瞒**方法（如伪造、变造、隐匿账簿凭证，虚列成本费用，隐匿收入等）。  
- **行为方式**：  
  1) **进行虚假纳税申报**；或  
  2) **不申报**。  
- **结果**：造成**少缴或不缴应纳税款**。  
- **入罪要求**：通常要求达到刑法规定的**数额较大并占应纳税额一定比例**等标准，或符合司法解释规定的其他入罪情形。

### 3. 犯罪主体
一般主体中的**特殊主体**：必须是**纳税人**（自然人或单位）。  
> 扣缴义务人一般不构成本罪，通常对应的是“逃避追缴欠税罪/抗税罪/虚开等”或其他税收犯罪（具体依情形）。

### 4. 犯罪主观方面
**故意**，并具有**逃避纳税义务**的目的（明知应纳税而故意通过欺骗隐瞒少缴、不缴）。

---

如果你把教材版本/出版社或P94-95的原文拍照发我，我可以按你那本书的表述逐条对照整理成“可直接背诵版”。",逃税罪，是指纳税人或者扣缴义务人违反税收法律法规，逃税数额较大且达到应纳税额一定比例的行为。本罪的构成特征是：1.本罪侵犯的客体是税收征收管理秩序。2.本罪在客观方面表现为采取伪造、变造、隐匿、擅自销毁账簿、记账凭证，在账簿上多列支出或者不列、少列收人，经税务机关通知而拒不申报或者进行虚假的纳税申报手段，不缴或少缴应缴税款，逃税数额较大的行为。根据最高人民检察院、公安部2010年《关于公安机关管辖的刑事案件立案追诉标准的规定(二）》，对于纳税人而言，数额较大，是指逃税数额占应缴税款的 10%以上并且数额在 5 万元以上；对于扣缴义务人而言，数额较大，是指逃税数额在 5 万元以上。多次逃税未经处理的，按照累计税额计算。其他严重情节，是指因逃税被税务机关给予2次行政处罚又逃税的。本罪客观行为的形式究竟是作为还是不作为，学界存在一定争议。有观点认为，逃税罪的客观行为属于不作为，因为逃税行为是一种不履行纳税义务的行为；另有观点认为，逃税罪的客观行为属于作为，因为逃税罪必须通过“逃”的行为来实现，因而从行为的手段角度分析，逃税行为属于作为。本书认为，判断某一犯罪客观行为形式属于作为还是不作为，应当以行为人是否具有特定的义务作为依据：如果行为人具有某项特定的义务，该罪中客观行为的形式即应属于不作为。应该看到，在逃税罪中，纳税人和扣缴义务人具有缴纳税款的义务。正因为纳税人和扣缴义务人违背了缴纳税款的义务，应缴纳税款而不缴纳，所以司法机关才认定其构成逃税罪。就此而言，逃税罪中的客观行为属于不作为。3.本罪的主体是特殊主体，即纳税人和扣缴义务人。根据《税收征收管理法》第4条的规定，纳税人，是指法律、行政法规规定负有纳税义务的单位和个人。扣缴义务人，是指法律、行政法规规定负有代扣代缴、代收代缴税款义务的单位和个人。本罪既可以由自然人构成，也可以由单位构成。4.本罪的主观方面为故意，且行为人主观上具有非法占有应缴税款的目的。
60,抢劫罪的概念与构成特征（P162-166）,"下面按“概念—构成要件/特征”梳理抢劫罪（通常对应《刑法》第263条）的要点，便于对照教材 P162-166 记忆。

## 一、概念
抢劫罪，是指**以非法占有为目的**，对财物所有人、保管人或者在场人员**当场使用暴力、胁迫或者其他方法**，**强行劫取公私财物**的行为。  
核心抓手：**“当场性 + 强制性 + 取财性”**。

---

## 二、构成特征（构成要件要点）

### （一）客体
1. **主要客体**：公私财物的所有权（财产法益）。  
2. **同时侵害的客体**：人身权利（生命、身体健康、自由等）。  
> 抢劫罪是典型的**复合客体犯罪**（财产 + 人身）。

---

### （二）客观方面
表现为：**当场**以暴力、胁迫或其他方法实施强制，并**当场劫取财物**。

1. **“当场”要素（关键）**  
   - 暴力/胁迫/其他方法与取财之间具有**时间、空间上的紧密联系**。  
   - 一般理解为：在同一现场或紧接现场的连续过程中完成控制与取财。

2. **手段要素：暴力、胁迫、其他方法**
   - **暴力**：对人实施殴打、捆绑、摔打、刺砍等，使其不能反抗或不敢反抗。  
   - **胁迫**：以将要实施暴力等相威胁，使被害人产生恐惧而不敢反抗（如持刀威逼、扬言当场伤害）。  
   - **其他方法**：足以使被害人**不能反抗或不敢反抗**的非暴力、非言语威胁方式（如麻醉、灌醉、催眠、喷辣椒水、突然夺取并控制等，视具体是否达到“压制反抗”的强制程度）。

3. **结果要素：劫取财物**
   - 以强制手段**取得财物控制**即可（通常不要求实际带离很远）。  
   - 抢劫罪多被认为是**行为犯/结果不以既遂为唯一标准**：未得手也可能成立未遂。

---

### （三）主体
一般主体：达到刑事责任年龄、具备刑事责任能力的自然人均可构成。  
（实践中也常见共同犯罪：多人分工实施暴力控制与取财。）

---

### （四）主观方面
1. **故意**：明知并希望/放任以强制手段当场劫取财物。  
2. **目的**：必须具有**非法占有目的**。  
> 没有非法占有目的（如仅为报复殴打、逼迫对方做某事而非取财）一般不构成抢劫罪，但可能构成其他犯罪。

---

## 三、几个区分点（教材常考）
1. **与抢夺罪**：抢夺是“乘人不备夺取”，一般不以压制反抗为必要；若为夺取而当场使用暴力压制反抗，可能转化为抢劫。  
2. **与敲诈勒索罪**：敲诈勒索多为“以将来实施损害相威胁”并非当场强制取财；抢劫强调当场以强制手段取财。  
3. **“其他方法”的边界**：关键看是否达到使人不能/不敢反抗的强制程度，而不仅是一般欺骗或趁乱拿走。

---

如果你能告诉我你用的是哪本教材（书名/版本）以及 P162-166 的具体小标题，我可以按该书的表述把“概念+四要件+典型争点/例题结论”整理成更贴合原文的背诵版。",抢劫罪，是指以非法占有为目的，以暴力、胁迫或者其他令被害人不能抗拒的方法，当场强行劫取公私财物的行为。本罪的构成特征是：1.本罪侵犯的客体为复杂客体，即公私财产所有权和人身权。根据我国刑法的规定，抢劫罪的犯罪对象为公私财物。在司法实践中，抢劫对象多为有形动产，是否应包括不动产，理论上存在争议。例如，甲采用暴力、胁迫方法，强占乙的住房，是否构成抢劫罪？有观点认为，不能构成抢劫罪。其理由是：抢劫罪以当场占有公私财物为特点，不动产不可能当场占有。另有观点认为，应当构成抢劫罪。强占他人住房，事实上已经将他人的房屋转移到自己的支配之下，构成抢劫罪。本书认为，我国刑法虽无明文规定，但从有利于保护公私财产和人身安全的角度出发，不宜将不动产一概排除在抢劫罪的对象之外。2.本罪在客观方面表现为以暴力、胁迫或者其他方法，当场强行劫取公私财物的行为。抢劫罪的实行行为是一种复合行为，即由方法行为和目的行为构成。方法行为，是指为劫取财物而实施的暴力、胁迫或者其他行为。目的行为，是指当场夺取财物或者迫使他人当场交付财物的行为。二者紧密结合，构成完整的抢劫行为，缺一不可。3.本罪的主体为一般主体。根据《刑法》第17条的规定，已满 14 周岁不满16 周岁的人犯抢劫罪的，应当负刑事责任。同时，根据最高人民法院《未成年人解释》第 10 条第 1 款规定，已满 14 周岁不满 16 周岁的人盗窃、诈骗、抢夺他人财物，为窝藏赃物、抗拒抓捕或者毁灭罪证，当场使用暴力，故意伤害致人重伤或者死亡，或者故意杀人的，应当分别以故意伤害罪或者故意杀人罪定罪处罚。4.本罪的主观方面表现为直接故意，并且具有非法占有公私财物的目的。至于出于何种动机，一般不影响定罪，但是可以作为量刑情节考虑。
50,的犯罪中止形态的特征（P223、224）,"犯罪中止（刑法第24条）的形态特征，通常可概括为以下要点（对应教材常见在P223-224的归纳口径）：

1. **时间特征：发生在犯罪过程中**
   - 必须是在**犯罪预备之后、犯罪既遂之前**的阶段出现。
   - 既遂之后不可能成立中止（只能涉及事后行为如退赃、赔偿等量刑情节）。

2. **行为特征：自动放弃或自动有效防止结果发生**
   - 中止的表现形态有两类：
     - **自动放弃犯罪**（停止继续实行行为）  
       例如：已着手行凶但主动停手离开。
     - **自动防止犯罪结果发生**（采取措施阻止结果）  
       例如：已投毒后又主动送医抢救，最终未发生死亡结果。

3. **主观特征：必须“自动”**
   - “自动”强调是基于行为人**内心自愿**而停止或防止结果，而不是因为外部强制或客观不能。
   - 常见不属于“自动”的情形：被制服、被发现无法继续、工具失灵、警察赶到迫使停止等（更可能是未遂或不能犯等）。

4. **结果特征：是否发生结果决定成立哪种中止**
   - **结果未发生**：一般成立中止（典型中止）。
   - **结果已发生**：通常不成立中止；但在**结果犯**中，如果行为人已着手且结果尚未发生，后来虽未能完全阻止但确有阻止行为，可能涉及“中止未遂/未遂中止”的讨论（不同教材表述略有差异，考试以你教材口径为准）。

5. **法律后果特征：从宽幅度大**
   - 对中止犯：**没有造成损害的，应当免除处罚；造成损害的，应当减轻处罚**。

如果你把P223-224的原文拍照/发出来，我可以按你教材的表述逐条对照整理成“可直接背诵版”。","1.犯罪中止必须发生在“犯罪过程中”。所谓“犯罪过程中”,即从犯罪预备行为发生开始,到犯罪既遂状态以前这段时间内,且犯罪又处于运动中而尚未停止下来呈现出预备或未遂形态。详言之,这一时间概念包含两个方面的意思:一方面,犯罪中止既可以发生在犯罪预备阶段,也可以发生在犯罪实行阶段;另一方面,犯罪行为在中止前尚未停止下来呈现结局性的形态。如果此前行为已经在犯罪预备阶段呈现犯罪预备的形态,或者在犯罪实行阶段呈现犯罪未遂或犯罪既遂的形态,都不能成立犯罪中止。特别要强调的是,在犯罪既遂之后的悔罪行为——如盗窃后将窃取的财物归还失主的行为,不能被认定为犯罪中止行为,对其犯罪形态也不能认定为犯罪中止形态。2.客观上存在放弃犯罪的中止行为。所谓放弃犯罪,是指在犯罪过程中停止实施犯罪,因而犯罪构成所规定的危害结果不会发生的情形。放弃犯罪既包括在预备阶段停止犯罪预备行为,使犯罪构成所规定的危害结果不会发生;也包括在实行阶段,行为人在危害结果发生之前停止犯罪行为,而使危害结果不会发生。需要指出的是,这里的危害结果不会发生,仅仅是指属于犯罪构成的特定危害结果不会发生,而不是说其他的损害结果(非构成要件结果)都没有发生。实际上,放弃犯罪的中止犯罪形态可能会出现其他不属于构成要件的危害结果。例如,故意杀人罪的行为人在挥刀砍杀他人过程中中止了故意杀人行为,故意杀人罪的犯罪构成要求的死亡结果没有发生,而仅仅发生了不属于本罪构成要件的轻伤害结果,而此时只要行为人停止杀害行为,作为构成要件的死亡结果就不会再出现。因此,这种停止杀人的情况即属于放弃犯罪的中止行为。3.行为人放弃犯罪是出于自动的原因。必须具备自动性,这是犯罪中止形态的本质特征。所谓中止的自动性,应被理解为行为人主动放弃犯罪,即在没有任何外界因素阻止下,行为人出于自己的意志而停止犯罪。详言之,自动是指行为人认识到或认为自己可以继续实施犯罪或者可能既遂,但自愿放弃原来的犯罪行为,不再继续犯罪。至于客观上他能否继续实施犯罪或完成犯罪,并不影响行为人这种停止犯罪之自动性的成立。当然,如果有证据表明行为人不是出于自己的意志,而是认识到外界原因导致犯罪不能继续实施或不能完成,而被迫放弃犯罪的,则不能成立犯罪中止,而只能被认定为犯罪未遂。例如,行为人发觉所欲盗窃的小区加强了保安巡逻,因担心被抓获而被迫停止盗窃犯罪的,就不属于犯罪中止。4.中止行为具有彻底性。所谓中止行为的彻底性,是指行为人主观上彻底放弃犯罪,而不是暂时停下来等待犯罪时机成熟之后再继续犯罪。中止行为的彻底性表明了行为人的人身危险性已经消除。当然,这种行为人的人身危险性消除并不是指行为人以后终身不会再犯罪,而是指就其所放弃的具体犯罪而言,行为人已经完全地从主观上决意停止继续实施该犯罪。"
43,刑事责任年龄（P143-148）,"刑事责任年龄（一般对应你书上 P143–148 的内容）可按我国《刑法》的规则这样记：

## 1）完全不负刑事责任：不满12周岁
- **不满12周岁的人**实施任何危害行为，**不负刑事责任**。  
- 但可能由监护人管教、必要时进行专门矫治教育等（属于教育矫治措施，不是刑罚）。

## 2）相对负刑事责任：已满12周岁不满14周岁
- 原则：**一般不负刑事责任**。  
- 例外：实施**特定严重犯罪**，并且满足法定条件的，才负刑事责任：  
  - **故意杀人、故意伤害致人死亡或以特别残忍手段致人重伤造成严重残疾**  
  - 且须 **“情节恶劣”**  
  - 并经 **最高人民检察院核准追诉**  
- 这部分是刑法修正后新增的更严格例外。

## 3）相对负刑事责任：已满14周岁不满16周岁
- 对以下犯罪负刑事责任（常称“**八类罪**”）：
  1. 故意杀人  
  2. 故意伤害致人重伤或死亡  
  3. 强奸  
  4. 抢劫  
  5. 贩卖毒品  
  6. 放火  
  7. 爆炸  
  8. 投放危险物质  
- 其他犯罪：一般不负刑事责任（但可责令监护人管教、必要时专门矫治教育）。

## 4）完全负刑事责任：已满16周岁
- **已满16周岁的人犯罪，应当负刑事责任**（对所有犯罪类型都适用）。

## 5）已满14不满18：从宽处罚规则（未成年人）
- **应当从轻或者减轻处罚**。  
- 司法上还强调教育为主、惩罚为辅；符合条件的可适用附条件不起诉、封存犯罪记录等（依具体案件与程序法规定）。

## 6）年龄的认定口径（常考点）
- 以**周岁**计算；一般以**公历生日**为准。  
- “已满X周岁”通常指：到达X周岁生日的次日/当日即视为已满（具体以司法解释与实务口径为准，考试多按“过了生日即已满”理解）。

---

如果你把教材版本/出版社或把 P143–148 的目录标题发我，我可以按你书上的表述（比如是否强调“情节恶劣+最高检核准追诉”等）整理成更贴合你课本的背诵版要点。","第一,完全不负刑事责任年龄阶段。按照《刑法》第17条的规定,不满14周岁,是完全不负刑事责任年龄的阶段。一般地说,不满14周岁的人尚处于幼年时期,还不具备辨认和控制自己行为的能力,即不具备责任能力。因而法律规定,对不满14周岁的人所实施的危害社会的行为,一概不追究刑事责任。但应当注意,对于因不满14周岁实施了危害社会行为而不追究刑事责任的人,应依法责令其家长或监护人加以管教,也可视需要对接近14周岁,如12一13周岁的人由政府收容教养。第二,相对负刑事责任年龄阶段。按照《刑法》第17条第2款的规定,已满14周岁不满16周岁,是相对负刑事责任年龄阶段,也称相对无刑事责任年龄阶段。达到这个年龄阶段的人,已经具备了一定的辨别行为的大是大非的能力和控制能力,即对某些严重危害社会的行为具备一定的辨认和控制能力。因此,刑法规定他们对自己实施的严重危害社会的行为负刑事责任。《刑法》第17条第2款规定:“已满十四周岁不满十六周岁的人,犯故意杀人、故意伤害致人重伤或者死亡、强奸、抢劫、贩卖毒品、放火、爆炸、投毒罪的,应当负刑事责任。”第三,完全负刑事责任年龄阶段。按照《刑法》第17条第1款的规定,已满16周岁的人进入完全负刑事责任年龄阶段。由于已满16周岁的未成年人的体力和智力已有相当的发展,具有了一定的社会知识,是非观念和法制观念的增长已经达到一定的程度,一般已能够根据国家法律和社会道德规范的要求来约束自己,因而他们已经具备了基本的刑法意义上辨认和控制自己行为的能力。基于此,我国刑法规定已满16周岁的人原则上可以构成刑法中所有的犯罪,要求他们对自己实施的刑法所禁止的一切危害行为承担刑事责任。"
46,正当防卫的概念与特征（P193、194）,"**一、正当防卫的概念**  
正当防卫，是指为了使国家、公共利益、本人或者他人的人身、财产和其他权利免受**正在进行的不法侵害**，而对侵害人采取的**制止侵害的行为**，对侵害人造成损害的，**不负刑事责任**。（刑法第20条）

---

**二、正当防卫的特征（要点）**（对应P193—194常见归纳）  

1. **起因条件：必须存在不法侵害**  
   - 侵害必须是违反法律的侵害行为（包括犯罪或一般违法）。  
   - 侵害对象可以是国家、公共利益、本人或他人的合法权益。

2. **时间条件：不法侵害必须“正在进行”**  
   - 只能在侵害开始后、结束前实施防卫。  
   - 侵害尚未开始（事前防卫）或已经结束（事后报复）都不属于正当防卫。

3. **对象条件：防卫必须针对侵害人本人**  
   - 防卫行为应当指向实施不法侵害的人。  
   - 原则上不能针对第三人（误伤等另作评价）。

4. **主观条件：必须具有防卫意图**  
   - 行为人主观上是为了制止不法侵害、保护合法权益。  
   - 纯粹出于报复、泄愤等目的，一般不成立正当防卫。

5. **限度条件：防卫不能明显超过必要限度并造成重大损害**  
   - 防卫强度应与侵害的性质、手段、强度、紧迫性等相适应。  
   - 明显超过必要限度并造成重大损害的，构成**防卫过当**，应负刑责但应当减轻或免除处罚。  
   - 对**行凶、杀人、抢劫、强奸、绑架及其他严重危及人身安全的暴力犯罪**实施防卫，造成不法侵害人伤亡的，属于**特殊防卫**，不属于防卫过当。

---

如果你能告诉我你这本书的版本/章节标题（或把P193-194拍照发来），我可以按你教材的原句结构把“概念+特征”整理成更贴合你课本的答案。","《刑法》第20条规定:“为了使国家、公共利益、本人或者他人的人身、财产和其他权利免受正在进行的不法侵害,而采取的制止不法侵害的行为,对不法侵害人造成损害的,属于正当防卫,不负刑事责任。正当防卫明显超过必要限度造成重大损害的,应当负刑事责任,但是应当减轻或者免除处罚。”从这一规定可以看出,正当防卫是指为了使国家、公共利益、本人或者他人的人身、财产和其他权利免受正在进行的不法侵害,而对不法侵害者实施的制止其不法侵害且未明显超过必要限度造成重大损害的行为。从《刑法》对正当防卫的规定以及正当防卫的概念来看,正当防卫主要具有如下特征:第一,正当防卫一般是通过对不法侵害人的人身反击行为来实施的,从而具有杀人、伤害的行为表现。如果客观上不具有杀人、伤害的行为表现或行为结果,则属于制止不法侵害的一般行为或者属于擒拿或控制不法侵害人,而不属于刑法中正当防卫的范畴。当然,通过毁损不法侵害人财产来实施反击的行为,也可能成立正当防卫。第二,正当防卫是针对不法侵害行为实施的正当、合法行为。正当防卫是一种面临不法侵害而实施的人身反击行为,是为了制止不法侵害行为的继续进行而被动进行的防卫手段,其实质是一种受到国家法律保护、支持和鼓励的私力救济行为。第三,正当防卫的目的是使国家、公共利益或者公民的个人权益免受正在进行的不法侵害。正当防卫是为了保护合法权益而派生的一种辅助性权利,它不仅不具有社会危害性,相反还在一定程度上弥补了国家公力救济的不足,其目的具有合法性。"
53,刑罚的种类(p304-305),"我国《刑法》规定的刑罚种类分为**主刑**和**附加刑**（常见教材对应 p304-305）：

## 一、主刑（5种）
1. **管制**  
2. **拘役**  
3. **有期徒刑**  
4. **无期徒刑**  
5. **死刑**

## 二、附加刑（4种）
1. **罚金**  
2. **剥夺政治权利**  
3. **没收财产**  
4. **驱逐出境**（适用于犯罪的外国人）

补充：**附加刑可以单独适用，也可以附加适用**；主刑一般只能判处其中一种。","我国《刑法》总则第三章第一节将刑罚分为两类:一是主刑,包括管制、拘役、有期徒刑、无期徒刑和死刑;二是附加刑,包括罚金、剥夺政治权利、没收财产和驱逐出境。"
42,犯罪的基本特征（P86-88）,"犯罪的基本特征一般概括为“三性”（对应你标注的教材页码 P86-88 常见表述）：

1. **严重的社会危害性**  
   犯罪是对国家、社会、集体或公民合法权益造成**严重**侵害的行为；社会危害性是犯罪的**实质特征**（区别于一般违法行为的关键在于“严重”程度）。

2. **刑事违法性（触犯刑法）**  
   犯罪必须是**刑法明文规定**为犯罪的行为，体现“法无明文规定不为罪”的原则；不触犯刑法的，即使有危害，也不构成犯罪。

3. **应受刑罚处罚性**  
   对犯罪行为依法应当适用刑罚（或刑法规定的制裁措施）；若依法不应追究刑事责任（如情节显著轻微危害不大、特定免责事由等），通常不按犯罪处理。

如果你把教材的书名/版本或这几页的照片发我，我也可以按你那本书的原文结构（标题、要点、关键词）帮你整理成更贴合考试的背诵版。","(一)犯罪是具有严重社会危害性的行为行为具有严重的社会危害性,是犯罪最本质最基本的特征。的确,晚近刑法学界始终存在一种对社会危害性理论的批评之声。考察这些持否定态度的观点,不难发现其核心在于担心社会危害性的判断标准模糊,不利于罪刑法定原则的贯彻。但是,否定社会危害性的观点或多或少地存在孤立地看待社会危害性标准,以致将其视为独立判断行为是否构成犯罪的标准的偏见。而实际上,肯定社会危害性标准的学界通说并不认为社会危害性标准可以用来独立判断行为是否构成犯罪,而是一再强调必须与刑事违法性结合起来。所以有学者认为,否定论者在一定程度上是在攻击一个并不存在的目标。离开严重社会危害性这一犯罪的内在本质特征,犯罪概念就成了一具空壳,难免流于空洞苍白。(二)犯罪是具有刑事违法性的行为犯罪是触犯刑事法律的行为,这是犯罪的法律特征。我们知道,违法行为表现形式多样,既有民事、经济违法行为,也有行政违法行为,还有刑事违法行为。犯罪不是一般的违法行为,而是触犯刑事法律的刑事违法行为,是最为严重的违法行为。触犯刑事法律是构成犯罪的前提。例如,小偷小摸属于违反治安管理处罚法的行为;只有盗窃公私财物,数额较大的,或者多次盗窃、入户盗窃、携带凶器盗窃、扒窃的,才能构成刑法中的盗窃罪。如果没有触犯刑事法律,即便该行为具有严重的社会危害性,也不能以犯罪论处。犯罪的严重社会危害性是刑事违法性的基础,也是犯罪的内在本质;犯罪的刑事违法性则是其严重的社会危害性在刑法上的表现。只有当行为不仅具有社会危害性,而且违反了刑法,具有刑事违法性时,才能被认定为犯罪。这是遵循罪刑法定原则的必然要求。犯罪的刑事违法性是主观因素和客观因素的统一。行为人虽然主观上有危害社会的企图,但客观上没有实施危害社会的行为的,不会产生刑事违法的问题;行为虽然客观上造成了严重的危害社会的后果,但行为人主观上不存在故意或者过失的,也不会产生刑事违法性的问题。(三)犯罪是应受刑罚惩罚的行为对于任何违法行为,无论是民事的、行政的还是刑事的,行为人都应当承担相应的法律后果。民事违法行为要承担赔偿损失、返还财产、支付违约金等民事责任;行政违法行为要承担罚款、行政拘留等行政处罚,或者警告、记过、降级、撤职、开除等行政处分。而对于刑事违法行为即犯罪来说,行为人应当承担的法律后果是受到刑罚惩罚。犯罪是适用刑罚的前提,刑罚是犯罪的法律后果。因此,应受刑罚惩罚也是犯罪的一个基本特征。应受惩罚性之特征将犯罪与刑罚这两种社会现象紧密联系起来,它体现出犯罪在引发的法律后果方面迥异于其他一般违法行为的基本个别性,对于我们充分认识犯罪现象无疑是必要的。这一特征表明,如果某一行为不应当受刑罚处罚,也就意味着它不是犯罪。"
38,刑法的体系(P49),"刑法的体系一般是指：刑法规范在内容与结构上的整体安排，通常可从**形式体系**与**实质体系**两条线来把握（很多教材在P49附近会这样讲）。

## 一、形式体系（结构上的体系）
以刑法典的编排为中心，通常分为：

1. **总则**
- 规定刑法适用的一般规则  
- 典型内容：刑法的适用范围、犯罪论（构成要件/违法性/责任）、正当化事由、未遂/中止/共犯、刑罚种类与裁量、累犯、自首立功等

2. **分则**
- 规定具体犯罪及其法定刑  
- 按法益或社会关系类型编排（如危害国家安全、破坏社会主义市场经济秩序、侵犯公民人身权利与民主权利、侵犯财产、妨害社会管理秩序、贪污贿赂、渎职、军人违反职责等）

3. **附则**
- 主要是术语解释、施行日期等（有的教材也会把立法解释/司法解释的作用放在这里讨论）

## 二、实质体系（内容与逻辑上的体系）
从刑法解决问题的逻辑链条来理解，常见的把握方式是：

1. **犯罪论体系**
- 解决“行为是否构成犯罪”的判断结构  
- 通常按：**构成要件该当性 → 违法性 → 有责性（责任）**  
（也有教材用“四要件”表述：主体、主观方面、客体、客观方面——属于另一种分析框架）

2. **刑罚论体系**
- 解决“如何处罚、处罚多少、如何执行”的规则  
- 包括：刑罚目的、刑种、量刑情节、缓刑/假释/减刑、刑罚执行与消灭等

3. **罪刑关系（犯罪—刑罚的衔接）**
- 以**罪刑法定、罪责刑相适应**为核心，把犯罪评价与刑罚裁量连接起来

---

如果你说的“P49”是某一本指定教材（例如张明楷、陈兴良、马克昌等），把书名/版本或拍一张P49的照片发我，我可以按该页的原文框架帮你整理成更贴合考试/笔记的版本。","总则、分则、附则,以编、章、节、条、款、项"
57,危害国家安全罪的概念与构成特征（P13-16）,"以下为“危害国家安全罪”的**概念**与**构成特征**（按常见刑法教材P13-16的写法归纳）：

## 一、概念
**危害国家安全罪**，是指行为人实施危害国家安全的行为，依法应受刑罚处罚的一类犯罪的总称。其核心在于：行为直接或间接**危及国家政权、主权、领土完整、统一以及国家安全利益**。

（在我国刑法体系中，通常对应《刑法》分则第一章“危害国家安全罪”所规定的相关罪名。）

## 二、构成特征
### 1. 侵犯客体的特定性
该类犯罪所侵犯的客体是**国家安全**，具体包括但不限于：
- 国家政权的稳定与巩固  
- 国家主权、领土完整与统一  
- 国防安全、军事安全  
- 国家在政治、外交等方面的重大安全利益  

其保护法益具有**高度政治性、整体性与根本性**。

### 2. 行为方式的多样性与政治指向性
危害国家安全的行为类型通常具有明显的政治指向，表现形式多样，例如：
- 叛国、分裂国家、颠覆国家政权等  
- 为境外窃取、刺探、收买、非法提供国家秘密、情报  
- 间谍活动、资敌等  

不少罪名具有**预备性、渗透性、隐蔽性**等特点，危害往往不以直接造成现实损害为必要条件。

### 3. 犯罪主体的广泛性（部分罪名有特殊主体要求）
一般而言，主体多为**一般主体**（达到刑事责任年龄、具备责任能力的自然人即可）。  
但部分罪名可能对主体身份有要求或在量刑上与身份相关，例如：
- 国家机关工作人员、军人、掌握国家秘密人员等实施相关行为，可能构成特定罪名或从重处罚情形。  
（是否属于“特殊主体”要以具体罪名条文为准。）

### 4. 主观方面以故意为主，且常要求特定目的
该类犯罪通常要求行为人具有**故意**，并且不少罪名还要求具备特定目的或动机色彩，例如：
- 分裂国家目的  
- 颠覆国家政权目的  
- 投敌叛变、资助敌人等目的性  

过失一般不构成危害国家安全罪（除非个别条文另有规定，但在该章中通常以故意为主）。

### 5. 既遂标准与危险犯特征较突出
危害国家安全罪中，常见以下立法特点：
- **危险犯、行为犯较多**：不必实际造成国家安全损害结果，只要实施法定行为达到危险程度即可成立。  
- **预备、未遂也可能处罚**：基于国家安全法益的重大性，刑法对早期阶段介入更明显（具体仍以条文规定为准）。

---

如果你能告诉我你所用教材/讲义的版本（例如“某某刑法学教材第几版”或拍一张P13-16的照片），我可以按该页的原有结构（标题、要点顺序、关键词）帮你整理成更贴合你课本的答案。","危害国家安全罪，是指故意危害中华人民共和国国家安全的行为。本类犯罪的构成特征是：1.本类犯罪侵犯的客体是国家安全。国家安全是指国家政权、主权、统一和领土完整、人民福祉、经济社会可持续发展和国家其他重大利益相对处于没有危险和不受内外威胁的状态，以及保障持续安全状态的能力。维护国家安全，保卫我国人民民主专政政权和社会主义制度，才能保护人民的根本利益，保障改革开放和社会主义现代化建设的顺利进行，进而实现中华民族的伟大复兴。维护国家安全，是中华人民共和国成立以来一项持久的任务。自中华人民共和国成立以来，境外间谍情报机关和境内外各种敌对势力、反华势力、反共势力危害我国国家安全的活动从未停止，隐蔽战线的斗争一直十分尖锐、复杂。境内外各种敌对势力、民族分裂势力、极端宗教势力等对我国的渗透、颠覆、分裂和各种破坏活动曰趋猖獗。思想渗透、颠覆分裂、情报窃密、勾联策反等危害国家安全的活动范围不断扩大。岀现了采用公开掩护秘密、 合法掩护非法、境内境外相勾结的方式。国内少数敌对分子也极力寻求境外机构和其他敌对势力、政治势力的支持，甚至内外勾结，出卖国家利益。这给我国的国家安全和利益造成了重大损害或者构成了严重威胁，严重影响和干扰了我国的民主与政权建设，破坏了改革开放和社会主义现代化建设事业，影响了中华民族伟大复兴的进程，对此必须予以坚决防控,严厉打击。2.本类犯罪在客观方面表现为危害中华人民共和国国家安全的行为。根据《刑法》第102条至第112条的规定，危害国家安全的行为有：背叛国家，分裂国家，煽动分裂国家，武装叛乱、暴乱，颠覆国家政权，煽动颠覆国家政权，资助危害国家安全犯罪活动，投敌叛变，叛逃，间谍，为境外窃取、刺探、收买、非法提供国家秘密、情报，资敌。3.本类犯罪的主体多为一般主体，即达到刑事责任年龄、具备刑事责任能力者均可构成。少数犯罪对主体有特殊要求，例如，背叛国家罪、投敌叛变罪、叛逃罪的主体只能是中国公民，其中叛逃罪的主体还必须是我国国家机关工作人员或者掌握国家秘密的国家工作人员。本类犯罪中除了资助危害国家安全犯罪活动罪可以由境内外机构、组织或者个人构成外，其他犯罪的主体均为自然人主体。4.本类犯罪的主观方面表现为故意，其中，多数犯罪为直接故意，即行为人明知自己的行为会发生危害国家安全的结果，并且希望这种结果发生。"
45,疏忽大意的过失与过于自信的过失的区别（P177）,"在我国刑法理论中，**过失**分为两种：**疏忽大意的过失**与**过于自信的过失**。二者核心区别在于：**行为人对危害结果是否“预见”**。

## 1. 疏忽大意的过失（未预见）
- **主观状态**：行为人**没有预见**到自己的行为可能发生危害结果。  
- **但**：从客观上看，行为人对该结果**应当预见且能够预见**（因其身份、经验、环境、注意义务等），只是由于疏忽没有想到。  
- **关键词**：**“应当预见而没有预见”**。

**例**：司机开车看手机，没注意前方行人而撞人。司机主观上可能没想到会撞到人，但按驾驶注意义务应当预见。

## 2. 过于自信的过失（已预见但轻信能避免）
- **主观状态**：行为人**已经预见**到可能发生危害结果。  
- **但**：行为人**轻信能够避免**该结果发生（高估自己能力、低估风险、误信条件等），结果仍发生。  
- **关键词**：**“已经预见而轻信能够避免”**。

**例**：明知酒后驾驶可能出事故，但自信“我技术好、路不远、不会出事”，仍开车导致事故。

## 3. 一句话对比
- **疏忽大意的过失**：**没想到会出事**（但本应想到）。  
- **过于自信的过失**：**想到了可能出事**，但**以为能躲过去**。

如果你说的“P177”来自某本教材/讲义，我也可以按该书的表述方式（比如用“认识因素/意志因素”或“注意义务”框架）帮你整理成更贴近原文的答案。","疏忽大意的过失与过于自信的过失都是犯罪过失,二者对危害后果的出现都持反对的、否定的态度,结果的出现都是意料之外的。关键区别点就在于行为人在行为当时是否已经认识到其行为可能会导致某种结果的发生。过于自信的过失中,行为人在行为当时已经预见到其行为可能导致某种危害结果的发生,但凭借一定的条件而轻信可以避免;而疏忽大意的过失中,行为人对危害结果的发生根本没有预见。所以过于自信的过失又称为有认识的过失,疏忽大意的过失又称为无认识的过失。"
100,网络服务提供者的侵权责任类型与规范目的（P437、438）,"下面按“责任类型—规范目的”的对应关系，概括网络服务提供者（NSP/ISP）在我国侵权法语境下的主要责任类型与其制度目的（你标注的 P437、P438 多半就是这一组框架）。

## 一、网络服务提供者的侵权责任类型

### 1）自己实施侵权的责任（直接侵权责任）
- **构成要点**：网络服务提供者自己发布、制作、编辑、推荐、置顶、改动内容等，实质上成为内容提供者/侵权行为人。
- **责任形态**：按一般侵权规则承担停止侵害、赔偿损失、消除影响等。

### 2）帮助侵权/共同侵权责任（与用户共同侵权）
- **构成要点**：明知或应知用户侵权，仍提供技术支持、推广、引流、分成、提供工具并积极促成侵权等，达到“共同实施/帮助”的程度。
- **责任形态**：与直接侵权人承担连带责任或按共同侵权规则分担责任（具体依案件认定）。

### 3）违反安全保障义务的责任（过错责任：未尽合理注意义务）
- **构成要点**：作为平台/服务提供者，对其系统、规则、管理具有控制力；在**知道或应当知道**侵权存在时，未采取必要措施（删除、屏蔽、断链、终止服务、处置账号等），导致损害扩大。
- **责任形态**：通常是**过错责任**，以“必要措施/合理注意义务”为核心判断。

### 4）通知—删除规则下的责任（程序性义务触发的责任）
- **构成要点**：权利人有效通知后，平台未及时采取必要措施；或平台错误删除造成反向损害（也可能引发对被删除方的责任问题）。
- **责任形态**：本质上仍是“过错+必要措施”，但以“通知”作为平台“知道”的典型触发点，形成可操作的归责路径。

> 说明：在不同部门法（如著作权、人格权、反不正当竞争等）中表述会略有差异，但大体都围绕“直接侵权—共同侵权—未尽注意义务（知道/应知+必要措施）”展开。

---

## 二、规范目的（制度要实现的功能）

### 1）在“保护权利”与“促进网络发展”之间做利益衡量
- 既要有效救济权利人（尤其是网络传播导致的快速扩散损害），也要避免对平台施加过重的一般性审查义务，抑制创新与信息流通。

### 2）确立“过错—控制力—成本”相匹配的责任边界
- 平台对内容的**控制能力越强**、对风险的**预见可能性越高**、采取措施的**成本越低**，越应承担更高注意义务与更重责任。
- 反之，纯粹中立的技术服务不宜当然担责。

### 3）通过“通知—必要措施”机制实现快速止损与可操作治理
- 让权利人有明确路径促使平台介入，平台也有明确合规动作（删、屏、断、禁等），以最低社会成本实现及时止损。

### 4）引导平台建立内部合规与风险预防机制
- 通过责任压力促使平台完善：投诉处理、重复侵权治理、黑名单、关键词/算法治理边界、证据留存、账号处置等规则，从“事后救济”转向“事前预防+事中控制”。

---

如果你能告诉我你这本书/讲义的具体章节标题或“P437、P438”对应的原文关键词（例如“直接侵权/间接侵权/安全港/红旗规则/通知删除”等），我可以把上面框架进一步对齐到该页的原句表述，做成更贴近教材的“逐点对应版”。",《侵权责任法》第36条第1款规定：“网络用户、网络服务提供者利用网络侵害他人民事权益的，应当承担侵权责任。”这是对网络用户、网络服务提供者单独侵权责任的规范。网络用户是指任何使用互联网的民事主体，包括自然人、法人和其他组织。网络服务提供者既包括网络内容服务提供者，也包括网络技术服务提供者。由于网络用户和网络服务提供者利用网络侵害他人民事权益的行为是否构成侵权责任及如何承担侵权责任等问题，本身并无特殊之处，完全可以依据侵权责任法关于一般侵权责任的规定解决。故此，《侵权责任法》第36条第1款是一般性规定，适用于法律没有特别规定的所有的网络侵权行为。《侵权责任法》第36条第2、3款中的网络服务提供者侵权责任的规定，确定了两项重要原则。一是通知规则。根据《侵权责任法》第36条第2款的规定，所谓通知规则是指，在被侵权人通知网络服务提供者要求其采取删除、屏蔽、断开链接等必要措施，如果网络服务提供者接到该通知后置若罔闻，未及时采取必要措施的，则该提供者需要就被侵权人损害扩大的部分与从事侵权行为的网络用户承担连带责任。二是知道规则。依据《侵权责任法》第36条第3款的规定，如果网络服务提供者知道网络用户利用其网络服务侵害他人民事权益，未采取必要措施的，则网络服务提供者应当与该网络用户承担连带责任。之所以《侵权责任法》第36条第2、3款着重规范了网络技术服务提供者的侵权责任，理由在于：首先，网络技术服务提供者不同于网络内容服务提供者。前者只是为网络用户提供接入、传输、存储、即时通信、搜索等技术性服务。它不像网络内容提供者那样会直接从事侵害他人民事权益的加害行为。但是，如果网络用户利用网络技术服务提供者提供的技术服务实施侵害他人民事权益的行为，而该提供者知道或应知道加害行为的存在，却不闻不问，不采取必要的措施来预防和阻止该行为的发生，显然不利于保护民事主体的合法权益。故此，法律上必须给网络技术服务提供者施加一定的注意义务，以有效地实现“保护民事主体的合法权益”“预防侵权行为发生”之目的。其次，网络技术服务提供者应当负有何种程度的注意义务，涉及权益保护与合理自由这一对基本价值的协调问题。一方面，网络上的各种信息浩如烟海，有的侵权，有的不侵权。如果只要有人利用网络服务从事了侵权行为，网络技术服务者就要承担责任，显然强人所难。这样做，既会妨害网络产业的正常发展，更会严重损害人们的行为自由。另一方面，倘若网络技术服务提供者因提供网络服务而获益，却不负有任何注意义务，任由他人利用其服务从事侵权行为，显然无法有效地维护民事主体的合法权益。长此以往，也会妨害信息网络产业的健康发展。为此，需要法律对于网络技术服务提供者的侵权责任作出合理细致的特别规范。
96,民事权利的分类（P41-46）,"下面按民法教材常见体系，把**民事权利的主要分类**（通常对应你说的 P41–46 这段内容）归纳成提纲式要点，便于背诵与答题。

---

## 一、按权利内容与作用：财产权 vs 人身权
### 1）财产权
以**财产利益**为内容，具有经济价值，可转让、可继承（一般情形）。
- **物权**：对物的直接支配（如所有权、用益物权、担保物权）
- **债权**：请求特定人给付（如买卖合同价款请求权）
- **知识产权**：对智力成果的专有权（著作权、专利权、商标权等）
- **继承权**：对被继承人遗产的权利

### 2）人身权
以**人格利益或身份利益**为内容，通常与人身不可分离，原则上不得转让、不得继承。
- **人格权**：生命权、身体权、健康权、姓名权、肖像权、名誉权、隐私权等
- **身份权**：基于特定身份关系产生（配偶权、亲权、监护权等）

---

## 二、按权利效力范围：绝对权 vs 相对权
### 1）绝对权（对世权）
权利人可对**不特定多数人**主张权利，具有排他性。
- 典型：**物权、人格权、知识产权**（多数学说/教材如此归类）

### 2）相对权（对人权）
权利人只能向**特定人**主张。
- 典型：**债权**（合同之债、侵权之债、不当得利、无因管理等）

---

## 三、按权利客体：物权、债权、知识产权、人身权（四分法）
这是教材最常用的“客体/内容结合”的分类方式：
- **物权**：客体为物（不动产、动产等）
- **债权**：客体为给付行为（作为/不作为）
- **知识产权**：客体为智力成果/商业标识等
- **人身权**：客体为人格利益、身份利益

---

## 四、按是否以占有为公示：支配权 vs 请求权
### 1）支配权
权利人可直接支配客体、排除他人干涉。
- 典型：**物权、人格权、知识产权**（多体现为排他支配）

### 2）请求权
权利人请求他人为一定行为或不行为。
- 典型：**债权请求权**
- 物权中也有：**物权请求权**（返还原物、排除妨害、消除危险）

---

## 五、按权利是否独立存在：主权利 vs 从权利
### 1）主权利
能独立存在，不依附于其他权利。
- 如：所有权、合同债权

### 2）从权利
依附于主权利而存在，主权利消灭则从权利通常消灭。
- 典型：**担保物权（抵押权、质权）**从属于被担保债权
- **保证债权**也具有从属性

---

## 六、按权利实现方式：形成权 vs 非形成权
### 1）形成权
权利人以**单方意思表示**即可使法律关系发生、变更或消灭。
- 例：撤销权、解除权、追认权、选择权等

### 2）非形成权
不能仅凭单方意思表示直接改变法律关系。
- 如：一般请求权、支配权等

---

## 七、按权利是否有期限：有期限权利 vs 无期限权利
- **有期限**：如多数债权请求权受诉讼时效影响；知识产权有保护期
- **无期限/长期**：如所有权一般不因期限当然消灭（但可能因征收、放弃等消灭）

---

如果你能告诉我你用的是哪本教材（作者/出版社）或把 P41–46 的目录标题发我，我可以按该书的表述顺序，把每一类的**定义+特征+例子+易错点**整理成更贴合你课本的版本。","民事权利的种类很多，各种权利的性质千差万别，因此我们有必要把各种不同性质的权利加以梳理分类，使之成为一个比较系统和完整的体系。分类要有一定的标准。一般的分类标准主要有：依权利的内容分为财产权与非财产权；依权利的效力范围分为绝对权与相对权；依权利的作用分为支配权、请求权、形成权与抗辩权；等等。1.财产权与非财产权 这是以权利保护的利益是否具有财产属性为标准进行的划分。财产权是以财产利益为内容或直接体现为财产利益的民事权利，财产权有广义与狭义之分。广义财产权不仅包括有体财产权(如物权),还包括债权、知识产权、股权、金融期权、数据财产权、网络虚拟财产权等无体财产权。非财产权是指基于一定的人格利益、身份利益而设定的权利，可具体分为人格权和身份权。人格权是指以权利主体的人格利益为客体的民事权利。《民法总则》规定，自然人享有生命权、身体权、健康权、姓名权、肖像权、名誉权、荣誉权、隐私权、婚姻自主权等权利，法人、非法人组织享有名称权、名誉权、荣誉权等权利。身份权主要是指因婚姻、家庭关系产生的亲属权等人身权利。与团体相联系的社员权也属于身份权。2.绝对权与相对权 这是以权利的效力所及的范围为标准进行的划分。绝对权，又称对世权，是指可以相对于每一个人产生效力的权利，即任何一个人都必须尊重的权利。绝对权的义务主体是不特定的一般人，义务的内容是对权利人的权利的尊重、容忍和不侵扰。在民事权利中，人格权、身份权、物权、知识产权及其他无体财产权等，都属于绝对权的范畴。相对权，又称对人权，是指能够请求特定人为一定行为或不为一定行为的权利。与绝对权不同的是，相对权人只能向特定人提出请求，即只对特定的义务人发生履行上的约束力。债权为典型的相对权。相对权的义务主体即债务人，其义务的内容主要是积极作为的义务即给付义务，如交付货物，有时也包括不作为的义务，如保密义务。3.支配权、请求权、形成权与抗辩权 这是以民事权利的作用为标准进行的划分。支配权是指权利主体对于作为权利客体的事物进行直接支配并享受其利益的权利，如物权、知识产权、人身权均属于此。请求权是指特定人对于特定他人能够请求一定给付的权利。其中享有权利的特定人称为请求权人。而所谓给付，是指满足请求权利益的他人行为。例如承揽关系中承揽人完成一定工作。在民事权利体系中，请求权处于枢纽地位。除了债权本身以请求权为内容并直接以请求权的方式实现以外，各种绝对权如人格权、财产权、知识产权等在遭到侵害时，均需要通过救济性的请求权来获得法律保护。请求权是基于一定的原因或基础权利而发生的。依原因或基础权利的不同，可以将请求权分为债权请求权、物权请求权、准物权请求权、知识产权请求权、人格权请求权等。其中，债权请求权为典型的请求权。形成权是指权利人完全凭借单方的意思表示就能使既存的法律关系发生变动的权利。在特定情形下，法律允许权利主体对某项法律关系采取单方面的行动。这种权利便是形成权。比如，在租赁关系中，承租人有权行使单方终止租赁关系的形成权。形成权的范围广泛，可依不同的标准对其进行分类。形成权依所生效力可以分为三类：第一，生效形成权，如权利人对无权处分行为的承认权、本人对无权代理行为的承认权等。第二，变更形成权，如选择之债因选择权的行使使之转化为简单之债。在发生重大误解行为中当事人的变更权。第三，消灭形成权，如抵销权、撤销权、解除权、继承抛弃权等。抗辩权是指权利人用以对抗请求权或其他权利效力的权利。抗辩是一种拒绝表示。抗辩权的主要作用在于阻止请求权或其他权利的效力，从而使抗辩权人能够拒绝向相对人履行义务，而不在于否认相对人的请求权或其他权利。一般而言，抗辩权是与请求权相对应的，享有抗辩权的民事主体有权拒绝对方请求给付的要求。不过，抗辩权不限于用以对抗请求权，它也可以用来对抗形成权。例如，合同一方当事人行使解除权(在性质上属于形成权)时，另一方当事人可以行使抗辩权予以拒绝。应当注意的是，抗辩权的作用不在于否认相对人权利的存在，也不在于变更或消灭相对人的权利，而在于阻止相对人权利的效力发生。如果一方在权利已经消灭的情况下仍然向相对人主张权利，则相对人可以拒绝，但这并不属于行使抗辩权。这是因为，抗辩权必须是用来对抗某一民事权利的。如果对方并不享有民事权利，则抗辩权也就没有存在的必要。由此可见，抗辩权仅仅是一种防御性的权利。依权利的效力范围，可以将抗辩权分为一时性的抗辩权和永久性的抗辩权。一时性的抗辩权，其效力主要在于暂时地阻止请求权的效力，又称延期抗辩权。同时履行抗辩权、不安抗辩权等均属于一时性的抗辩权。永久性的抗辩权，其效力在于永久地阻止请求权的效力。诉讼时效完成的抗辩权即属于永久性的抗辩权。4.既得权与期待权 这是以是否已经完全具备权利的成立要件为标准进行的划分。既得权，也称完整权，是指已经具备权利取得的全部要件，从而被当事人实际享有的权利。期待权是指仅具备权利取得的部分要件，须等到其余要件具备时才能实际发生的权利，如附延缓条件的债权等。期待权不是已经实际取得的权利，其实质是将未来可能取得的权利作为一种现实的合法利益加以保护，或者说，是对权利的提前保护。5.原权利与救济权 这是以权利效力目的为标准进行的划分。原权利，又称原权，是原有的、基于法律规定或当事人意思产生的权利。救济权是在原权利受到侵害或存在受侵害的危险时对原权利产生救援性作用的权利。例如，民事主体依法享有人身权，当有人侵害其人身权时，民事主体依法享有请求侵害人停止侵害的权利。在这一权利结构中，人身权是原权利，请求侵害人停止侵害的权利属于救济权。6.主权利与从权利 这是以权利是否能独立存在或者以相互关联的几项民事权利的不同地位为标准进行的划分。主权利是指相互关联的几项民事权利中不依赖其他权利而独立存在的权利；从权利是指须以主权利存在为前提的权利，二者为主导和从属的关系。例如在抵押借款合同中，请求偿还本金和利息的权利为主权利，抵押权为从权利。除非法律另有规定或当事人另有约定，主权利与从权利之间存在依附从属关系，即从权利随主权利的移转或消灭而移转或消灭。需要注意的是，主权利与从权利的划分具有相对性。主权利与从权利的区分只在具有关联关系的若干并存权利中才存在，而且并不存在绝对的主权利或绝对的从权利。7.专属权与非专属权 这是以权利是否可与其主体分离为标准进行的划分。专属权是指依附于民事主体，专属民事主体享有、行使，不能任意移转的权利，如著作权人享有的署名权。专属权包括享有上的专属权和行使上的专属权。享有上的专属权是指专属于特定主体享有，不可让与或继承但可以由他人代为行使的权利。行使上的专属权是指不仅专属于特定主体享有，而且权利是否行使也只能由权利人自己决定，他人不得代为行使的权利。人格权原则上为专属行使权。非专属权是指不依附于民事主体，得与民事主体相分离，可以在民事主体之间移转的权利。财产权原则上属于非专属权，但法律规定某些只能由国家或者其他特定主体享有的财产权则具有专属性，如国有土地所有权、公民的受抚养权。法律设置这些权利是以一定的社会政策为依据的。"
98,合同的分类（P292-299）,"你要的“合同的分类（P292-299）”我可以直接按常见教材（民法/合同法）在该页段通常覆盖的体系，把合同分类用条目化方式整理出来。若你能补充教材名称/版本或拍一张目录页，我也能按你书上的标题顺序一一对应。

---

## 一、按是否有名（法律是否规定名称与典型规则）
1. **有名合同（典型合同）**  
   法律规定了合同名称与主要规则（如买卖、租赁、承揽、运输、保管、委托等）。
2. **无名合同（非典型合同）**  
   法律未规定名称或专门规则的合同；一般适用合同编通则，并可类推适用最相近的有名合同规则。

---

## 二、按成立要件（是否以交付为成立要件）
1. **诺成合同**  
   当事人意思表示一致即成立（多数合同）。
2. **实践合同**  
   除意思表示一致外，还须交付标的物等事实行为才成立（如保管、借用、自然人之间的借款等在不同法域/教材表述略有差异，以你教材为准）。

---

## 三、按给付义务的分配（是否互负对待给付）
1. **双务合同**  
   双方互负对待给付义务（如买卖、租赁）。
2. **单务合同**  
   仅一方负给付义务，另一方不负对待给付义务（如赠与在多数情形下）。

---

## 四、按是否有对价/是否无偿
1. **有偿合同**  
   一方取得利益须支付对价（买卖、租赁）。
2. **无偿合同**  
   一方给付不要求对价（赠与、无偿借用等）。

---

## 五、按合同利益是否确定（是否以不确定事件为条件）
1. **射幸合同**  
   合同利益取决于不确定事件，具有风险性（如保险、彩票性质交易等）。
2. **非射幸合同**  
   合同利益通常可预期、可计算。

---

## 六、按合同形式（是否必须采用特定形式）
1. **要式合同**  
   法律规定必须采用特定形式（书面、公证、登记等）才生效或成立（如某些不动产相关合同在教材中常被列为要式）。
2. **不要式合同**  
   一般形式自由，口头、书面、行为均可。

---

## 七、按合同内容是否可分
1. **可分合同**  
   标的或给付可分割，部分履行不影响整体目的（如按数量分批交付的买卖）。
2. **不可分合同**  
   标的或给付不可分割，必须整体履行（如特定物买卖、某些特定服务）。

---

## 八、按合同成立是否依赖第三人行为/意思
1. **为第三人利益合同**  
   约定由债务人向第三人给付，第三人取得请求权（以教材表述为准）。
2. **由第三人履行/向第三人履行等类型**  
   可能与“第三人代为履行”“向第三人给付”并列讲解。

---

## 九、按合同之间的关系（主从关系）
1. **主合同**  
   独立存在。
2. **从合同**  
   依附于主合同（如保证、抵押/质押等担保合同在很多教材中作为从合同讨论）。

---

如果你把“P292-299”对应的教材名称（如《民法学》《合同法》哪一版）或把这几页拍照/发目录标题，我可以按你书上的**原有小标题**逐条整理成可直接背诵的版本（含关键词与例子）。",典型合同与非典型合同；双务合同与单务合同；有偿合同与无偿合同；诺成合同与要物合同；要式合同与不要式合同；一时性合同与继续性合同；主合同与从合同；预约与本约；束己合同与涉他合同
94,国际商事惯例的适用方式（P125）,"国际商事惯例在国际商事争议中通常有以下几种**适用方式**（常见教材在“国际商事惯例/国际贸易惯例”章节会这样归纳）：

1. **依当事人约定而适用（明示或默示）**  
   - **明示约定**：合同中直接写明适用某一惯例或规则（如 Incoterms、UCP600 等），法院/仲裁庭据此适用。  
   - **默示约定**：虽未写明，但从交易习惯、合同用语、行业做法、双方长期交易过程等可推定当事人同意适用。

2. **作为合同条款的补充与解释而适用**  
   当合同约定不明、存在空缺或需要解释术语时，惯例可用于：  
   - 解释合同用语与交易术语；  
   - 补充合同未约定事项（如交付、检验、风险转移的细节）；  
   - 判断当事人义务的通常标准（如“合理时间”“通常包装”等）。

3. **作为准据法（法律）适用的补充规则而适用**  
   在适用某一国法律或统一实体法（如 CISG）时，若该法允许或承认惯例的效力，惯例可作为补充规范进入裁判依据。  
   - 典型：CISG 第9条承认当事人同意的惯例及双方已形成的习惯做法。

4. **在无明确准据法或法律未规定时，作为一般商法规则/一般原则适用**（多见于仲裁）  
   尤其在国际商事仲裁中，仲裁庭可能依据“国际贸易惯例”“商人法（lex mercatoria）”或“国际商事一般原则”直接裁判，或用其填补法律漏洞。

5. **作为事实依据（行业习惯）被采纳**  
   有时惯例不以“规范”身份直接适用，而是作为认定事实、判断过错与合理性的依据：  
   - 判断一方行为是否符合行业通常注意义务；  
   - 判断违约损失、减损义务、通知义务是否合理等。

如果你说的“P125”是某本教材/讲义的页码，把书名或该页照片发我，我可以按你那本书的表述把要点整理成更贴合原文的答案（含关键词/条目顺序）。",1.当事人明示选择 这种方式是指当事人明示选择特定国际商事惯例作为其国际商事合同的准据法。当事人既可以在合同缔结时，也可以在合同缔结后，甚至可以在发生争议后进行这样的选择。2.当事人默示选择 默示选择是在当事人没有明示选择的情况下，依一定事实认定当事人已默示同意对其国际商事合同关系适用特定国际商事惯例。国际商事仲裁实践表明，国际商事交易的当事人对合同法律适用上的沉默，在有些情况下常常被仲裁庭认为当事人默示选择国际商事惯例作为其合同的准据法，如当事人在合同中未明确规定合同准据法、协议将合同提交国际商事仲裁、授权仲裁庭公正裁决他们之间的争议等，这几种情况都表明当事人不愿使其合同关系受制于某一国内法，从而导致国际商事惯例的适用。3.裁判者依法适用 这种方式是指法院或仲裁庭根据国内法或国际条约的规定，对当事人之间的国际合同关系直接适用国际商事惯例。它有一定的强制性，只要符合法律规定的条件就应予以适用。在这种情况下，国际商事惯例适用的根据不是当事人的意思表示，而是法律的规定。4.仲裁庭直接适用 这种方式是指仲裁庭既不是根据当事人的意思，也不是根据国内法或国际条约的规定，而是根据仲裁规则直接适用国际惯例。法院一般不会采纳这种方法。5.裁判者参照适用 这种方式是指不管适用什么样的准据法，都应考虑有关的国际商事惯例。1961年《欧洲国际商事仲裁公约》第7条第1款规定，无论适用当事人指定的法律还是仲裁员自己确定的准据法，仲裁员均应考虑到合同条款和商业惯例。
99,不可抗力的概念认定,"“不可抗力”一般指**不能预见、不能避免并不能克服**的客观情况。我国法律中最常用的认定口径来自《民法典》。

## 1) 法律概念（核心标准）
《民法典》规定：不可抗力是**不能预见、不能避免且不能克服**的客观情况。  
认定时通常同时看三点（缺一往往难成立）：
- **不能预见**：以合同成立时、以一般理性人/同业标准判断，是否可合理预见；
- **不能避免**：即使采取合理措施也无法避免发生或影响；
- **不能克服**：即使采取合理措施也无法克服其后果（如无法按期履行）。

## 2) 认定的常见要素（实务会重点审）
- **事件性质**：是否属于外部客观事件，而非当事人自身原因（管理不善、资金链断裂通常不算）。
- **因果关系**：不可抗力与“不能履行/迟延履行/履行成本异常”之间要有直接因果关系。
- **影响范围与程度**：是“完全不能履行”还是“部分不能履行/暂时不能履行”，影响多大、持续多久。
- **合理减损义务**：发生后是否及时采取措施减少损失、寻求替代履行。
- **通知与举证**：通常需**及时通知**对方并在合理期限内提供证明材料（如政府禁令、气象/地震证明、官方公告等）。

## 3) 常见可/不可认定的例子（仅供参考）
**较可能构成**（视具体情形与证据）：
- 地震、洪水、台风等重大自然灾害；
- 战争、武装冲突、暴乱；
- 政府行为导致无法履行：如禁运、封控、强制停产、征用、突发性行政禁令等。

**通常不构成**（多数情况下）：
- 市场价格波动、汇率波动、一般性供需变化；
- 资金紧张、融资失败、经营不善、人员流失；
- 一般可预见的季节性天气、常规交通延误；
- 供应商违约（除非供应商违约本身由不可抗力直接导致且无法替代）。

> 疫情/封控：是否构成不可抗力要看**具体时间点、地区政策、对履行的直接影响**，并非一概成立。

## 4) 法律后果（大方向）
- 因不可抗力**不能履行**的，通常可**部分或全部免除责任**（按影响程度）。
- 不可抗力导致合同目的不能实现的，可能涉及**解除合同**。
- 但并不当然免除所有义务：已履行部分的结算、返还、费用分担等仍需依法/依约处理。

## 5) 你如果要我帮你判断是否构成
请补充四点信息，我可以按要件逐项分析：
1. 合同类型与关键义务（交付/付款/服务等）  
2. 事件是什么、发生时间地点、持续多久  
3. 事件如何具体导致无法履行（证据有哪些）  
4. 合同里是否有不可抗力条款（通知期限、证明要求、风险分配）",不可抗力是违约责任的法定免责事由。根据《合同法》第117条的规定，“因不可抗力不能履行合同的，根据不可抗力的影响，部分或者全部免除责任，但法律另有规定的除外”。我国《合同法》借鉴了《联合国国际货物销售合同公约》(CISG)、国际商事合同示范法（如《国际商事合同通则》)和《法国民法典》，将不可抗力定义为“不能预见、不能避免并不能克服的客观情况”。不可抗力的认定 在理解“不能避免”和“不能克服”时，应当认识到的是，法律上所说的不可抗力，从来不是从“外力”本身加以判断的，而是要考虑“外力”与有关交易的关系。即法律在判断是否构成不可抗力时，不应着眼于外力本身是否能避免或克服，而应以外力对合同的影响是否能够避免或克服为着眼点。如地震、火山爆发等自然现象固然不可避免和克服，但若对合同无实质影响，便不应认为是不可抗力。从这个意义上，在判断能否避免或克服的问题时，几乎毫无例外地要从个体的角度观察。在认定是否构成“不能预见”时，也应根据当事人的注意能力、个案的实际情况，同时参酌“正常合理人”的注意标准加以确定。
93,国际实体法条约的适用方法（P121-123）,"国际实体法条约（统一实体法条约）的适用方法，通常可概括为以下几种（对应教材常见在 P121–123 的表述框架）：

## 1）直接适用（优先适用）
- **含义**：案件事实落入条约调整范围时，法院/仲裁机构**不再先走冲突规范选法**，而是**直接适用条约的统一实体规则**来解决争议。
- **要点**：  
  - 条约在国内法上具有可适用性（如已生效并完成必要的国内转化/公布程序）。  
  - 条约规则对同一事项通常具有**优先于国内一般法**的效力（依各国宪法与条约法规则具体判断）。

## 2）通过冲突规范的“指引”适用（间接适用）
- **含义**：先依国际私法的冲突规范确定准据法；若准据法指向某一缔约国法，而该国法体系中包含并适用该条约（条约已成为其国内法的一部分），则**以“适用该国法”的方式适用条约**。
- **特点**：条约在这里是作为“被选中的国内法内容”进入案件，而不是一开始就以条约身份直接适用。

## 3）作为国际惯例/商事习惯或合同条款适用（当事人意思自治路径）
- **含义**：即使不满足条约直接适用的条件（例如一方非缔约国、条约不适用于该类交易、或当事人排除条约适用），仍可能：
  - 当事人**在合同中约定适用条约规则**（把条约规则“合同化”）；或
  - 在特定领域将条约规则视为**国际商事惯例/习惯**而被援引适用（需满足习惯的普遍性、确定性等要求）。
- **限制**：不能违反强制性规定、公序良俗等。

## 4）补充/解释性适用（填补漏洞、解释国内法或合同）
- **含义**：条约规则不直接作为裁判依据，但可用于：
  - **解释**国内法相关概念或制度；
  - 在国内法或合同存在空白时，作为**补充性参照**；
  - 作为统一解释的参照（尤其在涉外商事裁判中常见）。
- **注意**：此时条约不必然具有“直接拘束力”，更多是“解释与参照”的规范资源。

---

如果你能告诉我：  
1）你用的是哪本教材/讲义（书名、版本），以及  
2）P121–123 具体标题（如“统一实体法条约的适用”/“国际实体法的适用方法”），  
我可以按该书的原有结构把要点逐条对齐（含关键词与常见例子，如 CISG 等）。","根据调整对象的不同，可将国际私法条约分为国际实体法条约、国际冲突法条约和国际程序法条约，它们在国内的适用方法不能一概而论。下面分析国际实体法条约的适用方法。 （一）国际实体法条约的直接适用 所谓直接适用，是指一国司法机关及其他适用法律的专门机关，以条约的规定作为其适用法律的根据，并以适用国内法的方式适用条约的规定。根据中国《宪法》第67、81、89条和《缔结条约程序法》第3条的规定，中国的缔约权主要由国务院行使，全国人民代表大会常务委员会行使立法权，决定同外国缔结的条约和重要协定的批准和废除，中华人民共和国主席根据全国人民代表大会常务委员会的决定，批准和废除同外国缔结的条约和重要协定，这为国际实体法条约在中国的直接适用提供了宪法体制上的便利。（二）国际实体法条约的优先适用 当国际条约与国内立法存在冲突时，现代国际法要求“当事国不得以援引国内法规定为由而不履行条约”，这为一国法院优先适用国际条约奠定了基础,但“履行条约”并不等于一国法院应该优先适用国际条约，因为“履行条约”的方式可以是多样的。国际条约与国内法冲突的解决方式，取决于国内法的具体规定。各国解决这种冲突的做法有所不同：有的通过修改国内法或国际条约消除两者之间的冲突；有的适用“解释一致”规则消除国际条约与国内法之间不一致的情况；有的规定国际条约调整的事项不再适用国内法，从而避免国际条约与国内法之间的冲突；有的规定优先适用国际条约。（三）当事人选择适用国际实体法条约 国际实体法条约直接适用和优先适用的前提条件是：某一具体案件中的争诉问题属于该国际条约的适用范围，如双方当事人所属国均是该条约的缔约国。如果中国不是某一国际私法条约的缔约国，或者具体案件中的外方当事人所属国或营业地所属国不是条约的缔约国，该条约就不能在中国得到直接适用，更不能优先适用。但是，如果双方当事人在签订合同时，或在发生争议以后，共同选择适用某一条约，只要这种选择符合下列条件，该条约就可以得到适用：（1）当事人的选择是共同的明示选择，具体形式既可以是书面的，也可以是口头的。这强调的是当事人的合意，并且是明确表达出来的共同意思表示。（2）案件的争诉问题属于该国际私法条约调整的范围。即国际私法条约的有关规定可以用来解决具体案件中的有关问题，客观上属于该条约的适用范围。（3）当事人的选择不违反中国法律中的强制性规则和公共秩序。这是各国冲突法限制适用当事人意思自治原则的普遍做法，有些国际条约本身也规定了这个条件。（4）被当事人选择的条约应该是国际统一实体法条约，一般不包括统一程序法条约和统一冲突法条约。因为程序法问题通常涉及国家的公共利益，一般不会赋予当事人自治权；而冲突法规则本身没有相应的确定性，当事人一般不会选择适用。"
97,人格权的概念与特征（P109）,"**人格权的概念**  
人格权，是指自然人（以及法律规定范围内的其他民事主体）依法享有的、以人格利益为客体、用于维护其人格尊严与人身自由、并排除他人非法侵害的民事权利。其保护对象主要包括生命、身体、健康、姓名、肖像、名誉、荣誉、隐私、个人信息等人格利益。

**人格权的特征**  
1. **以人格利益为客体**：权利所指向的是人格尊严、人身自由等非财产性利益，而非物的占有或债权利益。  
2. **专属性（专有性）强**：与特定主体的人身不可分离，原则上只能由权利人本人享有。  
3. **不可转让、不可继承**：一般不得买卖、让与，也不作为遗产继承（但人格利益受侵害产生的请求权、赔偿请求权等在一定条件下可继承或由近亲属主张）。  
4. **非财产性为主但可产生财产利益**：人格权本身通常不以财产利益为内容，但在现实中可能带来经济利益（如肖像、姓名的商业化使用），并可依法获得救济。  
5. **绝对权属性（对世性）**：权利人可对抗不特定多数人，任何人均负有不侵害义务。  
6. **法定性与强保护性**：人格权类型与保护方式主要由法律规定，侵害时通常可请求停止侵害、消除影响、赔礼道歉、赔偿损失等，并可适用精神损害赔偿。  

如果你能告诉我“P109”对应的是哪本教材/版本（如《民法学》或《民法典》配套教材），我可以按该书的表述把概念与特征整理成更贴近原文的要点。","依据现代民法学的主流认识，所谓人格权，是指以主体固有的人格利益为客体，以维护和实现人格平等、人格尊严、人身自由为目标的权利。党的十九大报告提出“保护人民人身权、财产权、人格权”。人格权是一项基本的民事权利，与其他民事权利相比较，人格权主要具有以下特征：1.人格权是民事主体依法所固有的基本权利。人格权是人身权的一种。所谓固有，是指从自然人出生、非自然人成立之日起，就享有人格权，其取得无需民事主体积极作为，而是由法律直接赋予。作为一种固有权利，人格权与民事主体相伴始终。当然，肯定人格权为一种固有权利并非对所谓“天赋人权”理论的延续和扩展，也并不意味着可以将人格权视为一种超越法律而存在的自然权利。人格权在性质上仍是一种法定权利，人格利益的保护范围和方式等也皆因法律的肯定才得以为权利人所实际享有。2.人格权是民事主体专属享有的民事权利。一方面，人格权是民事主体资格得以维持的前提，人格权的阙如，将导致民事主体资格的虚化；另一方面，从其权利要素来看，任何一项人格权皆须以具体的民事主体为依托，并借此表现其价值和个性，否则人格权就没有价值可言。在具体的法律效果上，人格权的专属性特征则集中体现于对权利继承和转让的限制中。当今域内外主流的民法学理论都认为，人格权由权利人专有，不得让与或继承，也和权利能力一样，不得抛弃，并不得由他人代为行使。3.人格权以民事主体的人格利益为其客体。作为人格权客体的人格，是应受法律保护的利益。与有形的财产利益不同，作为人格权客体的人格利益，无论是抽象的抑或具体的，在很大程度上皆体现于精神范畴，都是行为与精神活动的自由和完整的利益，且以人的精神活动为核心而构成。如果说法律对财产利益的保护旨在维持主体的生存发展以及提供其从事各种活动的物质基础，那么,对无形"
95,准据法（P141）,"你说的“准据法（P141）”我理解是让你解释教材第141页里“准据法”的概念与用法。但我没看到你书的内容，先给出通用、考试常用的定义与要点；如果你把P141那段文字/目录拍照或贴出来，我可以按你教材表述逐句梳理。

## 1）什么是“准据法”
**准据法**：在涉外民商事法律关系中，**用来调整该法律关系实体权利义务**的那一国（或地区）的实体法。  
一句话：**“这个涉外纠纷最终按哪国的实体法来判”**，那部法就是准据法。

## 2）准据法解决什么问题
它解决的是**实体法适用**问题，例如：
- 合同是否成立、是否有效、违约责任怎么承担；
- 侵权责任构成、赔偿范围；
- 婚姻家庭、继承中的权利义务内容等。

不直接等同于：
- **管辖法院**（哪个法院审）；
- **程序法**（诉讼程序怎么走）；
- **证据规则**（一般多属程序法范畴，通常适用法院地法）。

## 3）准据法从哪里“选出来”（确定方法）
通常通过**冲突规范（法律适用规则）**来确定准据法，常见连接点包括：
- 当事人意思自治（合同最常见）：当事人可选择适用法；
- 最密切联系地法；
- 当事人共同经常居所地/国籍；
- 侵权行为地法、结果发生地法等。

## 4）常见考点/易混点
- **准据法 ≠ 冲突规范**：冲突规范是“指路牌”，准据法是“最终适用的实体法”。
- **准据法可能被排除/限制**：如公共秩序保留、强制性规定（直接适用法）、规避法律等。
- **反致/转致**：有些体系下，准据法的指向可能涉及是否接受对方法的冲突规范（看你教材是否讲到）。

---

把你教材P141关于“准据法”的原文（拍照或复制）发我，我可以按你书的框架整理成：**定义—特征—确定方法—例题/易错点**，并对应页码要点。","所谓准据法(lex cause,applicable law,proper law),是指按照冲突规范的指引而被援引的具体确定国际民商事法律关系当事人的权利与义务的特定的实体法律。例如，中国《涉外民事关系法律适用法》第36条规定：“不动产物权，适用不动产所在地法律。”在这条冲突规范中，不动产所在地国家的实体法，就是有关不动产物权关系的准据法。受理案件的法院适用这条冲突规范时，如确认所涉不动产位于中国并适用中国实体法，则中国有关实体法就是该不动产物权关系的准据法。可见，准据法是国际民商事法律关系具体适用的法律，而不是冲突规范抽象指定的法律。由于冲突规范的直接作用只是确定法律选择，或者说援引准据法，故它并不能直接调整国际民商事法律关系，只有与它所指定的准据法结合起来才能调整这种关系。因此，冲突规范间接调整国际民商事法律关系的作用的发挥离不开准据法。准据法作为国际私法上的一个特有概念，具有如下特点：第一，准据法必须是能够具体确定国际民商事法律关系中当事人权利义务关系的实体法。虽经冲突规范的指定或援引，但不能用来直接确定当事人的实体权利与义务的法律，不是准据法。譬如，在反致情况下，经内国冲突规范援引的外国冲突规范，就不是准据法。准据法既可能是内国法，也可能是外国法，还可能是国际条约和国际惯例，但均必须是实体法。第二，准据法必须是冲突规范指引的实体法。如不是冲突规范指引的某特定实体法，无论是作为统一实体法的国际条约和国际惯例，还是直接适用的国内实体法，均不能称为准据法。第三，准据法本身不是冲突规范逻辑结构的组成部分，它必须依据冲突规范中的系属并结合有关国际民商事案件的具体情况才能确定。例如，在“婚姻方式依婚姻举行地法”中，“婚姻举行地法”是系属，为了确定某一婚姻方式的准据法，法院需要将该系属中的“婚姻举行地”与该案件中的具体情况结合起来考虑。如果婚姻举行地在中国境内，那么,中国法就是规范该婚姻方式的准据法。"
92,国籍的取得与丧失（P197、198）,"下面按“取得/丧失”把**国籍**的规则做一页式梳理（对应你标注的 P197、198 常见考点）。若你把教材版本/页图发我，我也可以按原文条目逐条对照。

---

## 一、国籍的取得

### 1）出生取得（原始国籍）
- **血统主义**：以父母国籍决定子女国籍（多数国家采用或为主）。
- **出生地主义**：以出生地决定国籍（部分国家采用，或作为补充）。
- **混合制**：血统为主，出生地为辅（现实中很常见）。

### 2）入籍取得（继有国籍）
- **普通入籍**：依申请、经审查批准取得（通常要求居住年限、守法、语言/生计等）。
- **简易入籍**：对特定人群放宽条件（如与本国公民婚姻关系、未成年人随父母等）。
- **因功入籍/特别入籍**：对国家有重大贡献者等，条件更宽或直接授予。

---

## 二、国籍的丧失

### 1）自愿丧失（退出/放弃国籍）
- 本人申请退出，经国家批准后丧失（很多国家要求已取得或将取得他国国籍，以避免无国籍）。

### 2）自动丧失（依法律当然发生）
- 因特定事实发生而依法丧失，例如：**自愿取得外国国籍**、长期定居国外且符合法定条件等（各国规定不同）。

### 3）强制丧失（剥夺国籍）
- 国家基于法律规定对特定行为作出剥夺（通常与严重危害国家安全、重大犯罪等相关；现代法一般强调程序与限制，避免造成无国籍）。

---

如果你告诉我：  
1）这是哪本教材/课程（国际法/宪法/公民法治等），以及  
2）P197-198 的标题或拍照，  
我可以把该页的**原文要点**整理成更贴合你教材的“背诵版/选择题版”。",(一)国籍的取得 国籍的取得是指一个人取得某一国家国民或公民的资格。根据各国的国籍立法和实践，国籍的取得主要有两种方式：一种是因出生而取得一国国籍；另一种是因加入而取得一国国籍。1.因出生而取得国籍 因出生而取得国籍，又称原始国籍、固有国籍，是指一个人由于出生而取得一国国籍。这是最主要的一种取得国籍的方式。各国国籍立法对因出生而取得国籍的规定，采取的立法原则是不相同的。(1)血统主义，就是根据血统关系取得国籍，即以父母的国籍来确定一个人的国籍。根据这一原则，凡是本国国民的子女，不论出生在国内还是国外，当然具有本国国籍。血统原则又进一步分为单系(父系)血统原则和双系(父母)血统原则两种。前者以父亲的国籍确定子女的国籍，故又称为父系血统原则；后者以父母的国籍决定其子女的国籍，亦即父母的国籍对子女的国籍均有影响。(2)出生地主义，指一个人的国籍不依其父母的国籍而取决于其出生的地方，即一个人出生在哪国，就取得哪个国家的国籍，而不问他的父母具有哪国国籍。历史上曾经大量吸收移民的国家，均曾采取过出生地主义。(3)混合主义，即依血统原则和出生地原则相结合的混合原则取得国籍，是指血统关系和出生地都是决定国籍的根据、兼而采之的一种立法模式。不过，采取混合原则的国家，立法上也有不同。有的以血统原则为主，以出生地原则为辅，而有的则平衡地兼采两种原则。目前各国实践的趋势是兼采血统主义和出生地主义，只不过在各国国籍法中侧重点有所不同。例如美国法律规定：出生在美国境外及其海外领地的人，双亲中一人是外国人，而另一人是美国公民的，在出生时即为美国国民和公民。2.因加入而取得国籍 因加入而取得国籍，又称后来国籍或继有国籍，简称入籍，指根据加入国籍者本人的意志或某种事实，并符合入籍国的法定条件和履行法定的程序而取得国籍。入籍有狭义和广义之分。狭义入籍是指外国人或无国籍人按一国法律之规定，通过本人自愿申请并经批准而取得该国国籍。广义入籍还包括基于婚姻、收养、准婚生、领土变更等原因而取得某国国籍。具体方式包括：(1)申请入籍，旧称归化，是指外国人或无国籍人按照一国法律规定，通过本人自愿申请并经批准而取得该国国籍。通常所说的入籍，是指这种狭义的入籍。一个国家是否允许外国人或无国籍人加入本国国籍，是一国主权范围内的事。国家可以根据本国法律的规定，或者批准当事人的申请而入籍，或者拒绝当事人的申请而不准入籍，别国无权干涉，任何人也没有权利主张一个国家必须接受他入籍。(2)婚姻入籍，是指一国公民与另一国公民结婚而取得另一国国籍。由于婚姻而变更国籍的问题，主要是婚姻对女子国籍产生影响的问题。关于婚姻对女子国籍的影响，各国法律规定不同，主要有三种情形：第一种情形是无条件的妻随夫籍。第二种情形是外国女子与本国男子结婚，采取妻随夫籍的原则，无条件取得本国国籍；而本国女子与外国男子结婚，采取女子国籍独立的原则，不必然变更国籍。第三种情形是有条件的妻随夫籍，即外国女子与本国男子结婚，原则上取得本国国籍，但有一定条件；而本国女子与外国男子结婚，原则上丧失本国国籍，但也有一定条件(如居住年限要求)。现代大多数国家国籍立法的倾向是，根据男女平等的原则和妇女国籍独立的原则，规定婚姻不影响国籍。3.因收养或认领非婚生子女入籍 因收养或认领非婚生子女入籍，是指一国国民收养无国籍或具有外国国籍的儿童为养子女，或者认领非婚生子女，而使被收养或认领的儿童取得收养或认领者国家的国籍。收养能否使被收养者的国籍发生变更，各国的法律规定是不同的，大致也有三种情形：第一种情形是收养影响国籍，即本国国民收养的外国国籍或无国籍的养子女，因收养而取得本国国籍。第二种情形是收养不影响国籍，即养子女不因收养而取得养父母所属国的国籍。第三种情形是收养虽不影响国籍，但养父母所属国可按优惠条件(如居住满一定年限或拥有一定的财产)给被收养人以该国国籍。4.由于交换领土入籍 两国在平等的基础上依条约交换部分领土，该领土上的居民的国籍是否随领土的交换而变更，一般是依双方的协议解决的。例如，美国兼并夏威夷后，于1900年立法宣布，所有在1898年8月12日系夏威夷居民的人均成为美国人。
91,和平共处五项原则（P97-99）,"和平共处五项原则通常指 1954 年由中国、印度、缅甸等在相关联合声明中倡导并逐步被国际社会广泛接受的五条基本原则，内容是：

1. **互相尊重主权和领土完整**  
2. **互不侵犯**  
3. **互不干涉内政**  
4. **平等互利**  
5. **和平共处**

如果你说的“P97-99”是某本教材/讲义的页码，你可以把书名版本或拍照发我，我也可以按你那本书的表述帮你整理成更贴合考试/笔记的答案。","和平共处五项原则作为一个开放包容的国际法原则体系，高度概括了相互尊重、公平正义、合作共赢的新型国际关系的本质特征，集中体现了主权、正义、民主、法治、和平和共赢等核心价值观。60多年来，五项原则不断被赋予新的内涵，从“和平共处”到“和平发展”,到“和谐世界”,再到“持久和平、普遍安全、共同繁荣、开放包容、清洁美丽”的“人类命运共同体”,既有传承，更有发展，具有强大的生命力和广泛的适用性。五项原则是一个相互联系、相辅相成、不可分割的统一体，适用于各种社会制度、发展水平、体量规模国家之间的关系。第一，互相尊重主权和领土完整，是五项原则中的首项，也是国际关系和国际法的一条最根本的原则。它包括两个方面的内容，即互相尊重主权和互相尊重领土完整。由于国家的主权和国家的领土完整密切相关，尊重一国主权首先意味着尊重该国的领土完整。因此，将这两个不尽相同但又密不可分的概念合并为一项原则提出来，是一种创新，具有重要意义。互相尊重主权和领土完整原则是国际法的基础和维护国际关系稳定的基石。各国有自由选择政治、法律、经济、社会及文化制度的权利，也有义务相互尊重世界文明和发展模式的多样性。各国在独立、平等的基础上享有权利，并在完全自愿和相互尊重的基础上承担义务和责任。国家有权在其领土内依法采取措施，捍卫其领土完整及自保和发展。第二，互不侵犯原则，是从互相尊重主权和领土完整原则直接引申出来的，也是第一项原则的重要保证。互不侵犯原则是国际和平与安全的根本保障。各国在国际关系中除经安理会授权或行使自卫权外，不得使用武力或以武力相威胁侵犯他国的主权、领土完整和政治独立，特别是不得发动任何形式的侵略。各国应维护以联合国安理会为核心的集体安全机制，倡导互信、互利、平等和协作的新安全观，寻求实现共同安全、综合安全、合作安全、普遍安全和可持续安全。国际社会可通过联合国安理会，根据《联合国宪章》,特别是第七章的规定，在个案基础上，采取集体行动，保护人民免遭战争罪、危害人类罪、种族清洗罪和灭绝种族罪。第三，互不干涉内政原则，也是从互相尊重主权和领土完整原则直接引申出来的，意味着，在现代国际关系中，国家不分大小、强弱均不应进行非法的武装干涉、经济干涉、外交干涉和其他方式干涉。互不干涉内政原则是确保国家独立自主、抵御霸权主义和强权政治的坚强屏障。任何国家均不得组织、协助、煽动、资助、鼓动或容许目的在于以暴力推翻另一国政权的颠覆、恐怖或武装活动，或干预他国的内政。国家或国际组织，经安理会依据《联合国宪章》授权或经他国同意，建设性地介入该国事务，不违反互不干涉内政原则。第四，平等互利原则，既是从互相尊重主权和领土完整原则直接引申出来的，又是在传统的平等原则基础上发展起来的一项新原则。和平共处五项原则倡导“互利”,抓住了国际关系的实质，注重国与国的务实合作。其新意在于：它更强调国家间的真正平等，即真正的平等应该是与互利相联系的，形式上的平等不一定是互利的，而只有互利的平等才是真正的平等。平等互利原则是国家间进行交往、开展合作的行为准则。各国不论大小、贫富、强弱，不论采取何种政治、经济、社会制度，应一律平等，相互尊重，应通过民主协商处理国际事务。各国在追求本国利益时，应兼顾他国利益和维护国际社会共同利益，谋求互利共赢。第五，和平共处原则，既是从互相尊重主权和领土完整原则直接引申出来的，又是五项原则的总称，还是一项单列的原则。《联合国宪章》在序言中规定各国必须“和睦相处”。中国和印度、缅甸将和平共处作为一个单项基本原则提出来，可以说是创新。和平共处原则的深刻含义是，各国不应因社会制度、意识形态和价值观念的不同，而在国际法律地位上有所差别，而应在同一个地球上和平地并存，友好地往来，善意地合作，并利用和平方法解决彼此间的争端。和平共处原则是维护国际秩序稳定的必要条件。"
26,国家主席的职权（P251）,"根据《中华人民共和国宪法》，国家主席的主要职权可概括为（对应教材常见表述）：

1. **公布法律**：根据全国人大及其常委会的决定，公布法律。  
2. **任免国务院领导人员**：根据全国人大的决定，任免国务院总理；根据全国人大常委会的决定，任免国务院副总理、国务委员、各部部长、各委员会主任、审计长、秘书长。  
3. **授予国家荣誉**：授予国家勋章和国家荣誉称号。  
4. **发布特赦令**：根据全国人大常委会的决定，发布特赦令。  
5. **宣布进入紧急状态**：根据全国人大常委会的决定，宣布进入紧急状态。  
6. **宣布战争状态、发布动员令**：根据全国人大或全国人大常委会的决定，宣布战争状态、发布动员令。  
7. **外事职权**：代表国家进行国事活动；接受外国使节；根据全国人大常委会的决定，派遣和召回驻外全权代表；批准和废除同外国缔结的条约和重要协定。

如果你把教材版本/截图发我，我也可以按你书上“P251”的原句顺序帮你整理成一段可直接背诵的答案。",（一）公布法律、发布命令。国家主席根据全国人大及其常委会的决定，公布法律，发布特赦令，宣布进入紧急状态，宣布战争状态，发布动员令。（二）任免权。国家主席提名国务院总理人选，根据全国人大及其常委会的决定，任免国务院总理、副总理、国务委员、各部部长、各委员会主任、审计长、秘书长。（三）外事权。国家主席代表中华人民共和国，进行国事活动接受外国使节；根据全国人大常委会的决定，派遣和召回驻外全权代表，批准和废除同外国缔结的条约和重要协定。（四）授予荣誉权。国家主席根据全国人大及其常委会的决定，授予国家的勋章和荣誉称号。
21,权利的概念（P86、87）,"你问的“权利的概念（P86、87）”我先按法学教材里最常见、最标准的表述给你整理一份（如果你把教材名称/版本或拍下P86-87发我，我可以按原文更精准对照）。

## 一、权利的概念（常用定义）
**权利**是指：**法律确认并保障**的，权利主体为了实现其利益，**可以为一定行为或要求他人为一定行为/不为一定行为**的**资格（或自由、利益）**。

一句话抓要点：  
**权利 = 法律保障的利益 + 可支配/可主张的行为方式（对己或对人）**。

## 二、权利概念的核心要素（通常教材会强调）
1. **主体性**：权利一定属于某个主体（自然人、法人、国家等）。  
2. **利益性**：权利指向某种受法律保护的利益（人身利益、财产利益、政治利益等）。  
3. **规范性/合法性**：权利来源于法律规范的确认（宪法、法律、法规等）。  
4. **可主张性（请求力）**：权利通常意味着可以请求国家强制力保护（可诉、可救济）。  
5. **边界性**：权利不是无限的，受法律限制，也受他人权利与公共利益的限制。

## 三、权利的基本结构（很多书会在这两页讲）
- **权利主体**：谁享有权利  
- **权利客体**：权利指向什么（物、行为、人格利益、智力成果等）  
- **权利内容**：能做什么/能要求什么（权能）  
- **权利保障**：侵害后如何救济（请求权、诉权、国家强制力）

## 四、与“义务”的关系（常见考点）
- **权利与义务相对应**：一方的权利通常对应他方的义务。  
- **权利与义务相统一**：权利的实现往往以履行一定义务为条件；义务的设定也以保障权利为目的。  
- **权利受限制**：行使权利不得损害国家、社会公共利益和他人合法权利。

---

如果你告诉我：  
1）这是哪本教材（如《法理学》《宪法学》《民法总论》等）  
2）P86-87的标题/小标题  
我可以把那两页的“原句式定义 + 关键词 + 可能的简答题答案”按你书上的版本整理出来。",权利是指在一定的法律关系中，法律关系的主体一方对另一方所享有的可以要求一定的作为或不作为并为法律规范所认可的一种资格。它具有以下含义：第一，公民权利反映了主体之间一种对等的法律关系。在一个国家中，公民作为权利主体一方，其与另一方之间的法律地位具有对等性。在特定的法律关系中，主体一方享有一项权利，也就意味着相对应的另一方必须承担某种义务。第二，公民权利是由法律规范认可的。权利必须通过法律规范的确认才能获得法律上的正当性和有效性。而法律规范通过确认权利的内容，实现其自身的价值目标，从而获得其存在的合理性意义。第三，公民权利是一种法律上的资格。从法学的角度来看，权利意味着法律关系主体一方要求另一方作为或不作为的可能性，是一种法律上的资格，而不是这种作为或不作为本身。
17,宪法的特征（P18-20）,"宪法的特征（常见教材在 P18–20 的表述）一般概括为以下几点：

1. **宪法是国家的根本法**  
   规定国家最根本、最重要的问题（如国家性质、根本制度、国家机构、公民基本权利义务等），在国家法律体系中居于最高地位。

2. **宪法具有最高的法律效力**  
   一切法律、行政法规、地方性法规以及国家机关的行为都不得同宪法相抵触；与宪法相抵触的规范或行为应当被纠正或无效。

3. **宪法的制定和修改程序更严格**  
   相比普通法律，宪法的制定、修改通常需要更高的提案门槛、更严格的审议程序和更高的表决通过比例，以保障宪法的稳定性与权威性。

4. **宪法内容具有根本性、原则性与稳定性**  
   宪法多规定基本原则和框架性制度，具有较强的概括性；同时相对稳定，不轻易变动。

5. **宪法是公民权利的根本保障书（权利保障性）**  
   通过确认公民基本权利、限制和规范国家权力运行，保障公民权利不受侵犯。

如果你把教材版本/出版社或 P18–20 的照片发我，我可以按你那本书的原文结构（分点标题、关键词）帮你整理成“背诵版”。",1. 宪法规定了一个国家最根本的问题。宪法的内容涉及国家的政治、经济、文化、社会、对外交往等各方面的重大原则性问题和根本性问题。例如，我国宪法规定了国家的指导思想、根本制度、根本任务、国家性质、中国共产党的领导、政权组织形式、国家结构形式、经济制度、文化制度、外交政策和处理国际关系的基本原则、公民的基本权利和义务、中央和地方国家机构的设置以及各国家机关之间的相互关系等。这些内容是我国国家生活和社会生活中最根本、最重要的问题。而普通法律规定的内容只涉及国家生活或者社会生活中某一方面的问题。2. 宪法的制定和修改程序更为严格。为了维护宪法的尊严、保持内容的稳定性并从形式上赋予其最高法律效力，绝大多数国家在宪法的制定和修改程序上作了比普通法律更为严格的规定。与普通法律的制定相比较，宪法制定程序的特殊性主要有两点：（1）宪法的制定一般要求成立一个专门机构，如制宪会议、制宪议会等，该专门机构的职责就是起草或者制定宪法，在完成起草或者制定宪法的任务以后，该专门机构即解散。如美国由各州推选的代表在费城召集“制宪会议”，起草了1787宪法；法国为制定1791年宪法，由原来三级会议中的第三等级组成“制宪议会”；我国为制定1954年宪法，成立了以毛泽东为主席，朱德、宋庆龄等32为委员的“宪法起草委员会”。一般情况下，普通法律的制定由常设的立法机负责，尤须成立专门机构。（2）宪法的通过程序比普通法律严格。宪法的通过一般要求制宪机关成员的2/3以上或者3/4以上同意，有的国家还需要举行全民公决。在一些联邦制国家，还要求由组成联邦的各个或者多数成员国（州、邦、共和国）批准。而普通法律的通过一般只要求立法机关的议员或者代表过半数同意即可。与普通法律的修改相比较，宪法修改程序的特殊性主要有三点：（1）只有宪法规定的特定主体才可提出修改宪法的议案。如我国《宪法》第64条规定，宪法修改由全国人大常委会或者1/5以上的全国人大代表提议。而有权提议修改普通法律的主体则更广泛一些，即凡有权向立法机关提出法律草案的主体均可提议修改法律。（2）修改宪法的通过程序更严格。如我国《宪法》第64规定，修改宪法由全国人大以全体代表的2/3以上的多数通过。而普通法律的修改由立法机关以全体成员或者参加会议成员的过半数通过即可。（3）有些国家宪法中明确规定对修改宪法内容的限制。3. 宪法具有最高的法律效力。宪法调整的主要社会关系是国家与公民之间的关系。在国家与公民之间的关系上，宪法的主要功能是规范和限制国家权力。因此，宪法的最高法律效力是与国家权力相比较而言的，宪法设定、赋予了国家权力，并确定了国家权力的分配，还设定了行使国家权力的国家机构体系及其内部关系。在宪法层面上，国家权力运行的方式主要有两种，即依据宪法制定法律等规范性文件和依据宪法作出具体的宪法行为。因此，宪法的最高法律效力主要是与普通法律和直接依据宪法作出的具体宪法行为相比较而言的。其中，最基本的宪法行为是立法机关依据宪法制定法律等规范性文件。在这一意义上，宪法的最高法律效力通常是与普通法律相比较而言的。第一，宪法是普通法律制定的基础和依据。宪法确定了国家生活和社会生活中的根本制度、基本制度和基本原则，从宏观上和总体上确定规范、限制和保障国家权力运行的规则，规定公民的基本权利和义务等。立法机关通过立法将宪法的基本原则、基本精神、基本规范具体化，使之成为国家生活和社会生活的具体规范。因此，立法机关在立法时，必须依据宪法的规定，以宪法的规定为基础。无论普通法律是否明确规定其是依据宪法制定的，事实上它们都是依据宪法的规定制定的。如我国《国家赔偿法》第条规定：“为保障公民、法人和其他组织享有依法取得国家赔偿的权利，促进国家机关依法行使职权，根据宪法，制定本法。”其宪法依据主要是我国《宪法》第41条第款，即：“由于国家机关和国家工作人员侵犯公民权利而受到损失的人，有依照法律规定取得赔偿的权利。”有的法律的内容在宪法上可能没有直接的明确依据，但同样是依据宪法的规定制定的，只不过其依据的是宪法的原则和精神或者是宪法上的多项相关规定。第二，与宪法相抵触的普通法律无效。立法机关制定的任何法律都具有法律效力，但其前提是必须与宪法不相抵触，这是保证一个国家具有统一宪法秩序的需要，也是从根本上保障人权的需要。如果法律与宪法相抵触，或者全部无效，或者相抵触的部分无效。违反宪法的法律不是法律，当然也就没有法律效力。例如，日本《刑法》第200条规定，对于杀害尊亲属者一律加罚。该条款因被最高法院认定违反日本宪法关于法律面前一律平等的规定而被废止。为了保证宪法的最高法律效力，各国根据本国的具体国情，建立了各具特色的合宪性审查制度，以审查判断普通法律是否与宪法相抵触。合宪性审查机关如果认定某项普通法律违反宪法，或者直接撤销该法律，或者在具体案件中拒绝适用该法律。
27,人民法院的审判工作原则,"人民法院审判工作的主要原则（概括性）包括：

1. **依法独立行使审判权原则**  
   人民法院依照宪法和法律规定，独立行使审判权，不受行政机关、社会团体和个人的干涉。

2. **以事实为根据、以法律为准绳原则**  
   裁判必须建立在查明的事实基础上，严格适用法律。

3. **法律面前人人平等原则**  
   对所有当事人一律平等适用法律，保障诉讼权利平等。

4. **公开审判原则**  
   一般案件依法公开审理和公开宣判；涉及国家秘密、个人隐私、未成年人等依法不公开。

5. **合议制原则**  
   重大、复杂或法律规定的案件由合议庭审理；简易案件可由法官独任审理。

6. **回避原则**  
   审判人员与案件有利害关系或可能影响公正的，应当回避，保障中立公正。

7. **两审终审原则**  
   一般案件实行两级审判制度，二审裁判为终审裁判（法律另有规定的除外）。

8. **人民陪审员参加审判原则**  
   符合法律规定的案件由人民陪审员与法官组成合议庭参加审理，体现司法民主。

9. **辩论原则（当事人诉讼权利保障）**  
   保障当事人陈述、举证、质证、辩论等权利，程序公正。

10. **以审判为中心、证据裁判原则（刑事审判中尤为突出）**  
   强调庭审实质化，重证据、重调查研究，依法排除非法证据，防止冤错。

如果你需要“法条式”表述（例如按《人民法院组织法》《民事诉讼法》《刑事诉讼法》分别列出），告诉我你要哪一类（民事/刑事/行政/综合），我可以按条文体系整理。",根据《宪法》和《人民法院组织法》的规定，人民法院的审判工作原则主要有依法独立行使审判权、平等适用法律、司法公正、司法民主、公开审判、司法责任制、使用本民族语言文字进行诉讼和当事人有权获得辩护等原则。1. 依法独立行使审判权原则。根据《宪法》第131条规定，人民法院依照法律规定独立行使审判权，不受行政机关、社会团体和个人的千涉。这与一些国家规定法官而不是法院独立审判有所不同。人民法院依照法律规定独立行使审判权，是指人民法院的独任法官、合议庭或者审判委员会等审判组织审判案件时，既要坚持“让审理者裁判，由裁判者负责＂的司法责任制，又要代表人民法院，以人民法院的名义行使审判权。对于特定案件的审判，还要依法坚持由合议庭、专业法官会议、审判委员会等集体讨论决策、集中法院的智慧，以保证法律统一适用，实现案件公正裁判。同时，为了保证全国法院裁判标准的统一，维护司法公正，《宪法》第132条规定，最高人民法院监督地方各级人民法院的审判工作，上级人民法院监督下级人民法院的审判工作。这里的监督，包括制定司法解释和司法政策文件、发布指导性和参考性案例、依照法律程序纠正下级法院的错误裁判等。为防止人民法院之外的机关和个人千预人民法院依法独立行使审判权，国家建立了领导干部等干预司法活动、插手具体案件处理的记录、通报和责任追究制度，以确保人民法院依法独立行使审判权原则得到落实。2. 平等适用法律原则。平等是公正的重要内容，也是司法的价值追求。人民法院审判案件，对于一切公民，不分民族、种族、性别、职业、社会出身、宗教信仰、教育程度、财产状况、居住期限等，在适用法律上一律平等，不允许任何组织和个人有超越法律的特权，禁止任何形式的歧视。3. 司法公正原则。公正是法治的生命线，更是审判工作的生命线。人民法院审理案件，以事实为根据，以法律为准绳，坚持实体公正和程序公正相统一，依法保护各个主体的诉讼权利和其他合法权益，尊重和保障人权。4. 司法民主原则。司法民主本质上是指保障人民参与司法的权利。包括：让公民担任人民陪审员参与审理案件，保障人民群众对审判活动的知情权和监督权，司法裁判要符合人民群众的公平正义观念，要让人民群众有更多的获得感和安全感等。5. 公开审判原则。公开审判是指人民法院在审理案件时，除涉及国家秘密、个人隐私、商业秘密等清形或者涉及未成年人等特殊利益保护外，一律公开进行。近年来，人民法院司法公开力度不断加大，建成了庭审公开复审判流程公开、执行信息公开和裁判文书公开四大平台，落实了《宪法》第130条关于“人民法院审理案件，除法律规定的特别情况外，一律公开进行”的规定。6. 司法责任制原则。人民法院实行司法责任制，建立健全权责统一的司法权力运行机制。2015月，最高人民法院发布《关于完善人民法院司法责任制的若干意见》，“让审理者裁判，由裁判者负责＂的司法责任制改革正式落地。2018年12月，最高入民法院发布《关千进一步全面落实司法责任制的实施意见》。根据这两个文件的规定，法官在审判丁作中独立行使职权，承担责任。故意违反法律规定的，或者因重大过失导致裁判错误并造成严重后果的，依法应当承担违法审判责任且终身追责。对于涉及群体性纠纷可能影响社会稳定的案件，疑难、复杂且在社会上有重大影响的案件，与本院或者上级法院的类案判决可能发生冲突的案件，以及有关单位或者个人反映法官有违法审判行为的案件，院长、副院长、庭长对上述案件的审理过程或者评议结果有异议的，可以决定将案件提交专业法官会议、审判委员会进行讨论，但不得强令独任法官、合议庭接受自己的意见或者直接改变独任法官、合议庭意见。全面落实司法责任制，对促进司法效能和司法公信力整体提升，推进审判体系和审判能力现代化具有重大意义。司法责任制契合了司法的基本规律，落实了司法审判的直接性和亲历性；司法责任制体现了法官员额制改革、法官职业化改革、审判权运行机制改革的价值，赋予这些改革实际意义。7. 使用本民族语言文字进行诉讼原则。为了保障少数民族公民在诉讼中更好地维护自己合法和正当的权益，《宪法》第139条规定，各民族公民都有用本民族语言文字进行诉讼的权利。人民法院对于不通晓当地通用的语言文字的诉讼参与人，应当为他们提供翻译；在少数民族聚居或者多民族共同居住的地区，应当用当地通用的语言进行审理；判决书、布告和其他文书应当根据实际需要使用当地通用的一种或者几种文字。8. 当事人有权获得辩护原则。辩护权是重要的人权。根据《宪法》和《刑事诉讼法》的规定，被告人有权获得辩护，入民法院有义务保证被告人获得辩护。犯罪嫌疑人、被告人除自己行使辩护权以外，还可以委托律师，人民团体或犯罪嫌疑人、被告人所在单位推荐的人，以及犯罪嫌疑人、被告人的监护人、亲友人作为辩护人。人民法院认为必要的时候，可以指定承担法律援助任务的律师为其辩护。近年来，随着司法改革的深入推进，法律援助范围不断扩大，刑事案件律师辩护全覆盖已经逐步推开，司法人权保障不断加强。
25,全国人民代表大会性质、地位、组成、任期和职权（P239-241）,"下面按“性质、地位、组成、任期、职权”概括全国人民代表大会（全国人大）（对应常见教材P239-241要点）：

## 一、性质
- 全国人民代表大会是**我国的最高国家权力机关**。
- 体现人民当家作主：国家一切权力属于人民，人民通过人民代表大会制度行使国家权力。

## 二、地位
- 在国家机构体系中居于**最高地位**，其他国家机关都由它产生、对它负责、受它监督。
- 主要体现为：**立法权、决定权、任免权、监督权**集中体现于全国人大及其常委会的职权体系中。

## 三、组成
- 全国人大由**省、自治区、直辖市、特别行政区和军队**选出的代表组成。
- 代表名额分配体现原则：**人口因素与地区因素相结合**，并兼顾各方面代表性（如少数民族等）。
- 全国人大设立常设机关：**全国人民代表大会常务委员会**（全国人大闭会期间行使部分职权）。

## 四、任期
- 全国人民代表大会每届任期**五年**。
- 每年举行一次会议（通常称“年会”）；必要时可临时召集会议。

## 五、职权（核心）
1. **立法权**
   - 修改宪法；制定和修改刑法、民法典等基本法律（以及其他应由全国人大制定的法律）。
2. **决定权**
   - 决定国家重大事项（如国家发展重大方针政策、重大改革事项等）；批准国民经济和社会发展计划、国家预算及其执行情况报告等。
3. **任免权**
   - 选举/决定/任免国家重要领导人员：如国家主席、副主席；决定国务院总理人选等；选举中央军委主席；选举国家监察委员会主任、最高法院院长、最高检察院检察长等。
4. **监督权**
   - 监督宪法和法律的实施；监督“一府一委两院”（国务院、国家监察委员会、最高人民法院、最高人民检察院）的工作；审查相关工作报告等。

如果你希望我按你教材的具体表述逐条对照（例如“全国人大 vs 全国人大常委会职权分别是什么”），把P239-241的目录/小标题发我，我可以按页码结构整理成更贴近原文的提纲。",《共同纲领》规定，国家最高政权机关为全国人民代表大会。在普选的全国人民代表大会召开以前，中国人民政治协商会议的全体会议执行全国人民代表大会的职权。根据1954年宪法的规定，全国人民代表大会是最高国家权力机关。1975年宪法改为“全国人民代表大会是在中国共产党领导下的最高国家权力机关”。1978年宪法恢复了1954年宪法的提法，规定全国人民代表大会是最高国家权力机关。根据1982年宪法的规定，全国人民代表大会是最高国家权力机关，行使国家立法权。第一，全国人民代表大会作为全国人民的代表机关，具有广泛的代表性。全国人民代表大会由省、自治区、直辖市、特别行政区和军队选出的代表组成。各少数民族都应当有适当名额的代表。宪法规定，国家的一切权力属于人民，而全国人民代表大会集中代表全国人民的根本利益和意志。第二，全国人民代表大会统一行使国家权力。全国人民代表大会有权修改宪法、监督宪法的实施；作为行使国家立法权的机关，有权制定和修改基本法律；全国人民代表大会选举或决定国家领导人；决定国家的重大事项；全国人民代表大会还行使应当由最高国家权力机关行使的其他职权。第三，全国人民代表大会在整个国家机构体系中居于最高地位。全国人民代表大会居于国务院、中央军事委员会、国家监察委员会、最高人民法院和最高人民检察院等其他中央国家机关之上，既不和它们并列，也不受它们制约；其他中央国家机关都由全国人民代表大会产生，执行它制定和修改的法律和通过的决议。全国人民代表大会作为最高国家权力机关，是从全国人民代表大会的性质和它在整个国家机构体系中的地位的角度来说的，这与坚持中国共产党对国家的全面领导是完全一致的。根据《中国共产党章程》的规定，中国共产党的最高领导机关，是党的全国代表大会和它所产生的中央委员会。全国人民代表大会与党的全国代表大会和党的中央委员会是性质不同的两种组织：前者是全国人民行使国家权力的最高政权组织，属于国家机构范畴；而后者是党的中央组织和党的最高领导机关。宪法和党章确立中国共产党领导是中国特色补会主义最本质特征，中国共产党是中国特色社会主义事业的领导核心，党政军民学，东西南北中，党是领导一切的。坚待党中央对国家最高权力机关和立法机关的领导，既是实施宪法的体现，也是贯彻落实党章的要求。以2018年《宪法修正案》为例，先由中共中央提出《关于修改宪法部分内容的建议》，后经全国人民代表大会常务委员会提出宪法修正案草案和议案，最后由全国人民代表大会通过。这是党的最高领导机关领导国家最高权力机关行使国家权力的典型范例。（二）组成、任期和职权。1. 全国人民代表大会的组成和任期。根据《宪法》和《选举法》的规定，全国人民代表大会由省、自治区、直辖市、特别行政区和军队选出的代表组成。代表名额不超过3000人。全国人民代表大会每届任期5年。2. 全国人民代表大会的职权。《宪法》第62条具体规定了全国人民代表大会的16项职权，可以归纳为六个方面：第一，修改宪法和监督宪法实施的权力。宪法的修改由全国人大常委会或1/5以上的全国人民代表大会代表提议，并由全国人民代表大会以全体代表的2/3以上的多数通过。为了维护宪法尊严、保障宪法实施，全国人民代表大会行使监督宪法实施的职权。第二，制定和修改基本法律的权力。全国人民代表大会行使国家立法权，有权制定和修改有关刑事、民事、国家机构的法律和其他基本法律。第三，对中央国家机关组成人员选举、决定人选和罢免的权力。全国人民代表大会选举并有权罢免全国人大常委会的组成人员；选举并有权罢免国家主席、副主席；根据国家主席的提名，决定国务院总理的人选，根据国务院总理的提名，决定国务院副总理、国务委员、各部部长、各委员会主任、审计长和秘书长的人选，并有权罢免国务院总理和国务院其他组成人员；选举中央军事委员会主席，根据中央军事委员会主席的提名，决定中央军事委员会其他组成人员的人选，并有权罢免中央军事委员会主席和中央军事委员会其他组成人员；选举并有权罢免国家监察委员会主任，选举并有权罢免最高人民法院院长和最高人民检察院检察长。第四，决定重大国家事项的权力。全国人民代表大会审查和批准国民经济和社会发展计划和计划执行情况的报告；审查和批准国家的预算和预算执行情况的报告；批准省、自治区和直辖市的建置；决定特别行政区的设立及其制度；决定战争和和平的问题。第五，监督其他中央国家机关的权力。全国人大常委会对全国人民代表大会负责并报告丁作，全国人民代表大会有权改变或者撤销全国人大常委会不适当的决定和法律；国务院对全国人民代表大会负责并报告工作；中央军事委员会主席对全国人民代表大会负责；国家监察委员会对全国人民代表大会负责；最高人民法院和最高人民检察院对全国人民代表大会负责。第六，应当由最高国家权力机关行使的其他职权。鉴于国家政治经济社会生活的复杂性，宪法不可能完全列举全国人大的职权，而国家的一些重大问题又必须由全国人大处理，为此，宪法赋予全国人大行使作为最高国家权力机关应当行使的其他职权。例如，为了保障经济体制改革和对外开放工作的顺利进行，1985年4月10日，六届全国人大三次会议通过决定，授权国务院对于经济体制改革和对外开放方面的问题，必要时可以根据宪法，在同有关法律和全国人大及其常委会的有关决定的基本原则不相抵触的前提下，制定暂行的规定或者条例，颁布实施，并报全国人大常委会备案。
24,我国国家机构体系和组织活动原则（P237、239）,"下面按教材常见表述，把**“国家机构体系”**与**“国家机构组织和活动原则”**要点归纳（对应你说的 P237、P239 一般就是这两块）：

## 一、我国国家机构体系（国家机关体系）
1. **国家权力机关**：全国人民代表大会及其常务委员会；地方各级人民代表大会及其常务委员会。  
2. **国家行政机关**：国务院；地方各级人民政府。  
3. **国家监察机关**：国家监察委员会；地方各级监察委员会。  
4. **国家审判机关**：最高人民法院；地方各级人民法院和专门人民法院。  
5. **国家检察机关**：最高人民检察院；地方各级人民检察院和专门人民检察院。  

（通常教材还会强调：**人民代表大会制度是我国的根本政治制度**，国家机关体系以人大为基础展开。）

## 二、国家机构的组织和活动原则
1. **民主集中制原则**  
   - 国家机构由人民代表大会产生，对人大负责，受人大监督；  
   - 在国家机关内部实行集体领导与个人分工负责相结合等。  

2. **人民当家作主原则（人民主权原则）**  
   - 一切国家权力属于人民；国家机关的设置与运行体现人民意志、服务人民利益。  

3. **依法治国原则（法治原则）**  
   - 国家机构必须在宪法和法律范围内活动；职权法定、程序法定，依法履职。  

4. **权力制约与监督原则**  
   - 人大监督、“一府一委两院”相互配合与制约；  
   - 监察监督、司法监督、审计监督、社会监督等共同构成监督体系。  

5. **精简与效率原则（便民高效）**  
   - 机构设置科学合理、职责明确，反对机构臃肿，提高行政效能与服务能力。  

如果你把教材版本（如《思想道德与法治》/《宪法学》/《法理学》或出版社、年份）或把 P237、P239 的标题发我，我可以按你那本书的原句结构再“对齐”成更贴近页码的标准答案。",（一）党的领导原则。中国共产党是最高政治领导力量，党中央是党的最高领导机关。中国共产党按照总揽全局、协调各方的原则，在同级各种组织包括各级国家机关中发挥领导核心作用，并发挥党组在中央和地方国家机关中的领导作用。中央和地方各级人大机关、行政机关、政协机关、监察机关、审判机关、检察机关本质上都是政治机关，要彰显政治属性，始终坚持在党的领导下依法行使权力、履行职责。党领导人大、政府、政协、监察机关、审判机关、检察机关、武装力量、人民团体、企事业单位、基层群众自治组织、社会组织等，党在各种组织中必须发挥领导作用，把党的领导贯彻到党和国家所有机构履行职责全过程，推动各方面协调行动、增强合力。同时，中国共产党在宪法和法律的范围内活动，并保证国家的立法、司法、行政、监察机关积极主动地、独立负责地、协调一致地工作。（二）民主集中制原则。民主集中制原则是我国宪法的一项基本原则，同时也是国家机构的组织和活动原则。一方面，国家机构建立在充分民主的基础上，对国家重大问题的立法和决定，对国家事务和社会、经济、文化事务的管理，必须符合广大人民的利益和要求；另一方面，国家机构又在民主基础上进行集中，各级人民代表大会统一行使国家权力，产生的其他国家机关对其负责，受其监督。（三）为人民服务原则。根据宪法，国家的一切权力属千人民。人民通过人民代表大会行使国家权力。同时，人民依照法律规定，通过各种途径和形式，管理国家事务，管理经济和文化事业，管理社会事务。一切国家机关和国家机关工作人员必须依靠人民的支持，经常保持同人民的密切联系，倾听人民的意见和建议，自觉接受人民的监督，努力为人民服务。从本质上看，人民是国家的主人，而国家机关工作人员是人民的公仆。必须坚持人民主体地位，健全人民当家作主制度体系，完善体制机制，为人民依法管理国家事务、管理经济文化事业、管理社会事务提供更有力的保障。（四）权责统一原则。我国国家机构行使宪法和法律规定的对国家、社会、经济、文化等事务的管理职权，同时，一切国家机关实行工作责任制。如果国家机关违法或不当行使职权，应承担相应的法律责任。要健全党和国家监督体系，完善对权力运行的监督制约机制；各级国家机关及其工作人员要带头尊法学法守法用法，不得有超越宪法法律的特权，绝不允许以言代法、以权压法、逐利违法、徇私枉法。（五）精简和效率原则。根据宪法的规定，一切国家机关实行精简的原则，不断提高工作质量和效率。必须克服机构重叠、职责交叉、权责脱节、职责划分不够科学、职责缺位和效能不高、一些领域权力运行制约和监督机制不够完善、滥用职权、以权谋私等问题，深化国家机构改革，改革机构设置，优化职能配置，转变政府职能第二节全国人民代表大会及其常务委员会和管理方式，提高效率效能，不断提高国家机关的管理水平和服务质督，反对官僚主义。（六）法治原则。宪法最主要的功能是确认、规范和制约国家权力，保证国家机构按照宪法规定的原则、方式和程序行使权力、履行职责。要坚持依法治国、依法执政、依法行政共同推进，坚持法治国家、法治政府、法治社会一体建设，依法依规完善国家机构职能，依法履行职责，依法管理机构和编制，完善国家机构组织法，既发挥法治规范和保障作用，做到重大改革于法有据，又通过改革加强和完善法治。
23,公民的基本义务（P220-226）,"我国《宪法》规定的**公民基本义务**（常见教材对应 P220-226）主要包括：

1. **维护国家统一和全国各民族团结**（宪法第52条）  
2. **遵守宪法和法律，保守国家秘密，爱护公共财产，遵守劳动纪律和公共秩序，尊重社会公德**（第53条）  
3. **维护祖国的安全、荣誉和利益**（第54条）  
4. **依法服兵役和参加民兵组织**（第55条）  
5. **依法纳税**（第56条）  
6. **劳动的义务**（第42条）  
7. **受教育的义务**（第46条）  
8. **夫妻双方有实行计划生育的义务**（第49条）  
9. **父母抚养教育未成年子女的义务；成年子女赡养扶助父母的义务**（第49条）  
10. **保护环境和自然资源的义务**（宪法第26条：国家保护环境；公民有保护环境的责任——教材常归入公民义务）

如果你告诉我你用的是哪本教材（出版社/书名/年级），我也可以按你书上“P220-226”的原顺序整理成更贴合你课本的答案。",一、维护国家统一和各民族团结的义务。二、维护国家统一和各民族团结的义务。三、遵守宪法和法律的义务。（一）保守国家秘密。国家秘密是指涉及党和国家的安全与利益，尚未公开或不准公开的政治、经济、军事、公安、司法等秘密事项以及应当保密的文件、资料等。《保守国家秘密法》第条规定公民有保守国家秘密的义务。违反《保守国家秘密法》的规定，故意或过失泄露国家秘密，构成犯罪的，按照刑法有关规定追究刑事责任；泄露国家秘密，不够刑事处罚的，可以酌情给予行政处分。（二）保护公共财产。公共财产是指全民所有财产和劳动群众集体所有财产。《宪法》第12条规定：“社会主义的公共财产神圣不可侵犯。国家保护社会主义的公共财产。禁止任何组织或者个人用任何手段侵占或者破坏国家的和集体的财产。”（三）遵守劳动纪律。劳动纪律是指劳动者在从事社会生产和工作时，必须遵守和执行的劳动秩序、劳动规则及其工作程序。（四）遵守公共秩序。公共秩序包括社会秩序、生产秩序、教学科研秩序。公共秩序是保证安定团结的政治局面、进行社会主义现代化建设的重要条件。每位公民必须维护公共秩序，并同一切破坏公共秩序的行为进行斗争。（五）尊重社会公德。宪法规定的社会公德指社会公共道德，是人们在社会交往和公共生活中应当遵守的道德标准和行为准则，其核心内容是爱祖国、爱人民、爱劳动、爱科学、爱社会主义。爱国主义教育的目的是要弘扬民族精神和时代精神，巩固和发展最广泛的爱国统一战线，把人民群众的爱国热情引导和凝聚到建设和发展中国特色社会主义事业上来，使之做有理想、有道德、有文化、有纪律的社会主义公民。四、维护祖国安全、荣誉和利益的义务。五、依法服兵役的义务。六、依法纳税的义务。七、宪法规定的公民其他义务。
19,我国宪法的基本原则,"我国宪法的基本原则通常概括为以下几项（以现行《中华人民共和国宪法》及其通行表述为依据）：

1. **党的领导原则**  
   坚持中国共产党领导是中国特色社会主义最本质的特征，是宪法确立的根本政治原则。

2. **人民主权原则（人民当家作主）**  
   国家的一切权力属于人民；人民通过人民代表大会制度等途径行使国家权力。

3. **社会主义法治原则（依法治国、宪法至上）**  
   实行依法治国，建设社会主义法治国家；宪法具有最高法律效力，任何组织和个人都不得有超越宪法和法律的特权。

4. **民主集中制原则**  
   国家机构实行民主集中制：在民主基础上的集中和在集中指导下的民主相结合。

5. **保障人权原则**  
   国家尊重和保障人权，保障公民的基本权利和自由，并规定相应的义务。

6. **国家统一与民族团结原则**  
   维护国家统一和全国各民族团结；实行民族区域自治制度，保障少数民族合法权益。

7. **社会主义基本制度与基本经济制度原则**  
   坚持社会主义制度；以公有制为主体、多种所有制经济共同发展等基本经济制度安排。

如果你是用于考试/作业，我也可以按“概念—宪法依据条文要点—常见考法”帮你整理成更标准的答题模板。",（一）坚持中国共产党的领导。1. 坚持中国共产党的领导，是历史和人民的选择。2. 坚持中国共产党的领导，是由我国的国体决定的。3. 坚持中国共产党的领导，是由中华民族伟大复兴崇高目标和国家根本任务决定的。（二）人民主权。（三）社会主义法治。（四）尊重和保障人权。（五）权力监督与制约。1. 人民对国家权力的监督。2. 公民对国家机关和国家工作人员的监督。3. 国家机关之间的制约和监督。（六）民主集中制。
20,我国的国家性质,"我国（中华人民共和国）的国家性质是：**人民民主专政的社会主义国家**。

- **国体（国家性质）**：人民民主专政  
- **社会制度属性**：社会主义  
- **宪法依据**：《中华人民共和国宪法》第一条规定：“中华人民共和国是工人阶级领导的、以工农联盟为基础的人民民主专政的社会主义国家。”",（一）人民民主专政在我国的确立。（二）人民民主专政实质上是无产阶级专政。
74,民事诉讼证据的特征（P118、119）,"民事诉讼证据的特征（常见概括，教材多在P118-119处表述）：

1. **客观性（真实性）**  
   证据必须是客观存在的事实材料，不以当事人主观意志为转移；其内容应当真实可靠，能够反映案件事实。

2. **关联性**  
   证据与待证事实之间必须具有实质联系，能够对案件事实的认定产生证明作用；与争议焦点无关的材料不构成有效证据意义上的“证据”。

3. **合法性**  
   证据的**来源、形式、收集与提交程序**应符合法律规定；以违法方法取得、严重违反法定程序可能影响公正的证据，依法可能不被采纳。

如果你把教材版本/出版社或P118-119的原文拍照发我，我也可以按你书上的表述逐条整理成更贴近原文的答案。",(一)客观性：证据的客观性，亦称证据的真实性，是指证据的形式和内容必须是客观存在的事实，而不是捏造或虚构的东西。首先，证据必须以某种能够被人感知的形式体现出来，这就是证据的形式客观性。只有以特定的物质载体表现出来并为人们以某种方式所感知，证据才能够对案件事实起到证明作用。其次，证据必须是客观存在的事实，必须反映客观实际情况，这就是证据的内容客观性。证据的内容客观性其实强调的是证据的真实性。也就是说，证据必须是真实的，只有真实的资料和信息才可能成为法院认定案件事实的根据。证据的客观性并不意味着证据不具有丝毫主观的成分。在民事诉讼中，受主观认识或者其他因素的影响，当事人总是尽可能多地向法院提供有利于自己的证据资料、隐藏不利于自己的证据资料，甚至有可能提交伪造、篡改的事实作为证据资料。诉讼证明活动正是要从当事人提供的证据资料中去伪存真、去粗取精。但是，受法官的认识能力、个人偏见或者其他客观因素的影响，经法官认定的证据仍可能并不是或者不完全是客观事实。从这个角度来看，证据也具有主观的成分。但这并不影响、更不能否定客观性是证据的本质属性。(二)关联性：并非所有的事实都能对案件事实起证明作用。要对案件事实起证明作用，用作证据的事实必须与案件事实之间有内在的必然联系。证据的关联性，又称相关性，是指只有与待证的案件事实之间存在客观的、内在的、必然的联系的事实，才能成为民事诉讼证据。首先，从形式上看，证据与待证事实之间必须存在逻辑上的联系，即人们运用逻辑规则可以从作为证据的事实推导出案件事实。上述事实的证据在形式上就必须符合相关法律的规定。2.从取证方法看，证据必须依据法定程序和方法调查收集。无论当事人还是法院，调查收集证据的行为必须合法。《民诉法解释》第106条规定：“对以严重侵害他人合法权益、违反法律禁止性规定或者严重违背公序良俗的方法形成或者获取的证据，不得作为认定案件事实的根据。”根据这一规定，当事人用肉体折磨或精神虐待，或私自安装窃听装置等方法取得的证据就因不具有合法性而不能作为证据。3.从证据的使用程序看，当事人提供的证据必须经过法定的程序才能成为定案根据。这一法定程序主要是指证据的质证程序，即证据应当在法庭上出示，由当事人质证。未经当事人质证的证据，不能作为认定案件事实的依据。但是，当事人在审理前的准备阶段认可的证据，经审判人员在庭审中说明后，视为质证过的证据。其次，从内容上看，由于证据与案件事实之间的联系方式不同，有直接联系或间接联系，因而证据对证明案件事实的作用也不同。证据的关联性要求每一个具体的证据必须对证明案件事实具有实质性意义。也就是说，其中的联系必须是客观的、内在的、必然的联系。(三)合法性：证据的合法性，也称证据的法律性，是指某种事实在民事诉讼中作为认定案件事实根据的适格性或者容许性。证据的合法性具有以下三层含义：1.从形式上看，证据必须具备法定的表现形式。根据我国《民事诉讼法》的规定，民事诉讼证据必须表现为以下八种形式之一：(1)当事人的陈述；(2)书证；(3)物证；(4)视听资料；(5)电子数据；(6)证人证言；(7)鉴定意见；(8)勘验笔录。此外，根据其他相关法律的规定，某些法律事实或法律行为必须用某种特定形式的证据予以证明。比如，婚姻状况必须用结婚证或离婚证予以证明；保证合同和抵押合同必须用书面合同予以证明。在民事诉讼中，当事人证明上述事实的证据在形式上就必须符合相关法律的规定。2.从取证方法看，证据必须依据法定程序和方法调查收集。无论当事人还是法院，调查收集证据的行为必须合法。《民诉法解释》第106条规定：“对以严重侵害他人合法权益、违反法律禁止性规定或者严重违背公序良俗的方法形成或者获取的证据，不得作为认定案件事实的根据。”根据这一规定，当事人用肉体折磨或精神虐待，或私自安装窃听装置等方法取得的证据就因不具有合法性而不能作为证据。3.从证据的使用程序看，当事人提供的证据必须经过法定的程序才能成为定案根据。这一法定程序主要是指证据的质证程序，即证据应当在法庭上出示，由当事人质证。未经当事人质证的证据，不能作为认定案件事实的依据。但是，当事人在审理前的准备阶段认可的证据，经审判人员在庭审中说明后，视为质证过的证据。在证据的“三性”中，证据的客观性是证据的自然属性，也是最本质的属性。证据的客观性是关联性和合法性的基础。证据的关联性是在客观性的基础上对证据特征的进一步揭示，体现了证据对证明案件事实的作用和价值。它的作用在于缩小收集、调查、审查证据的范围，提高诉讼证明的效率。证据的合法性是在关联性的基础上对证据提出的法律要求，体现了诉讼证明与日常生活中普通形式的证明的本质区别，体现了证据的法律属性。
77,简易程序的特点,"“简易程序”（通常指小程序/轻量级应用/简单脚本类程序）的常见特点：

1. **体量小、结构简单**：代码量少、模块少，功能聚焦，易读易维护。  
2. **开发周期短、成本低**：需求简单，上线快，适合快速验证想法（原型/ MVP）。  
3. **依赖少、部署轻量**：安装包小或无需安装，运行环境要求低，发布与更新方便。  
4. **交互与界面相对简化**：页面少、流程短，操作路径清晰。  
5. **功能单一或专用性强**：解决某个具体问题（如查询、计算、提醒、表单提交等）。  
6. **性能与资源占用较低**：启动快、占用内存/存储少（但复杂场景能力有限）。  
7. **可扩展性有限**：适合小规模使用；当需求变复杂时可能需要重构或升级为完整系统。  
8. **安全与权限相对受限**：通常只申请必要权限，数据处理较简单（但仍需注意隐私与安全）。

如果你说的“简易程序”是指某一类（如微信小程序、PLC简易程序、C语言入门程序等），告诉我场景，我可以按该领域更精准地总结特点。",(一)起诉方式简便：《民事诉讼法》第158条规定，对于简单的民事案件，原告可以口头起诉。口头起诉是指原告本人不能书写起诉状，委托他人代写起诉状又确有困难时，将自己的诉讼请求、事实与理由、相关证据以口述方式诉至法院并由法院记录、登记、核对的一种起诉方式。简易程序的口头起诉方式应当注意以下几个方面：1.原告指的是自然人，法人或其他组织的起诉必须采用书面形式。2.原告本人不能书写起诉状，主要包括两种情形：其一，原告本人是文盲或半文盲，不能亲自书写诉状；其二，原告本人因肢体残疾不能书写起诉状。3.委托他人代写确有困难，是指原告不能委托家人或朋友代写，又因经济困难不能委托法律服务机构有偿代写的情况。(二)受理程序简便：受理程序简便，是指法院审查起诉和决定是否受理的程序简便。在审查原告的起诉时，经审查认为符合条件的，可以当即通知原告予以受理；认为不符合受理条件的，则可以当即告知原告不予受理，并说明理由。当事人双方同时到基层法院或者它的派出法庭请求解决纠纷的，基层法院和它的派出法庭可以当即进行审理。如果案件不具备当即审理条件的，也可以另定日期审理。(三)传唤方式简便：简易程序简化了法院传唤当事人、通知证人和其他诉讼参与人的程序和方式。法院可以采取捎口信、打电话、发短信、发传真、发电子邮件等简便方式传唤双方当事人、通知证人。传唤的时间，不受普通程序规定必须在开庭3日前通知当事人和其他诉讼参加人的限制。《民诉法解释》第261条规定，以简便方式送达的开庭通知，未经当事人确认或者没有其他证据证明当事人已经收到的，法院不得缺席判决。(四)审判组织采用独任制：适用简易程序审理的案件，一律实行独任制，即由审判员一人独任审判，书记员担任记录。按照普通程序审理案件时，必须由审判员、陪审员共同组成合议庭，或者由审判员组成合议庭进行审理，实行合议制。(五)庭审程序简化：适用简易程序审理案件时，在庭审程序上不受《民事诉讼法》第136条、第138条和第141条规定的限制，即：不必在开庭3日前公布当事人姓名、案由和开庭的时间、地点；法庭调查和法庭辩论可以合并进行，也可以穿插进行，灵活掌握；案件应当一次开庭审结，但法院认为确有必要再次开庭的除外。(六)审理期限较短：《民事诉讼法》第161条规定，法院适用简易程序审理案件，应当在立案之日起3个月内审结。《民诉法解释》第258条第1款规定：“适用简易程序审理的案件，审理期限到期后，双方当事人同意继续适用简易程序的，由本院院长批准，可以延长审理期限。延长后的审理期限累计不得超过六个月。”
78,公益诉讼的特征（P219）,"公益诉讼的主要特征可概括为以下几点（常见教材表述）：

1. **保护对象的公益性**：以社会公共利益为直接保护对象，而非特定个人或少数人的私益。  
2. **原告主体的法定性/特定性**：起诉主体通常由法律明确限定（如检察机关、符合法定条件的社会组织等），并非一般利害关系人均可起诉。  
3. **起诉条件的特殊性（不以个人直接利害关系为必要）**：强调“公益受损”即可启动，通常不要求原告与案件具有传统民事诉讼意义上的直接利害关系。  
4. **诉讼目的的预防与修复并重**：不仅追求损害救济，还强调对公共利益损害的**预防、制止、修复**（如停止侵害、消除危险、恢复原状等）。  
5. **程序与职权色彩较强**：为实现公益保护，法院、检察机关在调查取证、公告、和解/调解审查、执行监督等方面往往具有更强的职权介入与程序保障。  
6. **裁判效力的扩张性**：判决、调解等结果通常对不特定多数人发生影响，具有更明显的社会性与外溢效应。  

如果你能告诉我“P219”对应的是哪本教材/版本（书名、作者或章节），我可以按该书的原文框架把要点更贴近书上的表述整理出来。",1.原告与案件无直接利害关系。民事诉讼一般涉及的是私人利益，原告因自己的民事权益受到被告的侵害，为保护自己依法享有的权利而提起诉讼。因此，原告与所提起的诉讼之间具有直接的利害关系。《民事诉讼法》第119条把“原告是与本案有直接利害关系的公民、法人和其他组织”作为提起诉讼的条件之一。在公益诉讼中，原告并未受到被告行为的直接侵害，与所提起的诉讼之间并无直接的利害关系。如经营者在合同中规定的格式条款，虽然损害了不特定的多数消费者利益，但并未对消费者协会的利益造成损害，但消费者协会有权提起公益诉讼。也就是说，在公益诉讼中，法律放宽了对原告资格的限制，允许与本案无直接利害关系的人作为原告提起公益诉讼。2.原告起诉的目的是维护社会的公共利益。民事诉讼是为保护私人利益，解决私人之间的民事权益争议而设立的制度，原告起诉的目的在于保护其本人的民事权益。公益诉讼则不同，原告本人的权益并未受到被告的损害或者直接损害，原告起诉也不是为维护本人的权益，而是旨在维护受到损害的社会公共利益。
75,法院调解的原则（P154、155）,"法院调解的原则（常见教材在P154—155处归纳）一般包括以下几项：

1. **自愿原则**  
   调解必须建立在当事人自愿基础上，是否调解、是否达成协议、协议内容均不得强迫。

2. **合法原则**  
   调解协议内容不得违反法律、行政法规的强制性规定，不得损害国家利益、社会公共利益和他人合法权益。

3. **查明事实、分清是非原则**  
   在基本查清事实、明确争议焦点和责任基础上进行调解，防止“和稀泥式”调解。

4. **平等协商原则**  
   当事人诉讼地位平等，法院应保障双方充分表达意见、平等协商，避免偏袒任何一方。

5. **调解与判决相结合原则（能调则调、当判则判）**  
   适宜调解的积极调解；调解不成或不宜调解的，及时依法裁判，防止久调不决。

如果你把教材版本/书名或P154、155的截图发我，我可以按你那本书的原文表述逐条对照整理。","(一)自愿原则：自愿原则，是指法院进行调解时，必须以双方当事人的自愿为前提，不得违背当事人的自主意志强行启动调解程序，以及强迫当事人接受调解方案。自愿原则具体表现在程序与实体两个方面。1.在程序方面，自愿表现为法院采用调解的方式解决民事纠纷。除离婚等必须进行调解的案件以外，对于任何案件进行调解，都必须首先征得当事人双方同意，即不论是调解的启动还是调解的进行，都需要征得当事人双方的同意，在当事人双方自愿的条件下进行，不得强迫调解。2.在实体方面，自愿表现为当事人双方对调解协议的内容，即实体民事权益的处分必须自愿，且属于真实意思表示。《民事诉讼法》第96条规定：“调解达成协议，必须双方自愿，不得强迫……”《民诉法解释》第145条第1款规定：“人民法院审理民事案件，应当根据自愿、合法的原则进行调解。当事人一方或者双方坚持不愿调解的，应当及时裁判。”在法院调解中，审判人员可以根据法律与民事政策对当事人进行引导，说服教育，向当事人提出调解的建议，但不能将自己对案件的处理意见强加给当事人，双方当事人能否达成协议，不仅完全取决于双方当事人的自愿，而且当事人在是否同意调解意愿的表达上必须是明示的，不能采取默示的方式。(二)合法原则：合法原则，是指法院调解不仅必须依法进行，而且调解的过程以及调解中达成协议的内容也要符合法律的规定。所谓符合法律的规定也具体表现在程序和实体两个方面。1.在程序方面，法院调解的启动、方式、步骤以及调解协议的达成与调解书的制作、送达，均应符合法律规定。不能为追求调解结案而省略若干程序，即调解必须按照《民事诉讼法》以及最高人民法院有关调解程序的规定进行。2.在实体方面，调解协议的内容不得违反法律、行政法规的强制性规定，不得损害国家利益、社会公共利益和他人的合法权益。在法院调解过程中，主持调解的审判人员应当认真审查、引导当事人正确达成调解协议，如果调解协议内容违反法律规定，即使是出于当事人的自愿而达成的，也不应当允许。(三)查明事实、分清是非的原则：查明事实、分清是非的原则，是指法院调解应当在事实清楚、是非分明的基础上进行。《民事诉讼法》第93条规定：“人民法院审理民事案件，根据当事人自愿的原则，在事实清楚的基础上，分清是非，进行调解。”即法院调解不是无原则地“和稀泥”,应当以事实为依据，以法律为准绳，体现对社会公平正义的追求。换言之，事实清楚，是非分明，不仅是衡量调解结果正当与否的基础，查明案件事实，分清双方当事人之间的是与非，也是促使当事人达成协议的重要手段。如果当事人双方在案件事实和是非判断上认识不清，就不可能对事实的法律后果有正确的理解，也很难对实体权利作出令人接受的方案。同时，只有查明案件事实，分清是非，才能使审判人员抓住当事人争议的焦点，找准解决纠纷的切入点，实施合理的调解措施，为正确进行调解、达成调解协议提供依据。在理论上有观点认为，既然调解是当事人之间通过相互协商、让步的方式解决纠纷而不是通过判决解决纠纷，就无须查明案件事实，分清是非。同时，从节约司法成本、提高调解成功率的角度主张在法院调解中取消查明事实、分清是非的原则。但本书认为，法院调解作为审判权和当事人处分权相结合条件下解决纠纷的一种方式，其中审判权力的行使必须保证其合法性。法院调解虽然对案件事实清楚的要求程度不像判决那么高，但也应做到事实基本清楚、是非基本明确，否则调解方案的提出和内容的审查就没有依据，既难以使当事人接受，也无法保证其合法性，因而法院调解应当遵循查明事实、分清是非的原则。"
79,对民事裁判案件的再审（P255、256）,"你说的“对民事裁判案件的再审（P255、256）”，通常对应《民事诉讼法》里**对已经发生法律效力的民事判决、裁定**启动再审（审判监督程序）的要点。下面按考试/笔记常见框架把核心内容整理出来（你也可以把教材版本/页码内容拍照发我，我能按你书上的表述逐条对照）。

---

## 一、再审的对象（什么案件能再审）
- **已经发生法律效力**的民事**判决、裁定**（一般不包括调解书的“判决式”再审，调解书另有规则）。
- 典型：二审判决、二审裁定；一审未上诉已生效的判决/裁定等。

---

## 二、再审的启动途径（谁提、向谁提）
民事再审主要有三条路径：

### 1）当事人申请再审（最常见）
- **主体**：案件当事人（原告、被告、有独立请求权第三人等）。
- **法院**：一般向**作出生效裁判的法院的上一级法院**申请；有的情形也可向原审法院申请（以教材/法条具体规定为准）。
- **期限**：通常为**裁判生效后6个月内**提出申请（法定例外情形除外）。

### 2）法院依职权再审
- **主体**：人民法院发现生效裁判确有错误，可依职权启动审判监督。
- **方式**：通过院长提交审委会讨论决定等程序（教材一般会写“院长发现→提交审委会决定”）。

### 3）检察机关抗诉/检察建议（法律监督）
- **主体**：人民检察院。
- **对象**：对生效判决、裁定认为确有错误的，可提出抗诉或检察建议，进入再审程序。

---

## 三、再审事由（为什么能再审：法定理由）
各教材通常把再审理由概括为“**事实错误、证据问题、法律适用错误、程序严重违法、审判人员违法**”等。常见法定事由包括：

1. **有新的证据**足以推翻原判决、裁定。  
2. 原判决、裁定认定事实的主要证据**不足**。  
3. 主要证据系**伪造**。  
4. 主要证据未经**质证**或对方当事人无法质证等，影响公正。  
5. 适用法律确有错误。  
6. 违反法定程序，可能影响公正审判（如应当回避未回避、剥夺辩论权等）。  
7. 审判人员有贪污受贿、徇私舞弊、枉法裁判等行为。  
8. 其他足以导致裁判错误的法定情形（教材可能列举更细）。

---

## 四、再审的审理与裁判（怎么审、审完怎么办）
### 1）是否停止执行
- 一般规则：**申请再审不当然停止执行**。  
- 但法院裁定再审后，可能依法决定中止执行（以具体规定为准）。

### 2）再审由哪个法院审
- 通常由**原审法院**或其**上级法院**再审；上级法院提审/指令再审是常见模式。

### 3）再审适用的程序
- 再审审理时，通常**参照一审或二审程序**：
  - 对一审生效裁判再审：多按**一审程序**审理；
  - 对二审生效裁判再审：多按**二审程序**审理（不同教材表述略有差异）。

### 4）再审可能的结果
- 维持原判决、裁定；
- 改判；
- 撤销原判，发回重审；
- 撤销并驳回起诉/终结诉讼等（视具体情形）。

---

## 五、你复习时最容易考的“点”
- **再审对象**：必须是“已生效”的判决/裁定。  
- **三种启动方式**：当事人申请、法院职权、检察监督。  
- **申请期限**：一般“生效后6个月”。  
- **不当然停止执行**：申请再审≠自动停执行。  
- **再审理由**：新证据、证据问题、法律适用错误、程序严重违法、审判人员违法。

---

如果你把“P255、256”那两页的标题/小点（或拍照）发我，我可以按你教材的结构把每一条补全成**完全对应页码的背诵版**（含关键词、易混点对比）。",对原审法院以裁判的方式审结的案件，再审法院经过再审审理后，可以依法作出裁判文书，对原审裁判内容的正确与否予以判定。由于再审程序的目的是纠正确有错误的生效法律文书，因此再审审理后的裁判文书应当对原生效的裁定书或判决书的效力作出回应，确认是否撤销原生效裁判。法院对民事裁判案件的再审审理后，按下列情形予以处理：1.原判决、裁定认定事实清楚、适用法律正确的，应用判决、裁定的方式予以维持。2.原判决、裁定在认定事实、适用法律、阐述理由方面虽有瑕疵，但裁判结果正确的，法院应在再审判决、裁定中纠正上述瑕疵后予以维持。3.原判决、裁定认定事实、适用法律错误，导致裁判结果错误的，再审法院应当依法改判、撤销或者变更原裁判。4.在再审中发现案件一审起诉就不符合受理条件或不符合起诉条件的，应当裁定撤销原审各判决，驳回起诉。就原生效判决所涉及的案件，如果双方当事人在再审中达成调解协议，法院在确认其不违背自愿和合法原则后，应当制作调解书。由于调解书是根据当事人的调解协议制作而成，故调解书一经各方当事人签收生效后，原判决视为被撤销。
80,申请支付令的条件（P277）,"申请**支付令（督促程序）**一般需要同时符合以下条件（对应教材常见表述）：

1. **债权债务关系明确、合法**
   - 以**给付金钱或有价证券**为内容的请求（如借款、货款、服务费、票据款等）。
   - 债权人对债务人享有到期债权，且不违反法律强制性规定。

2. **请求给付已到期且数额确定**
   - 债务已届清偿期；
   - 金额/证券种类、数量明确，可直接计算。

3. **债务人明确且有送达条件**
   - 债务人身份明确；
   - 有明确住所/经常居住地/可有效送达地址，能够送达支付令。

4. **属于人民法院管辖**
   - 向**债务人住所地基层人民法院**申请（通常规则）。

5. **不属于不适用督促程序的情形**
   - 例如：涉及身份关系、需要确认权利义务关系、给付非金钱/非有价证券、债权债务关系复杂明显不宜用督促程序等。

如果你把教材“P277”的书名/版本或该页原文拍照发我，我可以按你教材的表述逐条对照整理成“原文式答案”。",根据《民事诉讼法》第214条和《民诉法解释》第429条的规定，债权人申请支付令，应当符合下列条件：(1)请求给付的是金钱或者是有价证券，有价证券包括汇票、本票、支票、股票、债券、国库券、可转让的存款单等；(2)请求给付的金钱或者有价证券已到期并且数额确定；(3)债权人没有对待给付义务；(4)债务人在我国境内且未下落不明；(5)支付令能够送达债务人；(6)收到申请书的法院有管辖权；(7)债权人未向法院申请诉前保全。
73,确定管辖的原则（P101）,"确定管辖（一般指民事诉讼管辖）的基本原则通常包括以下几项（常见教材会在“P101”附近归纳为这些）：

1. **法定原则**  
   管辖由法律规定，法院和当事人都应依法律确定管辖，不能随意变更或创设。

2. **便利当事人、便利诉讼原则**  
   兼顾当事人诉讼便利与法院审理便利，降低诉讼成本，提高效率。

3. **有利于查明事实、便于执行原则**  
   选择更利于证据收集、事实查明以及将来判决执行的法院。

4. **保障当事人诉讼权利原则**  
   保障当事人依法行使起诉、答辩、举证、上诉等诉讼权利，避免不当限制。

5. **防止地方保护主义、确保公正审判原则**  
   通过级别管辖、指定管辖、移送管辖等制度，减少地方干预，维护司法公正。

如果你能告诉我这是哪本教材/讲义的“P101”（例如《民事诉讼法》某版本），我也可以按该页的原文框架把条目名称和表述对齐。",(一)两便原则：便于当事人进行诉讼、便于法院行使审判权，是我国民事诉讼立法的指导思想，也是确定管辖应遵循的原则。(二)保障公正审判原则：公正是民事诉讼的首要价值。管辖的确定应当有利于实现审判公正。在确定管辖时，首先应当根据各级法院的职权范围和案件种类的不同，合理确定不同法院的管辖范围，排除和预防各种可能影响公正审判的因素。其次要合理平衡原告、被告、第三人之间的程序利益。在允许原告选择管辖法院的同时，赋予被告提出管辖异议的权利，并允许当事人通过协议的方式选择管辖法院，正是这一原则的体现。(三)兼顾各级法院职能和均衡各级法院工作负担原则：管辖的确定还应兼顾各级法院职能，适当均衡最高、高级、中级、基层四级法院之间的工作负担，建立起金字塔形的案件管辖分布格局。中级、高级、最高人民法院除了审判第一审民事案件，还有对下级法院的审判活动进行法律监督的职能，不宜过多管辖第一审民事案件。居于塔底的基层法院数量多，又最接近当事人，且没有上诉审职能，大多数第一审民事案件应当由其管辖。同时，在设立最高人民法院巡回法庭以及跨行政区划的法院之后，还可协调其与现有四级法院之间管辖上的分工。(四)确定性与灵活性相结合原则：管辖的确定性，即法定性；管辖的灵活性，即裁量性。作为起诉条件之一的管辖，首先强调其确定性，即由立法加以明文规定，以方便当事人进行诉讼和避免法院之间因管辖发生争议。在确定性之外，又要有一定的灵活性，以便于法院根据案件的特殊情形，在少数情况下对管辖权进行变通裁量。(五)维护国家主权原则：司法权是国家主权的重要组成部分，在涉外民事诉讼中，应尽可能拓宽我国法院对涉外民事案件的管辖权，以维护国家主权。
81,案外人异议之诉（P316、317）,"案外人异议之诉（通常对应《民事诉讼法》及其司法解释中“执行异议之诉/案外人异议之诉”部分）核心就是：**执行程序中，案外人主张执行标的不应被执行**，在一定条件下通过起诉进入诉讼程序解决权属/排除执行问题。你标注的“P316、317”我无法看到具体教材内容，下面给出一套**通用、考试可用的框架**（若你把那两页拍照/发文字，我可以按你教材逐条对照整理）。

---

## 一、概念与功能
**案外人异议之诉**：在执行程序中，**案外人**（非本案当事人）认为执行标的（财产）**属于自己或自己享有足以排除强制执行的民事权益**，先提出执行异议；异议被裁定驳回后，在法定期限内提起诉讼，请求**确认权利并排除执行**。

功能：把“执行程序中的权利争议”导入诉讼程序，解决实体权利归属/优先性问题，防止“错执行”。

---

## 二、适用前提（典型要件）
1. **处于执行程序中**，且存在对特定执行标的的查封、扣押、冻结、拍卖等措施或将要处分。  
2. **主体是案外人**：不是申请执行人/被执行人。  
3. **权利主张类型**：  
   - 主张对执行标的享有**所有权**；或  
   - 享有**足以排除执行的实体权利**（如真实有效的物权、特定情形下的优先权/占有权等，关键在于“能否排除对该标的的执行”）。  
4. **程序前置**：必须先向执行法院提出**案外人执行异议**；被裁定驳回后，才进入“异议之诉”。

---

## 三、起诉条件与期限（高频）
- **起诉前提**：执行法院对案外人异议作出**驳回裁定**。  
- **起诉期限**：一般为**裁定送达之日起15日内**起诉（常见考点）。  
- **管辖**：通常由**执行法院**管辖（便于与执行衔接）。  

---

## 四、当事人结构（谁告谁）
- **原告**：案外人。  
- **被告**：一般列**申请执行人**为被告；  
- **被执行人**：通常作为**第三人**参加诉讼（很多教材/实务表述为“应当参加”，以便一次性解决争议）。  
> 具体以你教材表述为准，但考试答题可写：**申请执行人为被告，被执行人列第三人**（或共同被告的观点也可说明理由）。

---

## 五、诉讼请求与审理重点
### 1）常见诉讼请求
- 请求确认对执行标的享有所有权/相关权利；  
- 请求判令**不得对该标的执行/解除查封扣押冻结/排除执行**。

### 2）审理对象
- 不是审“原生效判决对错”，而是审：  
  **案外人对执行标的是否享有足以排除执行的实体权利**。

### 3）举证责任
- 一般由**案外人**对其权利基础承担举证责任（如权属证据、合同、交付、登记、占有、价款支付等）。

---

## 六、裁判结果与效力（怎么结案、对执行的影响）
- **支持案外人**：确认其权利成立 → 对该标的**应排除执行**（解除相应执行措施）。  
- **驳回案外人**：权利不足以排除执行 → 执行继续。  

执行是否中止：通常在异议之诉审理期间，对争议标的的处分可能会受到限制（不同教材会概括为“可中止/应中止对争议标的的执行”，你可按教材表述记忆）。

---

## 七、与相关制度的区分（简答题常考）
1. **案外人执行异议** vs **案外人异议之诉**  
   - 执行异议：执行程序内的救济，法院以裁定处理；  
   - 异议之诉：异议被驳回后进入诉讼程序，以判决解决实体权利争议。  

2. **第三人撤销之诉**  
   - 撤销之诉针对的是**生效裁判**损害第三人权益；  
   - 案外人异议之诉针对的是**执行标的**是否应被执行。

---

## 八、答题模板（可直接背）
> 案外人异议之诉是指在执行程序中，案外人对执行标的主张享有所有权或其他足以排除强制执行的民事权益，先提出执行异议被裁定驳回后，于裁定送达之日起15日内向执行法院起诉，请求确认其权利并排除对该标的执行的诉讼。原告为案外人，被告一般为申请执行人，被执行人参加诉讼。法院审理的核心是案外人是否对执行标的享有足以排除执行的实体权利；支持则解除对该标的执行，驳回则执行继续。

---

如果你把**P316-317**的文字/照片发来，我可以按你教材的结构（标题、要件、程序、期限、当事人、裁判效果）做一份**逐条对应的精简笔记**，确保和你书上表述一致。",案外人异议之诉，是指在执行程序中，案外人为维护自己的合法权益，向执行法院提出的对有关执行标的实体法律关系进行审理与裁判，以纠正执行错误的请求。根据《民事诉讼法》第227条的规定，案外人提起异议之诉应当符合三个条件：(1)在主体上，只能由案外人提起。(2)在内容上，必须以不服执行机构对案外人异议所作裁定为前提，与作为执行依据的判决、裁定无关。(3)在时间上，必须在执行机构对案外人异议作出的裁定送达之日起15日内提起。《民诉法解释》将上述第(2)个条件细化为两个条件：第一，案外人的执行异议申请已经被执行机构裁定驳回；第二，有明确的排除对执行标的执行的诉讼请求，且诉讼请求与原判决、裁定无关。法院审理案外人异议之诉的目的，是解决案外人与执行当事人之间因执行标的产生的实体权利义务纠纷。因此，案外人异议之诉必须以案外人和执行当事人为诉讼主体。具体来说，案外人异议之诉的原告是案外人，被告应当是申请执行人。被执行人反对案外人对执行标的所主张的实体权利，申请执行人和被执行人为共同被告。法院适用普通程序对案外人异议之诉进行审理和裁判。经审理，案外人异议之诉的理由不成立的，法院判决驳回其诉讼请求；案外人异议之诉理由成立的，法院判决不准对执行标的进行执行。案外人在提起异议之诉时，同时提出确认其权利的诉讼请求的，法院可以在判决中一并作出裁判。法院判决支持案外人的诉讼请求，即判决不得对执行标的进行执行的，执行异议裁定失效。当事人对裁判不服的，依法享有上诉权，即可以向上一级法院提起上诉。在案外人异议之诉的诉讼期间，执行机构不得对执行标的进行处分。申请执行人请求继续执行并提供相应担保的，法院可以准许。案外人请求停止执行，请求解除查封、扣押、冻结，或者申请执行人请求继续执行有错误，给对方当事人造成损失的，应当予以赔偿。
76,强制措施的种类（P175、176）,"《刑事诉讼法》中的强制措施主要有 5 种（常见教材在 P175-176 处列举）：

1. **拘传**  
2. **取保候审**  
3. **监视居住**  
4. **拘留**  
5. **逮捕**",针对妨害民事诉讼行为的不同类别及严重程度，《民事诉讼法》规定了以下五种强制措施：1.拘传，指法院派出司法警察，强制当事人等到庭参加诉讼和到场接受询问。2.训诫，指法院以口头方式训斥实施妨害诉讼行为的人，指出其行为的违法性，责令其改正并保证不得再犯。训诫是一种较轻的强制措施，适用于性质较轻的妨害行为。3.责令退出法庭，指法院命令违反法庭纪律的人离开法庭，如不服从命令，则由司法警察强制带离法庭。4.罚款，指法院责令妨害民事诉讼的人在规定的期限内向国家交一定数额的货币。根据《民事诉讼法》第115条的规定，罚款的限额是：对个人为人民币10万元以下，对单位为人民币5万元以上100万元以下。5.拘留，指法院决定在一定期限内限制妨害民事诉讼行为人的人身自由。拘留的期限为15日以下。
72,民事诉讼法的基本原则（P54-64）,"下面按《民事诉讼法》教材常见编排（P54-64范围通常对应“基本原则”）把要点系统列出，便于背诵与答题（不同版本教材页码略有差异，但原则内容基本一致）。

## 一、法院依法独立行使审判权原则
- **含义**：人民法院依照法律规定，独立行使审判权，不受行政机关、社会团体和个人的干涉。  
- **要点**：独立的是“审判权”，不是法官个人随意裁量；强调依法审判、程序正当。

## 二、以事实为根据、以法律为准绳原则
- **含义**：裁判必须建立在查明的事实基础上，并正确适用法律。  
- **要点**：事实查明与法律适用并重；证据规则、举证责任、证明标准都服务于“以事实为根据”。

## 三、当事人诉讼权利平等原则
- **含义**：当事人在诉讼中享有平等的诉讼权利、承担平等的诉讼义务。  
- **要点**：平等不等于结果相同；法院应保障双方平等行使辩论、举证、申请回避、上诉等权利。

## 四、同等与对等原则（涉外民事诉讼）
- **同等原则**：外国当事人在我国法院诉讼，享有与我国公民、组织同等的诉讼权利义务。  
- **对等原则**：若外国法院对我国当事人诉讼权利作出限制，我国可按对等原则处理。  
- **适用场景**：涉外案件的诉讼地位与程序待遇。

## 五、人民法院调解原则（调解自愿、合法）
- **含义**：法院审理民事案件，可以在查明事实、分清是非基础上进行调解；调解应当自愿、合法。  
- **要点**：调解不是强制；不得以调解代替审判、不得违法损害国家/社会公共利益或他人合法权益。

## 六、辩论原则
- **含义**：当事人有权就案件事实、证据、法律适用充分陈述意见并相互辩论。  
- **要点**：贯穿审理全过程；法院应保障“说理—质证—辩论”的程序机会。

## 七、处分原则（当事人处分权）
- **含义**：当事人有权在法律允许范围内处分自己的实体权利和诉讼权利。  
- **典型表现**：起诉/撤诉、变更诉讼请求、承认/放弃请求、和解、上诉/撤回上诉等。  
- **限制**：不得违反法律强制性规定、不得损害国家利益、社会公共利益或他人合法权益。

## 八、检察监督原则（法律监督）
- **含义**：人民检察院对民事诉讼实行法律监督。  
- **方式要点**：对生效裁判、审判程序等依法提出监督意见（如抗诉、检察建议等，依现行制度展开）。

## 九、支持起诉原则（特定主体）
- **含义**：对损害国家、集体或个人民事权益的行为，相关机关、社会团体等在法定条件下可支持受害人起诉。  
- **区分**：支持起诉≠自己作为原告起诉；与公益诉讼制度在主体与目的上有区别（具体以教材为准）。

## 十、公开审判原则
- **含义**：人民法院审理民事案件一般应当公开进行，依法不公开的除外。  
- **不公开常见情形**：涉及国家秘密、个人隐私、未成年人等（以法律规定为准）。  
- **要点**：公开包括庭审公开、裁判文书公开等制度取向。

## 十一、两审终审原则
- **含义**：民事案件一般实行两审终审；二审裁判为终审裁判。  
- **要点**：并不排除再审（审判监督程序）这一纠错机制；小额诉讼等可能有特别规定（依现行法）。

## 十二、合议、回避、人民陪审等相关原则（教材常并入“基本制度/原则”）
- **合议制**：重大、复杂案件通常由合议庭审理；简易程序可由法官独任审理。  
- **回避制度**：保障公正审判，法官/书记员/鉴定人等与案件有利害关系应回避。  
- **人民陪审**：依法由陪审员参加合议庭审理部分案件，体现司法民主。

---

如果你把教材版本/出版社或P54-64的目录拍照发我，我可以按你那本书的标题顺序逐条对应（更贴合考试背诵点与表述）。",当事人平等原则、处分原则、辩论原则、诚实信用原则、自愿合法调解原则、民事检察监督原则、支持起诉原则
88,结婚的条件（P343、344）,"我现在无法确定你说的“P343、344”出自哪一本教材/讲义（不同书页码内容不一样），所以没法直接把那两页的“结婚条件”原文对应出来。

你把以下任一信息发我，我就能按你书上那两页整理成要点（并可做成背诵版/表格版）：
1) 书名/教材名称 + 版本（如第几版）+ 出版社；或  
2) 直接拍照/截图 P343、344；或  
3) 把那两页文字粘贴出来。

如果你问的是我国《民法典》里“结婚的条件/要件”，常见归纳是（供你先对照）：
- **实质要件**：男女双方**完全自愿**；达到**法定婚龄**（男22周岁、女20周岁）；**非禁止结婚的亲属关系**（直系血亲和三代以内旁系血亲禁止）；**非重婚**（已有配偶不得再结婚）。  
- **形式要件**：依法到婚姻登记机关**办理结婚登记**，领取结婚证。

把“P343、344”的来源发来，我再按你教材的表述逐条对应（有的教材还会把“医学上认为不应当结婚的疾病”作为历史内容或扩展点来讲）。",(一)结婚的实质要件 结婚实质要件，包括结婚的必备条件和结婚的禁止条件。1.结婚的必备条件 必备条件，又称结婚的积极要件，指当事人结婚时必须具备的法定条件。根据我国《婚姻法》的规定，结婚必须具有以下三个条件：(1)男女双方完全自愿。结婚必须男女双方完全自愿，不许任何一方对他方加以强迫或任何第三者加以干涉。这是婚姻自由原则在结婚制度中的具体体现。男女双方完全自愿包括：第一，双方本人自愿，不是父母或他人代为同意；第二，双方真实自愿，无因受胁迫而违反真实意愿的情形；第三，双方完全自愿，不勉强，无保留，无附加条件。(2)达到法定婚龄。法定婚龄是指法律规定的最低结婚年龄，在我国为男性满22周岁，女性满20周岁。法定婚龄属于强制性规范。(3)符合一夫一妻制度。一夫一妻制要求结婚双方均处于无配偶状态。(二）结婚的形式要件 符合结婚实质要件的当事人，只有履行法定的结婚程序，其婚姻关系才被国家和社会承认，产生法律效力。婚姻法要求结婚的当事人必须向婚姻登记机关提出结婚申请，接受婚姻登记机关的审査，履行登记手续，婚姻才能有效成立。
84,所有权的种类（P155-158）,"我现在看不到你说的教材/讲义第 P155–158 页内容，所以没法确定你要的是哪一门课、哪本书里的“所有权种类”。先给你一个在**民法（物权法）**里最常见、也最可能对应“所有权的种类”的归纳；如果你把书名/目录截图或把 P155–158 的标题发我，我可以按你那本书的表述逐条对照整理。

## 一、按主体（所有权人）划分
1. **国家所有权**（全民所有）：所有权主体是国家。  
2. **集体所有权**：所有权主体是农村集体经济组织等集体。  
3. **私人所有权**：所有权主体是自然人、法人或非法人组织（如公司、社会组织等）。

## 二、按客体（标的物）划分
1. **动产所有权**：标的是可移动的物（如车辆、设备、存货）。  
2. **不动产所有权**：标的是土地、房屋等不动产（通常以登记为重要公示方式）。  
（有的教材还会细分为：土地所有权、建筑物所有权等。）

## 三、按权利形态（是否单独/共同）划分
1. **单独所有权**：一个主体独享所有权。  
2. **共有所有权**：两个以上主体共同享有所有权，通常分为：  
   - **按份共有**：各共有人按份额享有权利、承担义务。  
   - **共同共有**：不分份额（常见于夫妻共同财产、家庭共有等情形）。

## 四、按是否受限制（完整性）划分（部分教材会这样讲）
1. **完全所有权**：占有、使用、收益、处分四项权能完整。  
2. **限制所有权**：因法律或约定对处分/使用等权能作限制（如文物保护、规划限制、共有中的处分限制等）。

---

把你教材的**书名/版本**或直接发一张 P155–158 的照片（或目录标题），我就能按你那几页的原框架（条目名称、定义、例子）精确整理成笔记。",(一)国家所有权 国家所有权作为社会主义条件下的一种所有权形式，是指国家对国有财产的占有、使用、收益和处分的权利，它是全民所有制在法律上的表现。①依据《物权法》第45条的规定，法律规定属于国家所有的财产，即属于全民所有，从而确定了国有财产全民所有的性质。《物权法》确认和保护国家所有权，对于维护国家基本经济制度、保障国有财产的保值增值和防止国有财产流失具有重要意义。国家所有权具有如下特征：一是主体的特殊性。国家既是主权的享有者、政权的承担者，也是国有财产的归属者。国家代表全体人民行使所有权，实现全体社会成员的利益需要。在我国现行体制下，国家所有权是通过国务院代表国家来行使的。二是客体的特殊性。国家所有权的客体具有广泛性。我国的国家所有权客体范围相当广泛，既包括了土地及其他自然资源的所有权，也包括了各类动产和不动产。根据《物权法》第41条的规定，依照法律规定专属于国家所有的不动产和动产，任何单位和个人都不能取得所有权。例如，城市的土地、矿藏、水流、森林、山岭、草原、荒地、滩涂等自然资源属于国家专有，禁止侵占或以买卖及其他方式非法转让。三是取得方式的特殊性。由于国家本身是主权的享有者和政权的承担者，国家可以凭借其公共权力通过征收、国有化、没收等方式，在符合法定程序和条件的前提下，强制性地将公民个人或集体的财产收归国有。四是行使方式的特殊性。国家所有权要由国务院代表国家统一行使。同时，国家作为一个抽象的实体，它难以直接行使所有权，必须通过法律法规授权的国家机关、企业事业单位以及国家投资的企业，在法律规定的范围内行使。此外，国家可以直接以国库的财产为基础，以特殊的民事主体的身份，发行国债、国库券。国家也可以设立专门的机构对国家的外汇储备进行管理和投资。国家所有权是我国全民所有制的法律形式，保护国家所有权是维护国家基本经济制度的要求。尤其是在我国公有制仍然占主体地位的情况下，国家所有权直接关系到国家的经济安全和经济命脉，决定了国家宏观调控的基础和能力。所以，保护国家所有权对于保障我国社会主义市场经济的健康有序发展也具有重要意义。(二)集体所有权 集体所有权是指集体组织以及集体组织全体成员对集体财产享有的占有、使用、收益和处分的权利，它是劳动群众集体所有制在法律上的表现。1.集体所有权的主体。它包括农村和城镇的各类集体组织。依据《物权法》第61条的规定，城镇集体所有的不动产和动产由本集体享有占有、使用、收益和处分的权利。集体所有权没有全国性的统一的主体，各个劳动群众集体组织都是独立的集体所有权的主体。农村集体所有权，是指农村集体经济组织成员对于本集体所有的动产和不动产所享有的所有权。依据《物权法》第59条第1款的规定，农村集体所有权在性质上应当属于本集体成员所有。集体成员对集体财产享有共同的支配权、平等的民主管理权和共同的收益权，涉及成员重大利益的事项必须经过成员集体决定。当然，本集体经济组织成员所有，是指本集体成员集体所有，而集体所有并不意味着就是集体成员共有。2.集体所有权的客体。它是指属于该集体所有的不动产和动产。我国实行土地全民所有和集体所有两种形式。农村和城市郊区的土地，除由法律规定属于国家所有的以外，属于集体所有；宅基地和自留地、自留山，也属于集体所有。但就集体所有权的客体而言，不包括专属于国家所有的自然资源等专属性的财产。3.集体所有权的内容。它是指集体对其所有的财产享有占有、使用、收益和处分的权利。①集体所有权的内容包括了所有权的各项权能，但是某些权能(如对土地所有权的处分权)又是受限制的，也就是说，集体的土地不能直接进入市场进行转让。4.集体所有权的行使，要依据法律、法规和有关规约，并且依照法定的程序。集体所有权的行使必须要依法实行民主管理，对于一些重大的事务必须由集体的成员依法民主作出决定。集体组织的负责人只是代表集体组织来行使权利，必须对集体成员负责，并接受他们的监督。一般来说，集体所有权的各项权能都是由集体自己行使的，但是根据生产和经营活动的需要，某个集体组织也可以将其所有权的权能转移给个人行使。为了充分保障农村集体经济组织的成员的权利，促进集体经济的稳定发展，《物权法》规定了农村集体组织的成员权，它是指集体经济组织成员依据法律和章程对集体经济组织的财产权的行使和其他重大事务处理所享有的管理权和收益分配权等权利。《物权法》第59条第2款规定：“下列事项应当依照法定程序经本集体成员决定：(一)土地承包方案以及将土地发包给本集体以外的单位或者个人承包；(二)个别土地承包经营权人之间承包地的调整；(三)土地补偿费等费用的使用、分配办法；(四)集体出资的企业的所有权变动等事项；(五)法律规定的其他事项。”因此，对于涉及集体成员的重大利益的事项，应由集体经济组织成员依照法定程序共同决定。如果集体经济组织及其负责人作出的决定侵害了集体成员的合法权益，受侵害的集体成员可以请求法院予以撤销。集体所有的财产是我国社会主义公共财产的重要组成部分，受国家法律的保护，禁止任何单位和个人侵占、哄抢、私分、破坏。(三)私人所有权 所谓私人所有权，是指公民个人依法对其所有的动产或者不动产享有的权利，以及私人投资者投资到各类企业中所依法享有的出资人的权益。私人所有权具有如下几个特征：第一，私人所有权的主体主要是自然人。私人所有权的主体范围不限于自然人，还包括个体工商户、合伙企业中的合伙人、个人独资企业的投资者等。第二，私人所有权的客体范围是非常宽泛的。《物权法》对私人所有权的客体采取了具体列举和抽象概括相结合的方式。从具体列举的角度来看，《物权法》列举了私人对其合法的收入、房屋、生活用品、生产工具、储蓄、投资等各类财产所享有的权利。《物权法》第66条还规定，私人的合法财产受法律保护，这实际上是一个概括性条款，也就是说，任何私人取得的合法财产都是其所有权的客体，并受到法律保护。第三，私人所有权的取得方式是多样的。私人所有权的取得方式既可以是合法的劳动，也可以是投资以及继承、赠与等。我国法律不禁止财产取得方式，但要求财产的取得合法。第四，私人所有权的内容广泛。私人所有权的内容包括私人对其动产与不动产所享有的占有、使用、收益和处分的权利。在合法的范围内，私人对其财产可以随意地处理，但是个人行使其所有权不得滥用权利，损害他人的利益。任何人不得以违反公序良俗的方式行使私人财产权。私人所有权是私人所有制在法律上的反映。按照物权平等保护原则，《物权法》不仅要保护老百姓的财产，而且要对老百姓的财产予以同等保护，这对于保障民生，鼓励私人投资兴业，创造社会财富具有重要意义。但私人所有权的行使应当遵守法律规定和社会公德，不得损害国家利益、社会公共利益和他人利益。公民利用其财产从事生产经营和投资活动，必须遵守国家的法律和政策，依法纳税，服从有关国家机关的监督管理，不得通过非法手段获取财产。(四)社会团体所有权 所谓社会团体所有权，是指各类社会团体依法对其所有的不动产和动产所享有的权利。《民法通则》第77条规定：“社会团体包括宗教团体的合法财产受法律保护。”《物权法》第69条规定：“社会团体依法所有的不动产和动产，受法律保护。”社会团体所有权是指各类社会团体对其财产享有的占有、使用、收益和处分的权利。①在我国，社会团体种类很多，包括人民群众团体、社会公益团体、文艺团体、学术研究团体、宗教团体等。②任何组织和个人都不得随意侵占、破坏社会团体的合法财产。《物权法》在国家、集体和私人所有权之外专门规定社会团体所有权，不仅有利于确认各种财产的归属，解决产权的争议，而且有利于促进我国文化、教育、宗教等事业的发展。当然，社会团体在行使所有权时，必须遵循国家的法律和政策，不得超越登记批准的业务范围及活动地区进行活动。
90,一般侵权责任的概念和构成要件（P415、416）,"以下按“概念 + 构成要件”概括（对应你标注的P415、416常见教材表述口径）：

## 一、一般侵权责任的概念
一般侵权责任，是指行为人因实施侵权行为，侵害他人民事权益，依法应当承担的侵权损害赔偿等民事责任。其适用以一般侵权责任规则为基础（相对于特殊侵权责任的特别规则），通常以“过错责任”为基本归责原则。

## 二、一般侵权责任的构成要件
一般侵权责任通常包括以下四个要件（通说）：

1. **违法行为（侵权行为）**  
   行为人实施了侵害他人民事权益的作为或不作为，且该行为具有违法性/不法性（无正当理由侵害他人权益）。

2. **损害事实**  
   受害人发生了可归责于侵权法上的损害结果，包括人身损害、财产损害以及依法可赔的其他损害（如精神损害在符合条件时）。

3. **因果关系**  
   侵权行为与损害结果之间存在法律上的因果关系（通常要求相当因果关系/法律因果关系）。

4. **主观过错**  
   行为人对损害的发生具有过错，包括**故意**或**过失**。一般侵权以过错为要件；但若法律规定适用无过错责任或过错推定，则按特别规则处理。

如你愿意，把教材书名/版本或P415-416的原文拍照发我，我可以按该书的表述逐句整理成更贴合你考试/笔记的版本。","一般侵权责任是指适用过错责任原则的侵权责任。依据《侵权责任法》第6条第1款与《民法通则》第106条第2款，我国法律规定的一般侵权责任应具备以下构成要件：第一，存在加害行为。没有加害行为，就不会产生侵权责任。完全与人无关的自然事件，如地震导致人员伤亡和财产损失，虽然也会发生一定的法律效果，如保险法上保险赔偿金的给付、国家的救灾行为等，但不发生侵权责任。第二，侵害了他人的民事权益。侵权责任法保护的是民事权益。如果受侵害的并非民事权益，则可能发生其他法律责任，但是不会产生侵权责任。第三，加害行为与民事权益被侵害之间存在因果关系。如果民事权益被侵害的后果并非该加害行为所致，而是由于其他原因造成的(如受害人故意),则行为人无须承担侵权责任。第四，行为人具有过错，即主观上为故意或过失。否则，即便侵害了他人的民事权益、存在因果关系，原则上也不产生侵权责任。"
86,债权的法律特征（P254）,"债权的法律特征（通常教材在“债权概述/债的概念与特征”处归纳）一般包括以下要点：

1. **相对性（对人权）**  
   债权只能向特定的债务人主张给付，请求权的对象是“人”的行为（给付），而不是直接支配某一物。

2. **请求性（以给付请求为内容）**  
   债权的核心是债权人得请求债务人为一定给付（作为、不作为或容忍），具有典型的请求权属性。

3. **目的在于给付、以行为为标的**  
   债的标的是给付行为（交付、支付、完成工作、停止侵害等），而非物本身；即使涉及物，也通常是通过“交付/移转”等行为实现。

4. **期限性与可消灭性（非永久支配）**  
   债权通常因履行、抵销、免除、混同、解除、时效等原因而消灭，具有较强的流动性与终局性。

5. **平等性（一般不具有优先效力）**  
   多数普通债权在债务人财产不足时原则上按比例受偿，不当然享有优先于他人的效力（有担保债权、法定优先权等除外）。

6. **可转让性（流通性）**  
   债权原则上可以依法转让、继承或作为担保标的（但依法律规定、当事人约定或债权性质不得转让的除外）。

如果你能告诉我你所用教材/讲义的书名或把P254那一段拍照/贴出来，我可以按该页的表述逐条对应整理，避免与版本差异不一致。",(1)债权为请求权。债权是债权人得请求债务人为特定行为的权利，在债务人作出给付之前，债权人既不能直接支配债务人应给付的标的物，也不能支配债务人的人身以强制其为给付，而只能通过请求债务人履行债务以实现其利益。在民法概念体系中，债权与请求权不能完全等同：一方面，请求权除债权请求权外，还包括物权请求权、知识产权请求权等；另一方面，请求权只是债权的权能之一，债权还包括其他类型的权能，如债权人代位权、债权人撤销权等。(2)债权为相对权。债权的效力范围仅及于债务人，故债权人只能向债务人主张权利，请求其履行债务，除法律有规定外，即使因第三人的原因导致债权不能实现，债权人也不能基于债之关系向第三人主张权利。在现代民法中，作为相对权的债权同样受法律保护，任何人均不得侵害债权，否则应承担侵权的民事责任。(3)债权具有非排他性。债权人只能向债务人提出给付的请求，而不能直接支配债务人应交付的标的物或者债务人的行为，因此，以同一给付为标的可以成立数个内容相同的债权，而各债权相互之间不会发生权利上的冲突。在此种情形下，虽然可能只有一个债权最终得以实现，但其他债权仍然有效，其转变为债务不履行的责任。(4)债权具有平等性。同一债务人先后发生数个债权时，无论这些债权成立时间的先后，其效力一律平等。某债权人先申请强制执行以实现债权时，其他债权人享有的债权即使发生在前，也只能就债务人的剩余财产受偿。如果债务人陷入破产，数个债权人则根据债权数额的比例接受清偿。
87,债的发生原因（P256）,"“债的发生原因”一般指**债的发生根据/债的发生原因（债因）**，即债权债务关系产生的法律事实。通常可概括为以下几类（教材常见归纳）：

1. **合同（契约）**  
   当事人基于意思自治订立合同而发生债（如买卖、租赁、借款、承揽等）。

2. **侵权行为**  
   因侵害他人民事权益而发生侵权之债（如人身损害、财产损害、产品责任等）。

3. **无因管理**  
   未受委托、无法定义务而为他人利益管理事务，依法发生债（管理人请求必要费用、受益人返还等）。

4. **不当得利**  
   一方无合法根据取得利益，致他方受损，依法发生返还之债。

5. **其他法律规定的原因**  
   例如：**缔约过失责任**、**单方允诺/悬赏广告**（在法律认可条件下）、以及法律特别规定产生的债等（不同教材表述略有差异）。

如果你能发一下你说的“P256”那一页的标题/目录或拍照，我可以按你教材的原文结构把要点整理成更贴合你书的答案。",现代大陆法系国家中债的发生原因主要有合闻、侵权行为、不当得利、无因管理、缔约过失以及法律规定的能够在当事人之间导致债关系产生的其他事由。
82,民法的基本原则（P26-32）,"民法的基本原则（通常教材在 P26–32 讲的内容）一般包括以下几项。不同版本教材表述略有差异，但核心一致：

## 1. 平等原则
- 民事主体在民事活动中的法律地位一律平等。  
- 任何一方不得以身份、地位等优势强加意志。

## 2. 自愿原则（意思自治原则）
- 当事人有权依自己的真实意思设立、变更、终止民事法律关系。  
- 典型体现：合同自由（是否订立、与谁订立、内容如何等），但不得违反法律强制性规定和公序良俗。

## 3. 公平原则
- 要求权利义务分配合理、利益平衡。  
- 常用于：合同内容显失公平的调整、风险负担与利益分配的衡平等。

## 4. 诚信原则（诚实信用原则）
- 民事活动应诚实守信，禁止欺诈、隐瞒、恶意串通等。  
- 具有“帝王条款”地位：可补充法律与合同漏洞，并约束权利行使与义务履行。

## 5. 守法与公序良俗原则
- 民事活动不得违反法律，不得违背社会公共利益与善良风俗。  
- 违反者可能导致民事法律行为无效、被撤销或不受保护。

## 6. 绿色原则（节约资源、保护生态环境）
- 民事活动应有利于节约资源、保护生态环境。  
- 常见于：生产经营、物业使用、相邻关系、侵权责任等领域的价值导向。

## 7. 禁止权利滥用原则
- 行使民事权利不得损害国家利益、社会公共利益或他人合法权益。  
- 典型：恶意投诉、恶意诉讼、以权利外观实施不正当打击等。

---

如果你把教材版本/目录或 P26–32 的照片发我，我可以按你那本书的原文结构（标题+要点+例子/考点）整理成更贴合你课本的笔记。","(一)民事权益受法律保护原则的内涵 《民法总则》第3条规定：“民事主体的人身权利、财产权利以及其他合法权益受法律保护，任何组织或者个人不得侵犯。”这就确立了民事权益受法律保护的原则，该原则包括如下几方面内涵：第一，民法主要保护人身、财产等权益。《民法总则》系统全面地规定了民事主体所享有的各项人身、财产权益。例如，该法对知识产权的客体进行了详尽地列举，扩张了知识产权的保护范围，进一步强化了对知识产权的保护。当然，从《民法总则》的规定来看，其所保护的民事权益范围虽然非常宽泛，但并非所有的权益都受到民法的保护，一些公法上的权利，如劳动权、受教育权，主要受公法保护，民法保护的主要是私权，其中以人身、财产权益为基本内容。第二，民法不仅保护权利，而且保护利益。《民法总则》第3条采用“其他合法权益”这一表述，这就意味着，不论是权利还是利益，都受到法律保护。这为将来对新型民事权益的保护预留了空间，保持了民法总则规则的开放性。第三，对新型民事权益进行保护。在民事权益受法律保护原则的指导下，《民法总则》强化了对新型民事权益的保护，体现了当代中国的时代特征，回应了当今社会的现实需求。例如，该法针对互联网和大数据等技术发展带来的侵害个人信息现象，《民法总则》规定了个人信息的保护规则，维护了个人的人格尊严，并将有力遏制各种“人肉搜索”、非法侵入他人网络账户、贩卖个人信息、网络电信诈骗等现象。第四，在民事权益受到侵害时，民法主要通过民事责任对权利人进行救济。在权利人的权利受到侵犯时，权利人可以依法请求有关行政机关给予保护，也可以诉请人民法院或仲裁机关予以判决或仲裁。(二)平等原则 所谓平等原则，是指民事主体的法律地位是平等的，其合法权益应当受到法律的平等保护。《民法总则》第4条规定：“民事主体在民事活动中的法律地位一律平等。”民法的平等原则集中反映了民法所调整的社会关系的本质特征，体现了民法的调整对象和调整方法的特点，也充分反映了市场经济的本质要求。因为市场经济最本质的特征就体现在主体之间的平等性上。同时，平等原则也充分体现了现代法治的基本精神，有助于社会主义的政治文明建设。平等原则主要包括如下内容：第一，人格平等。人格平等就是在法律上不分尊卑贵贱、财富多寡、种族差异、性别差异，而一律认为人与人的抽象人格是平等的。民事权利能力与生俱来，为公民终身享有，并且在范围上是平等的。《民法总则》第14条规定：“自然人的民事权利能力一律平等。”除法律特别规定的以外，任何单位和个人不得限制和剥夺公民的民事权利能力。第二，当事人在具体的法律关系中的法律地位平等。在民事法律关系中，尤其是在合同关系中，当事人的法律地位是完全平等的。平等原则还表现在民事主体在民事法律关系的产生、变更和消灭上必须平等协商，任何一方当事人不得将自己的意志强加给另一方当事人。民法规则应当平等地对待所有的民事主体，当然，在特定的法律关系中，法律也可能对特定主体的利益进行倾斜保护，例如，在消费者保护领域，法律一般会侧重保护消费者的合法权益。第三，在补救方法上，也要充分贯彻平等性。无论民事主体在所有制、经济实力等方面存在何种差异，当其权利受到侵害时，法律都给予一体保护。民事主体地位的平等性决定了在民事责任方式上，应当贯彻损失填补原则，以弥补受害人的损失为宗旨，一般不能对加害人的行为施以类似于公法上的惩罚性措施。当然，在追究了民事责任以后，并不影响追究违法者其他公法上的责任，这两种责任并行不悖。应该指出，民事主体在法律地位上的平等，不等于在具体的民事法律关系中，每个当事人所享有的具体的民事权利和承担的民事义务都是一样的。在具体的民事法律关系中，各个当事人根据法律和自身的意志，享有不同的权利和义务。(三)意思自治原则 意思自治也称为私法自治，是指民事主体依法享有在法定范围内广泛的行为自由，并可以根据自己的意志产生、变更、消灭民事法律关系。在《民法总则》中，该原则被称为“自愿原则”,该法第5条规定：“民事主体从事民事活动，应当遵循自愿原则，按照自己的意思设立、变更、终止民事法律关系。”尽管该原则在民法的各部分(如身份法和财产法、物权法和债权法)中的体现程度不同，但意思自治原则作为民法的一项基本原则，贯彻于整个民法之中，体现了民法最基本的价值理念。在私法领域，“法无禁止皆自由”。所有公法不加以禁止的范围，均由私法主体进行意思自治。意思自治原则是私法任意性特点的集中体现。也就是说，当事人可以约定相互之间的权利义务，只要不违反法律的强制性规定和公序良俗，这一约定就是有效的。由于民法贯彻意思自治原则，所以，其大多数规范都属于任意性规范。这种任意性的特点赋予市场主体以法定范围内广泛的行为自由，减少了国家的干预，从而能够激发市场主体的活力，使其能够广泛地从事各种交易和创造财富的活动。因此，这一原则奠定了民法作为市民社会基本法的地位。意思自治的实质就是允许当事人在法律规定的范围内，自主决定自己的事务，自由从事各种民事行为，最充分地实现自己的利益。它具体包括如下几个方面：一是当事人有权依法从事某种民事活动和不从事某种民事活动。也就是说，在民事领域中，除了法律另有规定之外，当事人是否从事某种行为，是否行使某种权利，应当完全由当事人自由安排。二是当事人有权选择其行为的内容和相对人。当事人可以通过平等协商的方式，为自己设定权利和承担义务，当客观情况发生变化以后，可以依法变更权利和义务的内容。当事人之间的协议一经合法成立，就具有法律效力，并可以改变民法的任意性规定。三是民事主体有权选择其行为的方式。除法律另有规定之外，民事主体有权选择自己从事民事法律行为的方式。四是民事主体有权选择救济方式。通常情况下，受害人能够选择对自己最为有利的责任方式，即便受害人选择不适当，除非其受到了不正当的影响，否则也应当由该受害人自己负担不利的后果。当然，任何意思自治都不是绝对的自由，而是相对的、有限制的自由。在19世纪，由于个人主义思潮的盛行，意思自治原则曾经被绝对化，但自20世纪以来，随着国家加强了对经济领域的干预，私法自治原则受到了越来越多的限制。近代民法的三大原则①都已经受到不同程度的限制，尤其是对合同自由或契约自由的限制表现得尤为突出。(四)公平原则 所谓公平原则，是指民事主体应本着公平的观念实施民事行为，司法机关应根据公平的观念处理民事纠纷，民事立法也应该充分体现公平的理念。《民法总则》第6条规定：“民事主体从事民事活动，应当遵循公平原则，合理确定各方的权利和义务。”这就在法律上明确确认了公平原则。公平原则的特点表现为：第一，公平原则本身是民事活动的一项基本原则。民事主体在从事民事活动的过程中，应当按照公平的观念正当行使权利和履行义务。例如，在合同订立后，应当从顾及对方当事人的利益的角度出发，进行充分的准备。在权利的行使过程中，要充分顾及他人的利益，不得滥用权利。第二，公平原则是民事活动的目的性的评价标准。这就是说，任何一项民事活动，是否违背了公平原则，需要从结果上根据是否符合公平的要求来进行评价。如果交易的结果造成当事人之间极大的利益失衡，除非当事人自愿接受，否则法律应当作出适当的调整。所以公平原则更多地体现了实质正义的要求。第三，公平原则是法官适用民法应当遵循的重要理念。法谚云：“法律是善良公平之术”,而民法最充分地体现了公平正义的要求，这是民法最基本的价值理念。法官应当依据社会的一般公平正义观念进行司法活动。不过，正是因为公平原则过于抽象，所以它只能作为一种理念，而不能替代具体的民法规则。公平原则作为一种基本的价值理念，应当体现在立法、司法及法学研究中。公平原则也是一项重要的司法原则，既适用于合同责任，也适用于侵权行为责任。公平原则也是一项“弹性”很强的原则，该原则给予司法人员一定的自由裁量权，使其能够针对案件的具体情况，公平合理地处理民事纠纷。(五)诚实信用原则 诚实信用原则是指民事主体在民事活动中应当诚实、恪守信用，并依照善意的方式行使权利、履行义务。该原则常常被称为民法(特别是债法)中的最高指导原则或“帝王规则”。诚实信用原则从道德规范到被确认为法律原则以后，已成为法律上一项重要原则。《民法总则》第7条规定：“民事主体从事民事活动，应当遵循诚信原则，秉持诚实，恪守承诺。”这就在法律上确认了诚信原则。诚实信用原则具有如下内容和功能：一是确立行为规则的功能。所谓秉持诚实，是指当事人要真实、真诚，在合同订立中，要如实披露相关订约信息，告知相关真实情况，不坑蒙拐骗，不欺诈他人。在物权的行使中，也要秉持诚信原则，不得滥用物权。所谓恪守承诺就是指严守契约和允诺。严守合同、信守允诺曾被认为是自然法的基本规则，也是基本的商业道德。诚实信用原则也是一项抽象的法律原则，依据该原则可以产生各种具体的民事义务。例如，在合同订立过程中，当事人应当依据诚实信用原则履行契约义务，否则应当承担缔约过失责任。合同履行期到来以后，当事人不仅应当按照法律和合同的规定履行义务，而且应当按照诚实信用原则的要求，作出履行和接受履行，并负担附随义务。二是解释的功能。这就是说，诚实信用原则可以用于解释法律规则的内涵，例如，在适用法律方面，诚实信用原则要求司法工作人员能够依据诚实信用、公平的观念正确解释法律、适用法律，弥补法律规定的不足。在比较法上，一些国家的法官，依据诚实信用原则解释民法典，从而创设了缔约过失、情事变更、禁止滥用权利、附随义务等一系列规则。在合同发生争议时，诚实信用原则也可以用于解释合同条款的内涵，为解释合同确定准则。三是衡平的功能。诚实信用原则要求平衡当事人之间的各种利益冲突和矛盾。在民事活动中，各方当事人之间的利益常常会发生冲突或矛盾，甚至发生当事人利益与社会利益之间的冲突，这就需要借助诚实信用原则加以平衡。因此，当事人在从事民事活动过程中，要充分尊重他人和社会的利益，不得滥用权利，损害国家、集体和第三人的利益。四是填补法律和合同漏洞的功能。诚实信用原则也可以运用于填补法律和合同的漏洞。例如，当事人在合同中没有对相关内容作出约定(如缺少对标的物质量的约定),或者约定不明确，则可以依诚实信用原则加以完善，填补合同漏洞。五是降低交易费用和增进效率的功能。诚实信用原则有助于强化人们诚实守信的观点，督促当事人认真履行合同，这既有助于维护交易安全、交易秩序，也有助于降低交易费用，节约交易成本。诚然，诚实信用原则是对伦理观念的法律确认，但这并不是说诚实信用原则只是一项道德原则。诚实信用原则将道德规范确认为法律原则以后，已成为法律上一项重要原则。在法律上，诚实信用原则属于强行性规范，当事人不得通过协议加以排除和规避。(六)符合法律和公序良俗原则1.合法原则 在狭义上讲，合法是指所有民事法律行为都不得违反法律的强制性规定。而在广义上说，合法还包括民事法律行为不得违反公序良俗。因为本条就公序良俗作出了特别的规定，所以，此处所说的合法原则是从狭义上理解的。《民法总则》第8条规定：“民事主体从事民事活动，不得违反法律，不得违背公序良俗。”该条将合法原则表述为“不得违反法律”,但其应当仅仅理解为不得违反法律的强制性规定。2.公序良俗原则 依据《民法总则》第8条的规定，民事主体从事民事活动，不得违背公序良俗。如前所述，在广义上理解，违法也包括违背公序良俗。《民法总则》第153条第2款也规定：“违背公序良俗的民事法律行为无效。”因此，任何违背公序良俗的行为，应当宣告其无效。我国民法所规定的公序良俗原则，不仅适用于财产关系，也适用于人身关系。它是社会主义核心价值观的体现，与《民法总则》第1条所确立的“弘扬社会主义核心价值观”的目的是一致的，对于维护社会伦理，维护社会秩序，都具有重要意义。所谓公序，主要包括社会公共秩序和生活秩序。对公共秩序的维护，在法律上大都有明确的规定，危害社会公共秩序的行为通常也就是违反强行法规定的行为。但法律的强制性规定不可能涵盖无余，需要以公序良俗作为补充，依公序良俗原则，凡订立的合同危害国家公共安全和秩序，即使没有违反现行的法律规定，也应当被宣告无效。例如，购买“洋垃圾”、有损人格尊严、不当限制人身自由的合同等，都是无效的。所谓良俗，也称为社会公共道德，它是指由社会全体成员所普遍认可、遵循的道德准则。善良风俗的含义包含两个方面：一是指社会所普遍承认的伦理道德，二是指某个区域社会所普遍存在的风俗习惯。尊重社会公德的原则不仅适用于财产关系，也适用于人身关系。例如，借腹生子协议、包养协议等，都属于违反善良风俗的协议，应宣告无效。在我国，善良风俗不仅应该成为规范民事法律行为的准则，而且应该成为整个民法的原则。公序良俗原则，既有助于弥补强行法规定的不足，也有助于对私法自治进行必要的限制。此外，该原则还有助于弘扬社会公共道德，建立稳定的社会秩序。(七)绿色原则 所谓绿色原则，是指民事活动中应当遵循节约资源、保护生态环境的原则。《民法总则》第9条规定：“民事主体从事民事活动，应当有利于节约资源、保护生态环境。”这就从基本原则的层面，提出了生态环境保护的要求。绿色原则是我国民法典积极回应现代社会问题的体现，也是我国传统法律文化的传承。它既传承了天地人和、人与自然和谐共生的我国优秀传统文化理念，又体现了党的十八大以来的新发展理念，与我国是人口大国、需要长期处理好人与生态资源的矛盾的国情是相适应的。《民法总则》规定绿色原则，将其作为民法的基本原则，将对民法典各编的制度、规则产生重大影响，对法院正确解释合同、确立侵害环境和生态的责任等，都具有重要的指导意义。绿色原则包括如下两方面内容：一是有效率地利用资源。绿色原则要求人们的生产、生活等活动要与资源、环境相协调，要实现人与自然的和谐相处，有效率地利用资源、节约资源。我国民法确认和保护产权本身，也是为了有效利用资源，因为只有产权界定明晰，才能更好地发挥资源的经济效用。二是保护环境和生态。我们要建设的小康社会，应当是环境友好、人与自然充分和谐的社会。因此，民法也必须承担保护环境、维护生态的功能，对财产权的客体、权能、属性、用益物权、相邻关系以及征收等制度进行完善，强化不动产所有人、使用人负有保护环境、维护生态的义务。对破坏生态环境的，应当追究其侵权责任。"
83,人格权的概念与特征（P109-110）,"**一、人格权的概念**  
人格权，是指民事主体基于其人格利益而依法享有的、以维护人格尊严与人格自由为目的的权利。其客体是人格利益（如生命、身体、健康、姓名、肖像、名誉、隐私等），核心在于保障人的人格尊严与人身自由不受侵害。

**二、人格权的特征**  
1. **专属性（主体专有）**：人格权专属于特定民事主体本人，原则上不得由他人享有或代替行使。  
2. **不可转让性**：人格权不得转让、买卖或以其他方式移转给他人。  
3. **不可继承性**：人格权本身不作为遗产继承；但与人格权相关的某些利益（如侵权损害赔偿请求权、死者人格利益保护等）可依法主张。  
4. **非财产性（以精神利益为主）**：人格权主要体现精神利益与人格尊严价值，通常不以直接财产利益为内容（但可能产生财产性后果，如肖像许可使用费、名誉受损导致的经济损失等）。  
5. **绝对权属性（对世性）**：人格权对不特定多数人发生效力，任何人均负有不得侵害的义务。  
6. **法定性**：人格权的类型与内容主要由法律直接规定，当事人不得任意创设或变更其基本属性。  
7. **与主体不可分离（终身性/伴随性）**：人格权与主体身份紧密结合，通常自出生（或依法成立）起享有，至死亡（或终止）而消灭；但死者人格利益仍受法律保护。  

如果你告诉我“P109-110”对应的是哪本教材/版本（书名、作者、版次），我也可以按该书的表述帮你更贴近原文整理成背诵版要点。","依据现代民法学的主流认识，所谓人格权，是指以主体固有的人格利益为客体，以维护和实现人格平等、人格尊严、人身自由为目标的权利。①党的十九大报告提出“保护人民人身权、财产权、人格权”。人格权是一项基本的民事权利，与其他民事权利相比较，人格权主要具有以下特征：1.人格权是民事主体依法所固有的基本权利。人格权是人身权的一种。所谓固有，是指从自然人出生、非自然人成立之日起，就享有人格权，其取得无需民事主体积极作为，而是由法律直接赋予。作为一种固有权利，人格权与民事主体相伴始终。当然，肯定人格权为一种固有权利并非对所谓“天赋人权”理论的延续和扩展，也并不意味着可以将人格权视为一种超越法律而存在的自然权利。人格权在性质上仍是一种法定权利，人格利益的保护范围和方式等也皆因法律的肯定才得以为权利人所实际享有。2.人格权是民事主体专属享有的民事权利。一方面，人格权是民事主体资格得以维持的前提，人格权的阙如，将导致民事主体资格的虚化；另一方面，从其权利要素来看，任何一项人格权皆须以具体的民事主体为依托，并借此表现其价值和个性，否则人格权就没有价值可言。在具体的法律效果上，人格权的专属性特征则集中体现于对权利继承和转让的限制中。当今域内外主流的民法学理论都认为，人格权由权利人专有，不得让与或继承，也和权利能力一样，不得抛弃，并不得由他人代为行使。3.人格权以民事主体的人格利益为其客体。作为人格权客体的人格，是应受法律保护的利益。与有形的财产利益不同，作为人格权客体的人格利益，无论是抽象的抑或具体的，在很大程度上皆体现于精神范畴，都是行为与精神活动的自由和完整的利益，且以人的精神活动为核心而构成。如果说法律对财产利益的保护旨在维持主体的生存发展以及提供其从事各种活动的物质基础，那么,对无形的人格利益的保护则旨在维持主体作为人的存在，并且为主体从事财产活动提供前提条件。在这个意义上讲，人格利益是人的最高利益。作为一种受法律保护的利益，人格是以权利主体与他人建立起来的社会关系的存在为前提的。作为权利义务具体指向的人格利益，也就因此呈现出多样化的姿态。人格权是人权的具体化和制度化体现。人权实质上是对人基于其自然属性所产生的诸多基本需求的高度抽象和理念化表达，其内涵丰富且具有浓厚的道德权利色彩。人格权以人权为其价值基础，是人权理念和思想在民事法律领域的延续和具体表现。人权的主要内容如人格尊严、人格平等和人身自由等，也借由人格权的规范形式获得制度化的表达，进而获得了更加充分的保护和实现。当然，作为两个不同法域的概念，两者之间也存在明显的区别。首先，人权是一个十分复杂和多元的概念，既有作为自然权利(道德权利)的一面，又有作为法律权利的一面。即便是在法律的语境内，人权的内容也并不以人格权所指向的生命、健康、人格尊严等人格利益为限，还包括言论自由、选举权与被选举权、监督权等公法权利的内容，其概念所涵摄的范围十分广泛。人格权作为一项以维护民事主体人格利益为目的的权利，虽然借助一般人格权之类的框架性权利而具备了较大的开放性，但仍是一个具有明确范围限制的民事权利。所以，人格权仅是人权的一个组成部分。其次，人格权作为一项民法权利，其救济主要依靠法律手段，由各国法院通过行使司法权实现。而人权中具有很多道德权利内容，而且常常成为政治团体乃至国际社会各方处理相互关系的口号和工具。虽然对于人权保护而言，法律的手段不可或缺，但因其内容十分复杂，权利的保护形式也是多种多样的。"
85,担保物权的主要特点（P218、219）,"担保物权的主要特点（对应教材常见表述，P218-219）一般包括：

1. **从属性**  
   以主债权存在为前提，随主债权的发生、转让、消灭而发生、转让、消灭；主债权无效或消灭，担保物权原则上也随之无效或消灭。

2. **不可分性**  
   在主债权未全部清偿前，担保物权及其效力及于担保物的全部；即使债务部分清偿，担保物权仍对全部担保物存在（除非法律另有规定或当事人另有约定）。

3. **物上代位性（代位性）**  
   担保物因毁损、灭失等获得的保险金、赔偿金、补偿金等替代利益，担保物权人可以就该替代利益优先受偿（在符合法定条件下）。

4. **优先受偿性（优先性）**  
   债务人不履行到期债务或发生约定实现担保物权情形时，担保物权人就担保财产的变价款等**优先于普通债权人**受偿（但可能受法定优先权、先后顺位等规则影响）。

5. **追及效力（追及性）**  
   担保物转让给第三人后，担保物权原则上仍附着于该物，担保物权人可就该物实现担保（但对善意取得、登记对抗等情形需结合具体制度判断）。

如果你把教材版本/章节标题或P218-219的原文拍照发我，我可以按你书上的表述逐条对齐（用同样的关键词和顺序）。",1.担保物权的设定以担保主债权的实现为目的。顾名思义，担保物权就是为担保债权而设定的物权。担保物权不同于用益物权就在于，权利人通过支配担保财产的交换价值，在债务人不履行债务或者发生了当事人约定的实现担保物权的情形时，就可以拍卖、变卖担保财产并从中优先受偿，从而保障其债权的实现。2.担保物权是一种从属性的物权。担保物权是为了担保主债权的实现而设立的，因此它必须以主债权的存在为前提。正因如此，担保物权在学理上通常被称为从权利。在例外情况下，虽然设定担保物权时，主债权可以不特定，但在实现担保物权之前，主债权必须特定，如最高额抵押。①担保物权的从属性还体现为，担保物权的效力随主债权的变动而变动：主债权移转，担保物权也随同移转；主债权消灭，担保物权也相应消灭。3.担保物权以债务人或第三人一定的财产为客体。担保物权不同于保证之处，就在于它是以一定的财产为权利标的而担保债权的实现，而不是以担保人的一般责任财产或信用财产为基础。担保物权的客体既可以是物，也可以是权利。当然，并非任何物和权利都可以成为担保物权的客体。其中，能够成为担保物权的客体的物必须是有体的、特定化、可流通的物；能够成为担保物权的客体的权利必须是具有可让与性的财产权利。以上物和权利合称财产。4.担保物权人所支配的是交换价值。所有权是对物的全面支配，用益物权则是对物的使用价值的支配，而担保物权所支配的则是物的交换价值。担保物权以获取担保财产的交换价值为目的而设定，注重支配的是担保财产在拍卖、变卖时的价值。因此，同一物之上可以基于对交换价值的分割而设立多个担保物权，例如，在同一物之上设立多个抵押权。5.担保物权是一种定限物权。担保物权人不能对财产予以全面支配，不能像所有权人那样依照自己的意志和利益行使所有权的全部权能，而只能支配标的物的交换价值。6.担保物权人依法享有对担保标的物的变价权。对其他物权而言，权利人不仅可以直接支配标的物，而且可以直接依法享有对物的占有、使用等权能，并可以排除他人的非法干涉。但对担保物权来说，权利人一般不能直接自力实现担保物权，必须通过约定和法定的方式，如依据拍卖、变卖程序就担保财产进行变价，并就所得价款优先受偿。在《物权法》颁行之前，我国民法尚未正式使用“担保物权”这一术语，但司法实务以及学理均普遍认同“担保物权”所具有的内涵。我国《物权法》设专编规定了抵押权、质权、留置权等担保物权。与《担保法》相比，《物权法》担保物权编实现了以下突破：第一，完善了担保物权体系，不仅承认了金融创新中出现的公路桥梁收费权质权、高等学校公寓收费权质权等，还规定了浮动抵押权、最高额质权制度，使得担保物权体系渐趋完善，融资担保渠道大大拓宽。第二，扩充了担保财产的范围，除了对《担保法》中担保物的范围予以确定之外，新增了原材料、半成品、产品，正在建造的建筑物、船舶、航空器，应收账款，并且允许“法律、行政法规未禁止抵押的其他财产”均可作为担保财产，广泛承认了可交易财产的金融价值。第三，修正了担保物权的实现规则，不仅完善了担保物权的实现条件，将“发生当事人约定的实现担保物权的情形”也规定于其中，而且完善了担保物权实现的途径，无须经过普通诉讼程序，可直接请求人民法院拍卖或者变卖担保财产。此外，《物权法》还根据《担保法》及其相关司法解释施行以来的经验，完备了最高额抵押制度，分别统一规定了不动产和动产抵押登记的效力，完善了有关担保物权设定、效力等其他方面的规则。
89,遗嘱继承的概念和特征（P394）,"**一、遗嘱继承的概念**  
遗嘱继承，是指被继承人生前依照法律规定的方式订立遗嘱，在其死亡后，按照遗嘱对其个人合法财产进行处分，由遗嘱指定的继承人（或受遗赠人）取得遗产的继承方式。

**二、遗嘱继承的特征**  
1. **以遗嘱为依据**：遗产分配以合法有效的遗嘱内容为准，而不是按法定继承顺序当然分配。  
2. **体现被继承人意思自治**：被继承人可以在法律允许范围内自主决定遗产由谁继承、继承多少、如何分配。  
3. **以被继承人死亡为生效条件**：遗嘱在被继承人生前不发生继承效力，死亡时才发生效力并开始继承。  
4. **具有严格的法定形式与实质要件**：遗嘱必须符合法律规定的形式（如自书、代书、公证、录音录像、口头等）及实质条件（如真实意思表示、具备遗嘱能力、内容合法等），否则可能无效或部分无效。  
5. **优先于法定继承适用**：在遗嘱合法有效且处分范围合法的前提下，遗嘱继承优先；遗嘱未处分或无效部分，才适用法定继承。  
6. **受法律强制性限制**：不得违反法律规定和公序良俗；并应保障特定继承人的合法权益（如对缺乏劳动能力又没有生活来源的继承人应保留必要份额等）。  

如果你能告诉我“P394”对应的教材名称/版本，我也可以按该书的表述帮你更贴近原文整理成可直接背诵的答案。","遗嘱继承是指于继承开始后，继承人按照被继承人的有效遗嘱继承被继承人遗产的法律制度。在遗嘱继承中，生前立有遗嘱的被继承人称为遗嘱人或立遗嘱人，依据遗嘱的指定享有遗产继承权的人为遗嘱继承人。遗嘱继承与法定继承相比，具有以下特征：第一，遗嘱继承的发生以有效遗嘱的存在为前提。引起法定继承发生的法律事实只有一个，即被继承人的死亡。但是，仅有被继承人的死亡并不能引起遗嘱继承的发生，还须有被继承人所设立的有效遗嘱。正是从这个意义上说，遗嘱继承以遗嘱为前提。第二，遗嘱继承直接体现着被继承人的遗愿。遗嘱继承是在继承开始后按照遗嘱进行的继承。遗嘱体现了被继承人的意愿，因此，继承人按照被继承人的遗嘱继承遗产，也就直接体现了被继承人的遗愿。在遗嘱继承中，继承人、继承份额等都是由被继承人在遗嘱中指定的。按照遗嘱进行继承，也就是充分尊重被继承人对自己财产处分的自由。第三，遗嘱继承是对法定继承的一种排斥。遗嘱继承的效力优于法定继承，在继承开始后，有遗嘱的，先要按照遗嘱进行继承。由于遗嘱中所指定的继承人对遗产的继承不受法定继承时法律对继承顺序、继承人应继份额规定的限制，因此，遗嘱继承实际上是对法定继承的一种排斥。遗嘱继承也不同于遗嘱信托。遗嘱信托是指委托人以立遗嘱的方式，将其财产交付信托。在遗嘱生效时，信托财产将被转移给受托人，由受托人依据信托的内容(即委托人遗嘱所交办的事项),管理处分信托财产。在遗嘱信托中，委托人死亡后信托合同才生效。通过遗嘱信托，可以使财产顺利地传给后代，同时，也可以借助受托人的理财能力弥补继承人无力理财的缺陷。当然，在实质意义上使继承人取得了遗产方面，两者具有相同之处。"
101,法官职业伦理具体要求（P116-124）,"我现在无法直接看到你说的教材/讲义里 **P116–124** 的原文内容，所以没法逐条“按页码原文复述”。但我可以把**法官职业伦理的具体要求**按通行的规范体系（宪法与法律原则、法官法、司法职业道德/审判纪律等）做一份**可直接背诵/对照教材**的要点清单。你也可以把 P116–124 拍照或粘贴出来，我再帮你**逐条对应到页码**整理成“教材版答案”。

---

## 法官职业伦理的具体要求（要点版）

### 1. 忠于宪法法律、坚持正确政治方向
- 维护宪法权威与法治统一，依法独立公正行使审判权。  
- 坚持以事实为根据、以法律为准绳，确保法律正确统一适用。  
- 维护国家利益、社会公共利益与人民群众合法权益。

### 2. 公正司法（核心要求）
- **实体公正**：正确认定事实、准确适用法律、裁判结果公正。  
- **程序公正**：严格遵守法定程序，保障当事人诉讼权利（知情权、辩论权、举证质证权、申请回避权等）。  
- **同案同判/类案同判**：裁判尺度一致，防止“同案不同判”。  
- **回避制度**：与案件有利害关系或可能影响公正的，应当回避/申请回避。

### 3. 廉洁自律（底线要求）
- 不得贪污受贿、徇私枉法、枉法裁判。  
- 不得接受当事人及其代理人、利害关系人的财物、宴请、旅游、娱乐等利益输送。  
- 不得利用职务便利为本人或特定关系人谋取不正当利益。  
- 严格遵守防止利益冲突规定（投资、兼职、经商办企业、与律师/当事人不当交往等）。

### 4. 中立克制、保持职业边界
- 与当事人、律师、鉴定人等保持必要距离，避免私下接触、单方接触。  
- 不得通过“打招呼”“递条子”等方式干预案件，也不得接受他人干预。  
- 对舆情、媒体保持理性克制，不以个人身份对未决案件发表倾向性意见。

### 5. 诚实守信、严谨规范
- 依法如实记录、制作、送达法律文书，确保文书规范、说理充分。  
- 不得伪造、隐匿、毁灭证据材料或案卷材料。  
- 不得故意拖延、消极办案，严格遵守审限与流程管理要求。

### 6. 尊重与保障人权、文明司法
- 尊重人格尊严，平等对待当事人和诉讼参与人。  
- 规范庭审言行，杜绝侮辱、歧视、粗暴对待。  
- 依法保障弱势群体诉讼权利（未成年人、残障人士、老年人等）。

### 7. 保守国家秘密、审判秘密和工作秘密
- 对国家秘密、商业秘密、个人隐私、未成年人信息等依法保密。  
- 不得泄露合议、审委会讨论情况、裁判形成过程中的内部信息。  
- 规范使用网络与社交媒体，防止“案情外泄”。

### 8. 勤勉尽责、提升专业能力
- 持续学习法律与审判业务，提升证据审查、法律适用、裁判说理能力。  
- 依法高效办案，注重质量、效率与效果统一。  
- 接受监督：人大监督、社会监督、内部监督与司法责任制约束。

### 9. 自觉接受监督与责任追究（司法责任）
- 对违法审判、严重过失、违反程序造成严重后果的，依法依规追责。  
- 对干预过问案件的情况按规定记录、报告。  
- 依法配合纪检监察、审务督察等监督机制。

### 10. 维护司法形象与职业声誉
- 生活作风端正，遵守社会公德与职业操守。  
- 避免可能损害司法公信的行为（不当言论、奢靡消费、与特定人员不当交往等）。  
- 在公共场合注意身份影响，维护法院与法官整体形象。

---

## 便于考试的“八个关键词”速记
**忠诚、为民、公正、廉洁、规范、文明、保密、勤勉（+接受监督）**

---

如果你把 **P116–124** 的内容发我（拍照/截图/文字），我可以：
1) 按页码逐条提炼成“教材原句式”答案；  
2) 做成表格：**页码—要点—关键词—可背诵表述**；  
3) 帮你出几道可能的简答/论述题模板。",保障司法公正；提高司法效率；保持清正廉洁；遵守司法礼仪；加强自身修养；约束业外活动
102,中国律师职业伦理的基本要求（P241、242）,"我目前看不到你所说教材的第241、242页原文，但按中国律师职业伦理/律师职业道德与执业纪律的一般教材体系，“基本要求”通常概括为以下几项（表述在不同教材中可能略有差异）：

1. **忠于宪法和法律，依法执业**  
   以事实为根据、以法律为准绳，不得教唆、帮助当事人实施违法行为。

2. **维护当事人合法权益，勤勉尽责**  
   以当事人合法利益为中心，尽职尽责、及时办理，提供专业、审慎的法律服务。

3. **维护司法公正与法治秩序**  
   尊重法庭和诉讼规则，诚实守信，不得妨碍司法活动，不得进行虚假陈述或伪造证据等。

4. **诚实守信，恪守职业操守**  
   不作虚假承诺，不误导当事人，不以不正当方式承揽业务，合理收费、明示收费规则。

5. **保守国家秘密、商业秘密和当事人隐私/秘密**  
   对执业活动中知悉的信息依法依规保密（法定披露/报告义务除外）。

6. **避免利益冲突，保持独立性**  
   不得在存在利益冲突的情形下接受委托或继续代理；保持职业独立，避免受不当干预。

7. **遵守行业规范，维护律师职业形象与团结**  
   遵守律师协会章程和行业纪律，尊重同行，公平竞争，维护行业声誉。

如果你把**P241-242的照片**发来，或把那两页的标题/要点文字贴出来，我可以按你教材的原文结构，帮你整理成**与页码一致的标准答案**（便于考试/作业）。",（一）坚定信念；（二）执业为民；（三）维护法治；（四）追求正义；（五）诚实守信；（六）勤勉尽责
8,法律事实可以根据不同标准进行分类（P134-136）,"法律事实（能引起法律关系发生、变更或消灭的客观情况）可按不同标准分类（常见于教材P134-136）：

## 一、按是否以人的意志为转移
### 1. 事件（不以人的意志为转移）
- **自然事件**：地震、洪水、雷击、疾病、死亡等  
- **社会事件**：战争、罢工、重大社会动乱等  
特点：并非当事人主观意志所能控制，但可能引发法律后果（如继承开始、合同履行不能等）。

### 2. 行为（以人的意志为转移）
人的有意识活动或可归责于人的活动引起法律后果。

## 二、按行为是否合法（仅针对“行为”）
### 1. 合法行为
- **法律行为**：以设立、变更、终止民事法律关系为目的的意思表示行为  
  例：订立合同、立遗嘱、结婚登记等  
- **准法律行为**：不以发生特定法律后果为目的，但法律直接规定其产生法律后果  
  例：无因管理、拾得遗失物后的通知与保管、紧急避险中的必要处置等（不同教材表述略有差异）

### 2. 违法行为
违反法律规定并引起法律责任的行为。  
例：侵权行为（损害他人权益）、违约行为、犯罪行为等。

## 三、按法律后果的性质（引起何种法律关系变化）
### 1. 发生法律事实
使法律关系**发生**  
例：合同成立、出生、登记结婚等。

### 2. 变更法律事实
使法律关系内容或主体**变更**  
例：债权转让、合同变更、监护关系变更等。

### 3. 消灭法律事实
使法律关系**消灭**  
例：债务履行完毕、解除合同、死亡导致人身关系终止等。

## 四、按构成法律后果所需事实的数量
### 1. 单一法律事实
一个事实即可引起法律后果  
例：自然人死亡→继承开始（一般情形）。

### 2. 复合（结合）法律事实
需多个事实结合才发生法律后果  
例：结婚需达到法定婚龄 + 自愿 + 符合条件 + 登记；取得某些资格需考试合格 + 申请 + 审批等。

如果你把教材的“P134-136”对应的书名/版本或目录标题发我，我也可以按该教材的原有框架（术语、例子）逐条对齐整理。",（一）行为和事件行为是以权利主体的意志为转移、能够引起法律后果的法律事实。事件是不以权利主体的意志为转移的法律事实。事件以是否由人们的行为而引起可以划分为绝对事件和相对事件。绝对事件不是由人们的行为而是由某种自然原因而引起的事件，例如人的自然死亡和出生、时间的流逝等自发性质的现象。人的死亡引起婚姻法律关系消灭；人的出生引起父母与子女的法律关系产生；等等。相对事件是由人们的行为引起的事件，但它的出现在该法律关系中并不以权利主体的意志为转移。例如，死亡可能由于自然死亡，也可能由于凶杀所致，但都是人的生命的终止。就终止死者与其生前所在单位的劳动法律关系而言，都是不以权利主体的意志为转移的事件。相对事件表明，行为与事件之间的界限不是绝对的。以人的意志为转移的法律事实，对于由行为人直接引起的法律后果来讲属于行为，而对于不是行为人直接引起的法律后果来讲则属于事件。例如，交通事故，对于由肇事者所直接引起的保护性法律关系而言是行为，肇事者应该承担相应的法律责任；但对于由于交通事故而死亡，从而使死者与其生前所在单位的劳动法律关系解除而言，则属于相对事件。（二）肯定的法律事实和否定的法律事实按照产生法律后果是否要求某些现象存在，法律事实可分为肯定的法律事实和否定的法律事实。肯定的法律事实表明法律后果的产生要求有一定的现象出现，如果不存在该现象，就不可能产生该法律后果。如服兵役要求达到一定年龄，担任某一公职需要有主管机关的任命，都属于此类。否定的法律事实表明法律后果的产生要求不存在一定现象，如果存在该现象，就不可能产生这一法律后果。例如，婚姻登记的当事人之间不能存在某种亲属关系，被任命为政府官员的人不能是被剥夺政治权利的人，都属于此类。（三）一次性作用的法律事实和连续性作用的法律事实 按照作用时间的长短，法律事实可分为一次性作用的法律事实和连续性作用的法律事实（状态）。绝大多数法律事实（行为、事件）都是一次性作用的，即法律规范仅仅在该具体情况下将它与法律后果相联系。状态，是长时间地、连续地或定期地存在的并产生法律后果的情况，如国籍、婚姻。状态区别于其他法律事实的特点在于它的长期性和连续性。同时，状态本身往往又是由其他法律事实引起的法律后果，所以它也是一种长期发生作用的法律关系。（四）单一的法律事实和事实构成 按照产生法律后果所需要法律事实的数量，法律事实可分为单一的法律事实和由足够法律事实构成的系统，即事实构成。单一的法律事实说明法律后果的产生要求有单一的现象出现，如出生是建立父母与子女间法律关系的单一法律事实。但有些法律关系则必须具备两个或两个以上的法律事实，在这些法律事实之间形成了一个法律事实的系统，即事实构成。如我国《法官法》规定，担任法官必须具有中华人民共和国国籍，拥护中华人民共和国宪法，拥护中国共产党领导和社会主义制度，具有良好的政治、业务素质和道德品行并具备相应学历等条件。违法构成是事实构成的特殊形式，它是形成保护性法律关系、使违法者承担法律责任的法律事实系统。
7,解决法律冲突的一般原则（P118）,"解决法律冲突（法律适用冲突）的一般原则通常概括为以下几项（常见于法理学/法制史/法律方法论教材“P118”附近的内容）：

1. **上位法优于下位法**  
   宪法、法律的效力高于行政法规、地方性法规、规章等；下位法不得与上位法相抵触。

2. **新法优于旧法**  
   同一机关制定的规范性文件在同一事项上发生冲突时，一般适用后制定的规范。

3. **特别法优于一般法**  
   在同一效力层级、同一机关制定的规范之间，针对特定事项的特别规定优先于一般规定。

4. **同一位阶规范冲突的处理规则（补充）**  
   - **同一机关**：通常按“新法优于旧法”“特别法优于一般法”处理。  
   - **不同机关但同一位阶**：一般依照法定的冲突裁决机制处理（如报请有权机关裁决、备案审查等），不能自行任意选择适用。

如果你能告诉我你所用教材的书名/章节或把P118拍照发来，我可以按该教材的表述逐条对应整理成“标准答案”格式。",1.根本法优于普通法。在成文宪法国家，宪法是国家根本法，具有最高法律效力，普通法必须以宪法为依据，不得同宪法相抵触。这是国家法制统一的必然要求。2.上位法优于下位法。不同位阶的法之间发生冲突，就应按上位法优于下位法的原则，适用上位法。3.新法优于旧法。同一国家机关在不同时期颁布的法产生冲突时，应按照新法优于旧法的原则处理。4.特别法优于一般法。这一原则的适用是有条件的，这就是要求必须是同一国家机关制定的法，并包括以下两种情况：一是指在适用对象上，对特定主体和特定事项的法，优于对一般主体和一般事项的法；二是指在适用时间、空间上，对特定时间和特定区域的法，优于对平时和一般地区的法。
2,法系的概念？（P72、73）,"**法系（legal family / legal system family）**是指：把世界各国（或地区）的法律，依其**历史渊源、基本理念、法律渊源与形式、制度结构、法律思维与方法**等共同特征加以归类所形成的类型。

常见要点（通常教材 P72–73 会强调）：
1. **分类对象**：各国（地区）的法律整体，而不是单一部门法。  
2. **分类标准**：  
   - 历史来源与继受关系（如罗马法传统、英国普通法传统）  
   - 法律渊源与表现形式（成文法/判例法的地位）  
   - 法律制度与技术（法典化程度、诉讼结构等）  
   - 法律观念与思维方式（演绎/归纳、法官角色等）
3. **意义**：便于比较法研究、理解不同国家法律差异与移植/借鉴的可能性。

**典型法系**（最常见的划分）：  
- **大陆法系（民法法系）**  
- **英美法系（普通法法系）**  
（有的教材还会列：伊斯兰法系、印度法系、中华法系/东亚法传统、社会主义法系等，视教材口径而定。）

如果你把 P72、73 的照片发我，我可以按你那本书的原文表述帮你整理成更贴近考试/背诵的版本。",在法律文明的发展历史上有一个普遍的现象，即在整个世界的空间范围内，通常存在若干法律文明区域，不同文明区域的法律制度和法律文化呈现出差别较大的面貌，而同一文明区域中不同国度的法律制度和法律文化则往往具有较大的类似性，似乎属于同一个“家族”。在法学理论上，用来概括不同区域和国度之间法律文明差别化和类似性的概念就是法系。法系是比较法学家在对世界不同区域和国度的法律制度和法律文化进行比较研究中形成和使用的概念，其英文表达为legal genealogy、legal family，意为法的族系，中文通常译作“法系”。
16,法律适用的基本原则（P338-341）,"你问的“法律适用的基本原则（P338-341）”需要依托你所用教材/讲义的具体版本，因为不同教材在这几页的表述、标题和归纳点会不一样。你可以把这几页拍照/截图发我（或把目录/要点文字粘贴出来），我就能按原书结构帮你整理成可背诵的要点。

在你未提供具体教材前，我先给出法学教材中最常见、最通用的一套“法律适用基本原则”框架（便于你先预习/对照）：

## 法律适用的基本原则（常见归纳）
1. **合法性原则（依法裁判/依法行政）**  
   一切法律适用活动必须以法律规范为依据，遵循法定权限、法定程序，适用法定规则。

2. **平等适用原则（法律面前人人平等）**  
   对同类案件、同等情形应同等对待，禁止歧视性适用；同案同判、类案类判是其要求之一。

3. **以事实为根据、以法律为准绳原则**  
   先查明事实，再选择并解释适用法律；事实认定与法律适用相互衔接，避免“先定结论再找依据”。

4. **程序正当原则（正当程序/程序法治）**  
   保障当事人程序性权利（知情、陈述申辩、质证、救济等），遵守法定程序，确保裁判/决定的可接受性与公正性。

5. **公正原则（实体公正与程序公正统一）**  
   追求结果公正与过程公正；要求裁判者中立、避免偏私，合理平衡各方利益。

6. **效率原则（及时、经济）**  
   在不牺牲公正与权利保障的前提下，提高办案效率、降低制度成本，实现“公正与效率”的协调。

7. **诚实信用与禁止权利滥用（多见于民商法适用）**  
   适用法律时贯彻诚信原则，防止当事人利用形式合法掩盖实质不当，限制权利滥用。

8. **遵循法律解释与适用规则（体系解释、目的解释等）**  
   在法律存在不明确、冲突、漏洞时，依解释规则与适用规则处理（如上位法优于下位法、新法优于旧法、特别法优于一般法等——有的教材把这些单列为“法律冲突解决规则”）。

---

### 为了精准对应“P338-341”
请你补充任一项信息即可，我就能按你书上的原话/原序号整理：
- 教材名称 + 版本 + 作者；或  
- 直接发 P338-341 的照片/截图；或  
- 把这几页的小标题/段落要点粘贴出来。

你希望我整理成哪种形式：**背诵版（条目+关键词）**、**简答题版（每条2-3句）**，还是**论述题版（展开+例子）**？",（一）司法为民原则 司法为民是社会主义法治的本质要求，是中国共产党以人为本、执政为民的执政理念对法律适用的必然要求，是“一切权力属于人民”的宪法原则在司法工作中的具体体现，是司法工作始终保持正确政治方向的重要保证。“人民法院”“人民检察院”的称谓表明，社会主义司法机关与资本主义司法机关有着本质区别。“在资本主义社会里，法院主要是压迫机构，是资产阶级的剥削机构。”十月革命推翻了官僚……建立了苏维埃。……把法院变成了人民的法院。”坚持司法为民原则，是社会主义法治的本质要求，是法律适用的社会主义性质的重要特征。在法律适用过程中坚持司法为民，就是要坚持以人为本，尊重和保障人权，努力做到一切为了人民，一切依靠人民，对法律负责，让人民满意，坚持法律效果与社会效果的统一。人民法院在依法办案时，应怀着对人民群众的深厚情感去落实司法为民的原则，始终把人民群众的冷暖放在心上，诚心诚意地为人民群众排忧解难，让人民群众切实感受到社会主义司法制度的温暖。（二）依法独立行使职权原则 司法机关依法独立行使职权是司法机关适用法律的一项重要原则。我国《宪法》规定，人民法院、人民检察院分别依照法律规定独立行使审判权、检察权，不受行政机关、社会团体和个人的干涉。人民法院组织法、人民检察院组织法、民事诉讼法、刑事诉讼法和行政诉讼法也作了类似的规定。其基本内容是：国家的司法权只能由国家的司法机关统一行使，其他任何组织和个人都无权行使此项权力；司法机关行使司法权时，必须严格依照法律规定，准确地适用法律。我国司法机关依法独立行使职权原则与西方“三权鼎立”模式下的“司法独立”有着本质区别。在我国宪法体制下，坚持司法机关依法独立行使职权原则，并不意味着司法机关可以脱离党的领导和人大监督，不受任何约束。恰恰相反，司法机关必须始终坚持党对司法的绝对领导，把党的政策作为司法的指导；要自觉接受人大及其常委会的监督，与其他国家权力互相配合、互相制约，共同维护社会主义法治的尊严、权威和统一。（三）司法平等原则 司法平等原则是法律面前人人平等原则在司法活动中的具体体现，是适用法律的重要原则。正如恩格斯指出的那样：“一切官吏对自己的一切职务活动都应当在普通法庭面前遵照普通法向每一个公民负责。”在我国，司法平等原则具体地体现为“公民在法律面前一律平等”的原则。它是指各级国家司法机关及其司法人员在行使司法权、处理案件时，对于任何公民，无论其民族、种族、性别、职业、宗教信仰、教育程度、财产状况、居住期限等有何差别，也无论其出身、政治历史、社会地位和政治地位有何不同，在适用法律上一律平等，不允许有任何的特殊和差别。具体表现为：司法机关及其司法人员，对于任何公民的违法犯罪行为，都必须同样地追究法律责任；对于所有诉讼参与人都应当平等地、公平地对待，切实保障诉讼参与人充分行使诉讼权利和履行诉讼义务。这一原则不仅适用于公民个人，也适用于法人和其他各种社会组织。司法平等原则是我国司法的一项重要原则。实现这一原则，对于切实保障公民在适用法律上的平等权利，反对特权思想和行为，惩治司法腐败行为，维护社会主义法治的尊严、权威和统一，调动广大人民的积极性，都有重要意义。 （四）司法公正原则 司法公正原则是指司法机关及司法人员在司法活动的过程中应坚持和体现公平和正义的原则。司法公正是社会正义的重要组成部分，它包括实体公正和程序公正。实体公正主要是指司法裁判的结果公正，当事人的权益得到了充分的保障，违法犯罪者受到了应有的惩罚和制裁。程序公正主要是指司法过程的公正。司法程序具有正当性，当事人在司法过程中受到公平的对待。司法活动的合法性、独立性、有效性，裁判人员的中立性，当事人地位的平等性以及裁判结果的公正性，都是司法公正的必然要求和体现。司法公正是司法的生命和灵魂，是司法的本质要求和价值准则。追求司法公正是司法的永恒主题，也是公众对司法的期望。当今中国正在深入推进司法体制改革，其目的就是为了实现司法公正，让人民群众在每一个司法案件中都感受到公平正义，并通过司法公正维护和促进社会公平正义。 （五）司法公开原则 法谚有云，公平正义必须要以看得见的方式实现。司法公开是公正司法的必然要求。司法越公开，就越有权威和公信力。如果司法权运行不公开，或有选择地公开，司法公信力就无法树立。司法机关要增强主动公开、主动接受监督的意识，完善机制、创新方式、畅通渠道，依法及时公开执法司法依据、程序、流程、结果和裁判文书。除法律规定的情形外，一般都要公开。司法机关要努力做到“以至公无私之心，行正大光明之事”，对公众关注的案件，要提高透明度，让暗箱操作没有空间，让司法腐败无法藏身，让公平正义的阳光照进人民心田。
11,法律解释的原则（p181-183）,"我现在看不到你说的教材第 **p181–183** 的具体内容，但我可以把**法律解释的一般原则**按法学通说（大陆法系/中国法学教材常见表述）整理给你。若你把那几页拍照/发文字，我也可以按你教材的表述逐条对应、帮你做成笔记。

## 法律解释的原则（常见归纳）

1. **合法性原则（依宪依法解释）**  
   解释必须以宪法和法律为依据，不得以解释之名变相立法、改法或废法；不得与上位法相抵触。

2. **尊重立法原意与目的原则（目的性/立法意旨）**  
   解释应尽量符合立法目的、立法背景与规范要解决的社会问题，避免背离制度设计初衷。

3. **文义优先原则（文义解释为基础）**  
   以法条文字通常含义为起点；在文义清楚时一般不轻易作扩张或限缩解释。

4. **体系解释原则（整体一致）**  
   将条文放在同一法律、同一部门法乃至整个法律体系中理解，处理好一般与特别、上位与下位、新法与旧法等关系，保持规范协调统一。

5. **合宪性与基本权利保障原则（权利友好）**  
   在多种解释可能并存时，优先选择更符合宪法精神、更加有利于保障公民基本权利与法治原则的解释。

6. **符合社会发展与现实需要原则（社会效果/与时俱进）**  
   在不违背法律文本与立法目的的前提下，解释应回应社会变迁与新类型案件，兼顾法律效果与社会效果。

7. **公平正义与利益衡量原则**  
   在疑难情形下，通过比例、平衡等方法，选择更能实现实质正义、合理分配利益与风险的解释结论。

8. **明确性与可预测性原则（安定性）**  
   解释应尽量清晰、稳定、可操作，避免随意性，维护法律适用的统一与公众预期。

9. **诚实信用与禁止权利滥用等一般法理的融入**（在民商法等领域尤常见）  
   解释时可借助一般条款与基本原则，防止形式合法但实质不当的结果。

---

如果你告诉我：  
- 这是哪本书/哪门课（法理学、宪法学、民法总论、法解释学等），以及  
- p181–183 的目录标题或拍照内容，  
我可以把“你教材那几条原则”按原顺序精确整理，并配上每条的关键词与1句例子，方便背诵。",（一）合法性原则这里所称的“法”既指宪法、法律、法规等法律文件关于解释主体及其解释权限和程序的规定，又指法之成为法的效力标准。贯彻合法性原则，首先，符合法定权限和程序。法律解释是严肃的国家活动，因此必须依照法定的权限和程序进行。我国宪法、立法法和其他有关规定分别就全国人大常委会、最高人民法院、最高人民检察院、国务院及其部门、有地方立法权的地方人大常委会和人民政府的解释权限和程序作了明确的规定。任何国家机关都不得越权解释。其次，符合上位法及其法律规范，并最终符合宪法规范、宪法原则和宪法精神。在法律规范体系中，低位阶的规范不得同高位阶的规范相抵触，对低位阶的规范的解释也不得同高位阶的规范相抵触。最后，与法律原则保持一致。法律原则是法律基本精神的体现，法律解释是对法律的补充性说明，必须符合被解释法律的本意。（二）合理性原则这里所说的“理”，包括情理、公理、道理。其一，符合社会现实和社会公理。法律解释必须解决现实问题，根据现实需要提出、确定解决办法。法律解释只有符合社会现实需要和社会公理要求，才会具有针对性和说服力。其二，尊重公序良俗。公序良俗是人们在长期的共同生活与生产过程中形成的具有广泛群众基础的行为规范，是经过长期的历史积淀才确立起来的。法律解释应尊重这些规范并要体现社会主义的价值观。其三，顺应客观规律和社会发展趋势。在充分尊重本国法律传统和现实的同时，法律解释应具有一定的超前性，能够对社会发展和法律进步起引导作用。同时，在法律原则的范围内，法律解释应有一定的变革性，从发展的角度解释法律。其四，坚持以党和国家政策为指导。与法律相比，政策更具有灵活性和针对性，更能够及时反映社会发展的实际情况和实际需要。因此，在解释法律时，将实践证明正确的政策性规定及时转化为具有法律效力的解释性文件，不仅是坚持合理性原则的体现，也是法治的内在要求。（三）整体性原则法是由众多规范构成的有机整体。每个规范的功能和价值都取决于法的整体功能和价值，每个概念、术语、条款都受制于法的整体意义。所以，无论对法律规范的解释，还是对概念、术语、条款的解释，都必须贯彻整体性原则。整体性原则既是准确理解法律规范的内在要求，也是维护法制统一性的题中应有之义。首先，要把法律规范置于它所处的规范性法律文件之中进行解释，根据该法律、法规总的指导思想和目标来把握其含义，而不能断章取义。其次，要把法律规范置于它所处的法律部门之中来理解。法律规范依其调整对象和方法被划归于不同的法律部门。每个法律部门都是法的一个子系统，有其总的原则和目标。这些原则和目标及该法律部门内各规范之间的关系决定着单个规范的目标和含义。因此，对单个规范的解释要与对该法律部门的理解联系起来。最后，要把法律规范置于它所处的单项制度之中来理解。法律体系内部存在着由很多数量不等的法律规范构成的单项制度，如选举制度、法人制度、审判监督制度、代理制度、破产制度等。这些单项制度内部各规范之间的关系是横向关系、纵向关系和交叉关系的复合体，往往跨越两个甚至多个法律部门，贯穿若干层次。因此，对单项制度内部的规范进行解释，就不能局限于它所处的法律、法规和法律部门。（四）历史与现实相统一的原则 任何法律、法规都是立法者在某一时刻制定的，都有其特定的历史背景。法律解释不能脱离法律规范产生时的立法环境、立法政策、立法动机，甚至还要考虑当时的立法程序。为此，要研究法律、法规制定时的草案及其说明，审议过程中各有关方面的发言、社会舆论的反应以及表决结果，对被解释的法律规范与已废止的同类法律规范进行比较研究。说明被解释的法律规范产生的历史背景是必要的，但这对法律解释的目的来说是不够的。法律解释不是为了说明过去，而是为了服务现在、指导未来。被解释的法律规范产生于过去的某一时刻，但其效力延伸到现在，直到将来被废止。因此，法律解释必须在考虑法律规范产生的历史背景的同时，充分考虑已经变化了的社会情况和现实的需要。（五）国内法与国际法相协调的原则 在全球化时代，国内法与国际法的联系越来越密切。在处理国内法与国际法的关系问题时，一般有两种方式：一是按照法律规定，除了声明保留的条款之外，当国内法与我国缔结或参加的国际条约出现冲突时，适用国际条约的规定。二是通过将国际法转化为国内法的方法适用国际法。在这种情况下，如果国际法没有转化为国内法，那么即便两者出现冲突，也不直接适用国际法。但是，在进行法律解释时，既要考虑我国制定的国内法的背景、目的，也要考虑国际条约及其内容在国内的适用性，以保证法律解释既能与国内法保持一致，又能实现我国所缔结和参加的国际条约的目的。
1,法产生的一般规律是什么？（P60、61）,"法产生（法的起源）的一般规律，通常概括为以下几点（对应教材常见表述）：

1. **法产生于一定的物质生活条件之上**  
   法不是自古就有的，它以社会经济发展到一定阶段为前提，根源在于生产力发展、私有制出现并推动社会结构变化。

2. **法产生与社会分工、商品交换的发展相联系**  
   随着社会分工扩大、交换增多，社会关系更复杂，需要更稳定、统一的行为规则来调整利益关系与交易秩序。

3. **法产生以阶级分化和阶级矛盾的出现为直接原因**  
   当社会分裂为利益对立的阶级后，原始社会的习惯规范已不足以维持秩序，需要新的强制性规范来确认和维护新的利益格局。

4. **法与国家同时或相伴产生，法以国家强制力为保障**  
   法的形成离不开国家机器：国家通过立法、司法、执法等方式把某些社会规范上升为法律，并以强制力保证实施。

5. **法是在原始习惯规范基础上发展而来，并逐步制度化、成文化**  
   早期法律往往来源于习惯、宗教规范、道德规范等，经过国家确认、固定化，逐渐形成成文法体系与专门的法律机构。

如果你把教材（P60-61）的原文拍照或发一段文字，我也可以按你们书上的表述逐条对照整理成“标准答案版”。",第一，法律制度是在私有制和阶级逐渐形成的社会背景下孕育、萌芽，并与国家组织相伴发展和确立起来的。第二，法律制度的形成过程是一个行为的调整方式从个别调整发展为一般调整的过程。第三，法律制度的形成经历了由习惯演变为习惯法再发展成为成文法的长期过程。第四，法律、道德和宗教等社会规范从混沌一体逐渐分化为各自相对独立的规范系统。第五，法是一种历史的现象，它有着产生、发展和灭亡的一般规律。
14,法与道德的联系和区别（P280、281）,"下面按“联系/区别”概括（对应常见教材在P280-281的要点表述）：

## 一、法与道德的联系
1. **同属社会规范**：都用来调整社会关系、维护社会秩序，具有规范性与约束性。  
2. **目标与价值取向相通**：都追求一定的公平正义、秩序与社会公共利益。  
3. **内容相互渗透**：许多法律规范吸收了道德要求（如诚实信用、尊老爱幼、禁止虐待等）；道德也会评价法律的正当性。  
4. **功能互补**：法律偏“外在强制”，道德偏“内在自律”；二者配合能更有效治理社会。  
5. **相互促进、相互制约**：良法往往以一定道德共识为基础；道德建设也需要法治保障（如反腐、保护弱者等）。

## 二、法与道德的区别
1. **产生基础不同**：  
   - 法：与国家产生相联系，是国家治理的制度化产物。  
   - 道德：源于社会生活与共同体习俗、观念的长期积淀。  
2. **表现形式不同**：  
   - 法：成文法典、法规、判例/司法解释等，形式明确。  
   - 道德：多以观念、习俗、舆论、传统等存在，较为分散。  
3. **调整范围不同**：  
   - 法：主要调整具有社会危害性或需要统一规则的行为关系，范围相对明确。  
   - 道德：覆盖面更广，包含大量不宜或不必法律化的领域（如礼貌、感恩等）。  
4. **实施方式与保障力量不同**：  
   - 法：依靠国家强制力（警察、法院、监狱等）保障实施。  
   - 道德：主要靠内心信念、社会舆论、传统习惯、群体评价来维系。  
5. **评价标准与后果不同**：  
   - 法：以“合法/违法”为标准，后果是法律责任（刑事、民事、行政等）。  
   - 道德：以“善/恶、应当/不应当”为标准，后果多为谴责、羞耻、名誉影响等。  
6. **稳定性与变动速度不同**：  
   - 法：相对稳定、变更有严格程序。  
   - 道德：更具弹性，随社会观念变化更快。  
7. **最低要求与更高要求**（常见表述）：  
   - 法通常体现社会生活的“最低限度”行为要求；  
   - 道德往往提出更高层次的价值追求与人格要求。

如果你把教材版本/章节标题或P280-281的照片发来，我也可以按你书上的原句结构（分点标题、关键词）帮你整理成可直接背诵的答案。",作为人类社会中两种主要的行为规范，法与道德有着十分密切的联系。一方面，法律和道德相辅相成、相得益彰。法律是成文的道德，道德是内心的法律。法安天下，德润人心。法律调整人的行为，道德调整人的心灵。法律通过确立特定的道德原则和规范，为道德理念的贯彻提供法律支持，同时也影响着道德观念的发展。另一方面，法与道德相互制约。法律可以剔除道德观念中不合时宜的成分，道德可以通过对法律的实质内容进行公正与否的评价，推动法律的制定、修改甚至废除，使法律与主流道德相一致。作为两种不同的行为规范，法与道德的区别主要表现在以下六个方面。第一，产生方式不同。道德是人们在长期的共同生产和生活中逐渐产生的，依赖教育培养而积累形成。就此而言，道德是自发的，有时是无形的，一般不需要通过专门的公共机构和人员来制定，也不一定非要通过专门的组织和制度来实现。法律是自觉的、确定的、有形的，一般是通过特定的机构、程序、方式而形成和实现的。在时间上，道德具有先在性，它的产生早于法律，是法律产生、形成、发展、运作和实现的基础。第二， 表现形式不同。在现代文明社会中，法律通常是以成文的方式表现出来的，它的存在形式主要是法典、单行法律法规、判例、条约等规范性文件或国家认可的习惯法。而道德则不同，它主要体现在人们的意识、信念和心理之中，通过人们的言论、行为、内心信念、社会舆论、风俗习惯等形式表现出来，一般是不成文的。第三， 实现方式不同。法律和道德作为人们的行为准则，都具有一定约束性和强制性，然而两者间约束性和强制性的方式、程度有极大的差别。法律具有较强的约束性，它往往以国家的强制力为坚强后盾，主要表现为一种外在的强制力。道德没有设定明确的行为模式，它主要依靠社会舆论、社会评价的力量，依靠人们的内心信念、内在修养和社会教育的力量来维持。第四，调整对象不完全相同。道德所调整的对象、内容、范围远比法律广泛得多，它几乎涉及人们在社会生产、生活中的一切领域，涉及人的外在行为和内在思想、动机。法律所调整的对象、内容和范围主要是人的外在行为，而且通常都是与建立和维护正常的社会秩序息息相关的人的行为。法律所调整的绝大多数对象、内容、范围，同样也可以由道德来调整，而道德所调整的对象、内容和范围并不完全能够通过法律来调整。第五，评价尺度和标准不同。道德评价人的行为的尺度和标准主要是一定社会的价值观念体系，是一定社会、一定人群集合体的善恶观、公正观、是非观、美丑观、荣辱观。人们的行为只要符合一定的道德标准，就是正当的、有效的和合理的。法律评价人的行为的尺度和标准是合法与不合法、罪与非罪、有效与无效、正当与不正当。行为只要符合法律，就是合法的、有效的和正当的。法律标准比道德标准狭窄，是道德的底线，但更加明确和规范。第六，权利和义务的特点不同。道德的内容主要是以义务为主的。道德体系主要是义务体系，其中虽有权利的内容，但其在同一主体身上不具有对称性。在法律的内容中，权利和义务是对等的。道德的权利和义务具有应然性，是一种应有的权利和义务。法律的权利和义务是法定的，是以法律规范为根据和基础的，是法律化、制度化、规范化的权利和义务，在社会中主要体现为一种实在形态，具有确定性、可预测性的特征。
4,论述法的秩序价值是什么？（p91、92）,"论述法（通过摆事实、讲道理来阐明观点、说服读者的一种表达方法）的**秩序价值**，主要体现在它能把“观点—理由—证据—结论”的关系组织得清晰、有条理，使论证过程可理解、可检验、可接受。概括起来有以下几点：

1. **使思维与表达条理化**  
   通过确定中心论点、分解分论点、安排论证层次，让论述按一定逻辑推进，避免杂乱无章。

2. **保证论证的逻辑连贯与结构稳定**  
   论述法强调因果、递进、并列、对比等逻辑关系，使各部分之间衔接自然，形成完整的论证链条。

3. **提升说服力与可接受性**  
   有秩序的论证更容易让读者把握“为什么这样说”，从而增强论点的可信度与说服效果。

4. **便于读者理解、记忆与检验**  
   结构清楚、层次分明，读者能快速抓住要点，也更容易判断论据是否充分、推理是否成立。

如果你能发一下你所用教材的书名/版本，或把 p91-92 的相关段落拍照发来，我可以按原文表述帮你更贴近教材答案（包括关键词和表述方式）。",（一）秩序作为法的价值的意义第一，社会的秩序需求和秩序维持是法律产生的初始动机与直接目的。一方面，法律有助于解决社会纠纷和矛盾，减少冲突和混乱，维护社会秩序。另一方面，法律作为阶级分化、阶级斗争的产物，它必然成为维护阶级统治秩序的重要方式之一。第二，秩序是消解、缓和社会矛盾和冲突的一个基本参照标准。一般说来，社会矛盾和冲突的发生总是表现为秩序被破坏。这就要求社会管理者从中思考如何解决矛盾和冲突以维护现存秩序，或改善制度建立新的秩序。第三，秩序作为法律的价值，不只从消极的角度来协调和解决社会矛盾和纠纷，而且还从积极的角度，即作为社会的一种理想状态，鼓励社会合作，促进社会和谐。（二）法律有助于社会秩序的建立在现代社会，社会秩序的建立在很多情况下需要通过法律的方式实现，主要表现为以下三点。第一，法律制度的设计本身就是在描绘人们所向往的社会秩序的基本蓝图，它也当然地成为某个特定的社会所追求的目标，成为该社会建立其社会秩序的标准与参照。第二，法律通过赋予社会主体一定的权利和自由引导社会主体的各种行为，使这些行为主体在行为方式上和行为结果上能够彼此协调和顺应，从而使相应的社会秩序得以建立。第三，法律通过给社会主体施加一定的义务与责任的方式，使主体对自身的行为加以必要的克制与自我约束，从而建立相应的社会秩序。（三）法律有助于社会秩序的维护第一，维护阶级统治秩序。在任何社会，法律作为国家的重要统治手段，首先必然要维护以统治阶级整体的根本利益为核心而形成的阶级统治秩序，使阶级统治合法化、制度化，从而最大限度地实现统治阶级的根本利益。其次是出于把阶级矛盾和冲突有效地控制在社会秩序所许可的范围之内的政治需要，统治阶级也会适当地考虑被统治阶级的某些利益和需求，以减少其统治的社会阻力。 第二，维护权力运行秩序。社会秩序的存在离不开权力的存在与有效运行，但权力运用不当也很可能会给社会带来危害甚至灾难。因此，必须对权力的运行加以规范和约束，建立和维护有效的权力运行秩序，使权力运行始终处于可预期与可控制的范围之内。权力运行秩序主要是针对社会的管理者而建构的，如果管理者中的某些个人利用公共权力为自己牟取利益，破坏公共权力的运行规则，导致社会秩序的破坏，那么最终必然会危及整个社会秩序。第三，维护经济秩序。法律本身就是首先从人们的现实生活特别是经济生活的规范性需求中产生出来的。恩格斯说过：“在社会发展的某个很早的阶段，产生了这样一种需要：把每天重复着的产品生产、分配和交换用一个共同规则约束起来，借以使个人服从生产和交换的共同条件。这个规则首先表现为习惯，不久便成了法律。”这里的“生产和交换的共同条件”事实上就是经济秩序。这说明，法律既是一定经济秩序的内在需求，同时又是一定经济秩序的体现，法律对经济秩序的维护体现为使人们的经济活动摆脱偶然性与随意性，并使之逐渐地趋于稳定并获得相应的连续性和可预测性。第四，维护正常的社会生活秩序。在任何社会，最起码的社会生活秩序以及相应的社会基本安全的保障与维护，都始终是国家的首要职责。而国家履行这一职责的典型方式就是通过法律来进行的。一方面，法律通过在各种社会利益及其需求的基础上确定主体相应的权利和义务，最大限度地避免社会矛盾和社会纠纷的产生；另一方面，法律也明确地规定相应的、文明的纠纷解决程序与机制。
3,大陆法系与英美法系的区别？（P76、77）,"大陆法系（成文法系）与英美法系（判例法系）的主要区别可从以下几方面把握（常见教材在P76-77通常就是这些点）：

1) **法律渊源（最核心）**
- **大陆法系**：以**成文法**为主要渊源，强调法典、法律、法规的体系化（如民法典、刑法典）。
- **英美法系**：以**判例（先例）**为主要渊源，遵循“遵循先例”（stare decisis），成文法也重要但传统上不如判例居核心。

2) **法典化与体系化程度**
- **大陆法系**：高度**法典化**、结构严密，重视概念体系与逻辑推演。
- **英美法系**：传统上不以全面法典化为主，规则多由个案逐步累积，体系性相对弱（现代也越来越多成文法）。

3) **法官角色与裁判方法**
- **大陆法系**：法官主要任务是**适用法律**，强调“依法裁判”；解释法律但一般不被认为“创制法”。
- **英美法系**：法官在解释与适用判例中具有更强的**规则形成/发展**功能，通过判决理由（ratio decidendi）推动法律演进。

4) **诉讼模式与程序结构**
- **大陆法系**：传统上偏**职权主义/审问式**（inquisitorial），法官在查明事实、调查证据中更主动（尤其刑事）。
- **英美法系**：偏**当事人主义/对抗式**（adversarial），由控辩/原被告主导举证与辩论，法官更像“裁判者”。

5) **证据规则与庭审方式（典型差异）**
- **英美法系**：证据规则更细密（如传闻证据规则等），庭审对抗性强。
- **大陆法系**：证据规则相对原则化，法官对证据调查与心证形成更居中。

6) **陪审制度**
- **英美法系**：陪审制度更典型、更常见（尤其美国刑事案件）。
- **大陆法系**：传统上较弱或形式不同（如参审制、人民陪审员等各国差异大）。

7) **法律职业与法学教育传统**
- **大陆法系**：重视法典解释、法学理论体系；法官职业化色彩强。
- **英美法系**：重视判例研读与法庭技艺（case method），律师在诉讼中地位更突出。

如果你能发一下你所用教材的P76-77截图/目录（或书名版本），我可以按该书的表述把要点整理成“可直接背诵”的答案。",大陆法系(Continental Law System)又称罗马法系、民法法系、法典法系或罗马—日耳曼法系，是承袭古罗马法的传统，以《法国民法典》和《德国民法典》为代表的各国法律制度的总称。英美法系又称海洋法系、英国法系、普通法系或判例法系，是承袭英国中世纪的法律传统而发展起来的各国法律制度的总称。大陆法系与英美法系的主要区别包括以下几个方面。第一，法律渊源的不同。大陆法系是成文法系，其法律以成文法即制定法的方式存在，它的法律渊源包括立法机关制定的各种规范性法律文件、行政机关颁布的各种法规以及本国参加的国际条约，但不包括司法判例。英美法系的法律渊源既包括各种制定法，也包括判例，而且，判例所构成的判例法在整个法律体系中占有非常重要的地位。第二，法律结构的不同。大陆法系承袭古罗马法的传统，习惯于用法典的形式对某一法律部门所包含的规范作统一的系统规定，法典构成了法律体系结构的主干。英美法系很少制定法典，习惯用单行法的形式对某一类问题作专门的规定，因而，其法律体系在结构上是以单行法和判例法为主干而发展起来的。第三，法官权限的不同。大陆法系强调法官只能援用成文法中的规定来审判案件，法官对成文法的解释也需受成文法本身的严格限制，故法官只能适用法律而不能创造法律。英美法系的法官既可以援用成文法也可以援用已有的判例来审判案件，而且，也可以在一定的条件下运用法律解释和法律推理的技术创造新的判例，从而，法官不仅适用法律，也在一定的范围内创造法律。第四，诉讼程序的不同。大陆法系的诉讼程序以法官为重心，突出法官的职能，具有纠问程序的特点；为体现司法民主，在某些司法程序上实行参与制，即由人民中的代表作为陪审员与法官共同组成法庭来审判案件，陪审员具有与法官同等的权力。英美法系的诉讼程序以原告、被告及其辩护人和代理人为重心，法官只是双方争论的“仲裁人”而不能参与争论，与这种对抗式（也称“诉辩式”）程序同时存在的是陪审团制度，陪审团代表人民参加案件审理，但主要负责作出事实上的结论和法律上的基本结论（如有罪或无罪），法官负责作出法律上的具体结论，即判决。
15,法律执行的基本原则（P332-335）,"我没法直接看到你说的教材 **P332–335** 的具体内容，但可以把“法律执行/法律实施（尤其是行政执法）”在我国法学教材中最常见、最核心的**基本原则**给你系统列出来，便于对照你手头书本核对页码与表述。

## 法律执行（行政执法）的基本原则（常见归纳）

1. **合法性原则（依法执行）**  
   执法主体、权限、程序、依据、方式和结果都必须有法律依据；不得超越法定职权、不得违反法定程序。

2. **合理性原则（适当性原则）**  
   在法律授权的裁量范围内，执法应当合乎情理与比例：目的正当、手段适当、程度相当，避免明显不当或畸轻畸重。

3. **公正原则（公平、公平对待）**  
   同案同罚、类案同处理；不偏私、不歧视，排除不当影响，确保实体公正与程序公正。

4. **公开原则（透明执法）**  
   执法依据、程序、结果等应依法公开；保障公众知情权与监督权（涉及国家秘密、商业秘密、个人隐私等依法不公开的除外）。

5. **效率原则（便民高效）**  
   在保证合法、公正的前提下，提高执法效率，减少不必要环节与成本，便利当事人，及时作出处理。

6. **保障权利原则（尊重和保障人权/当事人权利）**  
   保障陈述申辩、听证、救济（复议、诉讼）、获得法律帮助等权利；不得以执法侵害公民、法人和其他组织合法权益。

7. **监督制约原则**  
   执法活动应接受权力机关监督、监察监督、司法监督、社会监督与内部层级监督；违法或不当执法应可追责、可纠错。

8. **责任原则（执法责任制）**  
   谁执法谁负责、谁决定谁负责；违法执法、滥用职权、玩忽职守应承担相应法律责任。

---

如果你愿意，把教材的**书名/版本**或把 **P332–335** 的目录标题/照片发我，我可以按你那本书的表述逐条对应整理成“教材版答案”（包括原书用语、条目顺序、关键词）。",法律执行的基本原则，是指行政执法主体在执法活动中所应遵循的基本准则，主要包括依法行政原则、合理性原则、信赖保护原则、效率原则等。（一）依法行政原则 依法行政原则，是指行政机关必须根据法律法规的规定取得、行使行政权力，并对行政行为的后果承担相应的责任。在法治国家，依法行政之“法”不仅包括法律规范，还应包括法律的一般原则、法律精神和法律目的。依法行政包括以下基本内容：行政主体合法。行政主体必须依法设立并具备相应的资格和条件。该项内容包括行政机关和其他依法行使行政权的组织都必须符合法律规定的主体地位、资格和组织条件。如果进行行政活动的主体不是依法成立的或不具备行政主体资格，其行为不具有法律效力。行政权的行使合法。行政权的行使必须符合法律法规的规定。行政活动必须有法律法规的依据，否则不得作出影响公民权利与义务的行为；行政主体必须在法定权限范围内活动，越权无效。行使行政权必须承担相应的责任，权责统一。具体包括：行政主体的职权与职责相统一；行为主体与责任主体相一致；责任与违法相对应，违法必须受追究。依法行政的本质是依法规范、约束行政权力。具体来说，依法行政是依法治权，依法治官，这是因为：行政权在本质上是一种超越于个人之上的公共力量，具有巨大的规模效益。但行政权是柄双刃剑，既可以成为维护公共利益最有效的工具，也可能成为侵害公民个人权利最厉害的工具。为了保证行政机关既有权又有责，既不越权又不失职，一方面，宪法和法律授予行政机关充分而又必要的行政权力，以确保其能够有效履行职责；另一方面，宪法和法律又明确规定行政机关的责任和对行政权力的制约与监督，以防止行政权力被滥用。 （二）合理性原则 法律执行的合理性原则，是指法律执法中正确行使自由裁量权，所采取的措施、作出的决定合乎理性，符合案件事实、情节、执法对象本身的情况，符合公平的原则。法律设定自由裁量权，旨在使执法机关能够对具体情况作具体分析，既遵守一般要求又体现个别化，按照合理而公正的原则作出正确的选择和判断，从而更加准确地贯彻法律的意图，体现公正的要求。但自由裁量权不等于任意裁量权，同样也要受到制约和监督。要使执法行为符合合理性的原则，一是权力行使应符合法律赋予该项权力的目的。执法人员必须按照法律设定此项权力的目的行使，从公共利益出发，全面考量法律规定所考虑的因素，充分尊重公民的权利。如果执法权被用于非法目的，就是滥用职权。二是案件与处理结果轻重幅度相当。根据合理性原则，在作出行政处罚等行政行为的过程中，要充分考虑必要、适度、比例、相称的要求。三是类似情况类似处理。如果两个同样情形的案件不能得到同样处理，就会导致当事人失去对行政机关和法律制度的信任。（三）信赖保护原则 信赖保护原则的具体要求是：由于行政行为具有确定力，行为一经作出，如无法定事由和未经法定程序，就不得随意撤销、废止或改变；对行政管理相对人的授权行政行为作出后，事后即便发现有轻微违法，或产生不利后果，只要该行为不是因相对人过错造成的，也不得撤销、废止或改变；行政行为作出后，如事后发现有较严重的违法情形或可能给国家、社会公共利益造成重大损失，必须撤销或改变此种行为时，行政机关对因撤销或改变此种行为而给无过错的行政管理相对人造成的损失，应给予补偿。（四）效率原则法律执行的效率原则，是指在依法行政的前提下，行政机关在对社会提供管理和服务的过程中，应尽可能简捷快速，以尽可能低的成本取得尽可能大的效益，从而获取最大的执法效益。具体有三方面要求：一是提高时间效率，减少工作拖延；二是节约执法成本，以最低的成本投入、资源消耗取得最佳的法律和社会效果；三是提高制度的科学性，减少不合理制度的负面作用。与国家立法机关、司法机关相比，行政机关更强调效率。执法主体要从保护公民权利和维护国家利益出发，对各种行政事务以及行政管理对人的各项请求及时作出反应。执法主体必须严格按照法定程序和法定时限执法，积极履行法定职责，提高办事效率，既不能借口效率而违反法律规定，也不能以损害行政管理相对人的利益为代价满足效率的需要。效率原则应当建立在合法的基础上，在保证执法质量、公平公正的前提下适用。各执法主体要相互配合、相互协调，保证执法活动有序、正常地进行。
35,行政法的基本原则,"行政法的基本原则（以我国通说为主）通常概括为以下几类：

1. **依法行政原则（合法行政）**  
   行政机关行使职权必须有法律依据、在法定权限和程序内进行；不得超越职权、滥用职权。

2. **合理行政原则（比例原则）**  
   行政行为应当合乎理性与适当性，手段与目的相匹配，避免明显不当；常用“三阶”表述：适当性、必要性、均衡性（狭义比例）。

3. **程序正当原则（正当程序）**  
   行政决定应遵循法定程序，保障当事人陈述、申辩、听证等权利；程序公开透明，避免偏私。

4. **公平公正原则（平等对待）**  
   同类事项同等处理，禁止歧视与不当差别对待；裁量应一致、可解释。

5. **公开原则（行政公开/信息公开）**  
   行政活动应当依法公开，便于公众知情、参与与监督；涉及国家秘密、个人隐私等依法例外。

6. **信赖保护原则**  
   行政机关对相对人基于行政行为形成的合理信赖应予保护；变更或撤销既有决定需符合法定条件，并依法补偿/补救（符合情形时）。

7. **效率原则（便民高效）**  
   行政管理应及时、便民、降低成本，避免不必要的拖延与重复。

8. **监督与救济原则（权利救济）**  
   行政权应受监督（人大监督、监察、审计、司法监督、社会监督等）；相对人享有行政复议、行政诉讼、国家赔偿等救济途径。

如果你是备考/写论文/做法考，我可以按你需要的体系（如“合法性+合理性+程序性”三分法，或结合《行政处罚法》《行政许可法》《政府信息公开条例》）整理成更适合答题的版本。",1.依法行政原则：一、职权法定二、法律优先三、法律保留2.行政合理性原则：一、比例原则二、平等对待、3.程序正当原则：一、行政公开二、程序公正公众参与4.诚信原则：一、诚实守信二、信赖保护六节效使民原则5.高效便民原则：一、高效原则二、便民原则6.监督与救济原则：一、监督原则二、救济原则
33,行政诉讼和民事诉讼的区别,"行政诉讼与民事诉讼的核心区别在于：**一个是“民告官”（审查行政行为是否合法），一个是“民告民/平等主体之间纠纷”（解决民事权利义务争议）**。主要区别如下：

## 1. 纠纷性质与目的
- **行政诉讼**：针对行政机关（或法律法规授权组织）的**具体行政行为**提起，目的在于审查其**合法性**（有时也涉及合理性，如行政处罚明显不当等法定情形）。
- **民事诉讼**：平等主体之间（自然人、法人、非法人组织）的**民事权益争议**，目的在于确认权利义务、赔偿损失、履行合同等。

## 2. 当事人结构
- **行政诉讼**：原告通常是公民/法人/组织；被告通常是**行政机关**（或被授权组织）。
- **民事诉讼**：原告与被告地位**平等**，一般都是民事主体。

## 3. 受案范围（能不能起诉、告什么）
- **行政诉讼**：一般告的是行政决定/处罚/许可/强制/征收征用/信息公开答复等**行政行为**；对抽象行政行为（如普遍适用的规章、规范性文件）通常**不能直接起诉**，但可在诉讼中一并审查其合法性（依法律规定）。
- **民事诉讼**：合同、侵权、婚姻家庭、继承、物权、人格权、劳动争议（多经仲裁前置）等。

## 4. 举证责任与证据规则
- **行政诉讼**：通常由**被告行政机关**对其行政行为的合法性承担主要举证责任（证明事实依据、法律依据、程序合法）。
- **民事诉讼**：一般遵循“**谁主张谁举证**”，双方对各自主张承担举证责任。

## 5. 审查重点
- **行政诉讼**：重点审查行政行为是否**有法定职权、事实是否清楚、证据是否充分、适用法律是否正确、程序是否正当**，以及是否滥用职权、明显不当等。
- **民事诉讼**：重点审查民事法律关系是否成立、合同是否有效、是否构成侵权、损失与因果关系等。

## 6. 判决/裁判结果类型
- **行政诉讼**：可能出现撤销、确认违法、责令履行、变更（法定范围内）、驳回诉讼请求等；也可能涉及行政赔偿/补偿的处理。
- **民事诉讼**：确认权利、判令给付（付款/交付/返还）、停止侵害、赔偿损失、继续履行、解除合同等。

## 7. 程序与期限（常见差异）
- **行政诉讼**：通常有更严格的起诉期限（常见为知道或应当知道行政行为之日起**6个月**等，具体依法律规定与案件类型而定），且常与行政复议存在衔接（有的事项复议前置）。
- **民事诉讼**：起诉期限主要受**诉讼时效**影响（一般3年等），规则体系不同。

---

如果你愿意，可以告诉我你遇到的具体情形（例如：被罚款、被强拆、信息公开不答复、合同纠纷、交通事故等），我可以帮你判断应走行政诉讼还是民事诉讼，以及可能的起诉对象和请求。",1.诉讼的目的和任务不同民事诉讼的处理对象是民事争议民事诉讼的目的和任务是通过审理民事案件，解决民事争议，确认民事权利义务关系，制裁民事违法行为，保护以财产关系为核心的民事权利，维护民事主体的合法权益，维护国家正常的民事法律秩序而行政诉讼的处理对象为行政争议行政争议产生于国家行政管理的过程之中，行政诉讼的目的和任务是通过司法机关对行政主体行政行为的合法性进行审查，从而方面保护公民、法人或者其他组织等行政相对人的合法权益;另一方面，监督行政机关依法行政，保证国家的行政权合法运行，维护国家正常的行政法律秩序。2. 诉讼当事人不同在民事诉讼中，原、被告的资格是不固定的，这是由于在民事法律关系中主体双方的法律地位是平等的。行政诉讼中原、被告资格则是固定的，这是由在行政实体法律关系中当事人双方不平等法律地位所决定的。行政诉讼的原告恒定为行政相对人，而被告恒定为行政主体，是“民告官”的诉讼。3. 诉讼权利不同。第一，起诉权、反诉权和撤诉权在民事诉讼中，由于原、被告的资格是不固定的，因此，在民事诉讼中双方当事人都享有起诉权、反诉权和撤诉权而在行政诉讼中，由于原、被告的资格是固定的，原、被告的地位不能发生变位，因此，起诉权和撤诉权只归属于行政相对人，即认为行政机关的行政行为侵犯其合法权益的公民、法人或其他组织作为被告的行政机关不享有起诉权、反诉权和撤诉权。第二，处分权。在民事诉讼中，民事诉讼的双方当事人对自己的民事权利享有处分权这是由于民事案件争执的内容是民事权利，是民事主体自己享有的权利，当事人完全可以依法进行处分而在行政诉讼中，作为被告的行政机关不享有处分权，包括对合法行政职权和诉讼权利的处分权作为被告的行政机关只是国家行政权力的行使者，不享有对行政权的支配权，并且行政行为一经作出便有确定力，非经法定程序，行政机关不得变更。4.举证责任不同。诉讼当事人双方都负有举证责任，这是行政诉讼和民事诉讼的共同之处，但在举证责任的分配上二者存在着差异在民事诉讼中，实行“谁主张，谁举证”，即当事人双方谁提出诉讼上的主张，谁就承担提出证据的责任。可以说，举证责任对于原、被告双方都是对等和平均的而在行政诉讼中，作为被告的行政机关负举证责任《行政诉讼法》第34条第1款规定“被告对作出的行政行为负有举证责任，应当提供作出该行政行为的证据和所依据的规范性文件”行政诉讼法作出这一规定是由于行政机关在国家行政管理中占有特殊地位，行政机关的举证能力比作为原告的行政相对人更为优越。5.二者所适用的原则不同。行政诉讼遵循以下特殊原则:(1)行政诉讼与行政复议相衔接，司法最终裁决的原则;(2)行政诉讼一般不适用调解的原则;(3)行政诉讼实行有限变更原则;(4)人民法院实行特定管辖的原则;(5)人民法院对行政行为实行合法性审查的原则、6.诉讼范围不同。民事诉讼的范围广泛而又复杂，除了适用普通程序和简易程序的各种权益争议案件外，还有适用特别程序的非权益争议的案件而我国目前行政诉讼的范围相对来说较为狭小，<行政诉讼法》第12条对人民法院的受案范围作了列举式的规定结案方式不同在民事诉讼中，人民法院审理和解决民事案件的结案方式通常有种:调解结案、判决结案和裁定结案而在行政诉讼中，人民法院审理行政案件，一般不用调解的方式结案，主要用裁定或判决的方式结案。
34,属于行政诉讼受案范围的行政行为,"在我国《行政诉讼法》框架下，**属于行政诉讼受案范围的行政行为**，核心是：**行政机关及法律法规授权的组织**作出的、对公民/法人/其他组织**权利义务产生实际影响**的**行政行为**（含作为与不作为），以及法律规定可诉的其他行政行为。常见类型可概括为：

## 一、典型可诉的具体行政行为（最常见）
1. **行政处罚**  
   如罚款、没收、责令停产停业、暂扣/吊销许可证或执照、行政拘留等。
2. **行政强制**  
   如查封、扣押、冻结、强制拆除、强制执行等（含强制措施与强制执行）。
3. **行政许可**  
   如许可的准予/不予、变更、延续、撤销、吊销等。
4. **行政征收征用及补偿**  
   如征收征用决定、补偿决定、补偿标准争议等。
5. **行政确认**  
   如对权属、资格、身份等作出的确认决定（例如不动产登记相关确认等）。
6. **行政给付（行政救济、待遇发放）**  
   如抚恤、低保、补助、补偿金、奖励等给付决定或拒绝给付。
7. **行政裁决**  
   行政机关依法对民事争议作出的裁决（如部分权属争议裁决等）。
8. **行政检查、行政处理决定**  
   只要对权利义务产生实际影响（例如责令改正、责令限期拆除、责令停止违法等），通常可诉。
9. **政府信息公开**  
   对信息公开申请作出的答复、逾期不答复等。
10. **行政不作为**  
   对依法应当履行职责而不履行的情形（如不受理、不答复、不处理、不发证等）。

## 二、对“规范性文件”的附带审查（注意：不是直接起诉对象）
一般**不能直接起诉**行政法规、规章、普遍约束力的决定命令等抽象行政行为；但在起诉具体行政行为时，可以**一并请求对相关规范性文件进行附带审查**（法律规定的范围内）。

## 三、可诉主体范围
- **行政机关**作出的行为；
- **法律法规授权的组织**作出的行为（在授权范围内视为行政行为）；
- **受委托组织**实施的行为，一般以**委托机关**为被告。

---

如果你是为了做题或写作业，我可以按你教材/考试口径整理成“受案范围条目式答案”。你也可以把具体情形（例如“城管强拆”“不予发证”“信息公开不答复”等）发我，我帮你判断是否属于受案范围、应告谁、走复议还是诉讼更合适。",1.对行政处罚不服的2.对行政强制措施和行政强制执行不服的3.对行政许可不服的4.对行政机关确认自然资源所有权和使用权的决定不服的5.对征收、征用以及补偿决定不服的6.对不履行法定职责不服的7.认为侵犯经营自主权或者农村土地承包经营权、农村土地经营权的8.认为侵犯公平竞争权的9.认为连法要求履行义务的10.认为行政机关没有依法支付抚恤金、最低生活保障待遇或社会保险待遇的11.认为行政机关不依法履行、未按照约定履行或者违法履行变更、解除政府特许经营协议、土地房屋征收补偿协议等协议的12.认为行政机关侵犯人身权和财产权等其他合法权益的。
36,人民法院判决撤销或者部分撤销，并可以判决被告重新作出行政行为,"你这句话对应的是《行政诉讼法》里关于**撤销判决**的内容。规范表述一般是：

人民法院经审理认为行政行为**违法**的，可以作出**撤销判决**，即判决**撤销或者部分撤销**被诉行政行为；并且在需要时，可以判决被告**重新作出行政行为**。

如果你需要精确到法条原文位置：这是《中华人民共和国行政诉讼法》关于“判决”一章中“撤销判决”的规定（通常表述为“可以判决撤销或者部分撤销，并可以判决被告重新作出行政行为”）。",(1)主要证据不足的;(2)适用法律、法规错误的;(3)违反法定程序的;(4)超越职权的;(5)滥用职权的;(6)明显不当的
37,申请法院执行其行政行为,"如果你想“申请法院执行行政行为”，通常分两种情形，走的程序不一样：

## 1）你是行政机关：申请法院强制执行（非诉执行）
适用：行政机关作出的行政处罚、行政处理决定等已经生效，但当事人不履行，且该事项法律规定可以申请法院强制执行（例如罚款、责令拆除、恢复原状等中部分事项）。

**基本条件**
- 行政决定已经生效（送达完成、复议/诉讼期限届满或已终结）
- 当事人逾期不履行
- 该事项依法不能由行政机关自行强制执行，或法律规定应当申请法院执行
- 在法定期限内提出申请（实践中通常要求在决定履行期限届满后一定期限内提出，具体以法律/司法解释及当地法院口径为准）

**向哪家法院**
- 一般向**被执行人住所地**或**不动产所在地**基层人民法院申请（以具体案由和标的确定）

**常见材料**
- 非诉执行申请书
- 行政决定书及送达回证/送达证明
- 催告书、履行催告及相关证据（如有）
- 证明决定已生效的材料（复议/诉讼情况说明等）
- 被执行人身份信息、财产线索（如有）
- 相关法律依据、执法程序材料（立案、调查、告知、听证等）

> 法院会进行合法性审查，符合条件才裁定准予执行。

---

## 2）你是相对人（公民/公司）：要求行政机关履行法定职责/兑现承诺
如果你说的“让法院执行行政行为”是指：行政机关该办事不办、该履行不履行（例如不发证、不答复、不履行信息公开、不执行生效判决/复议决定等），通常不是“申请法院执行行政行为”，而是走：
- **行政诉讼**：起诉“行政不作为/不履行法定职责”
- 或者在你已胜诉后：对行政机关**不履行生效判决**，向法院申请**强制执行/采取督促履行措施**（如司法建议、罚款、拘留、追责等）

---

## 我需要你补充3点，才能给你准确路径和文书要点
1. 你是**行政机关**还是**个人/公司**？  
2. 要执行的是哪类行政行为：**罚款/拆除/征收补偿/发证/信息公开/其他**？  
3. 目前状态：对方**不履行**？还是行政机关**不作为**？是否已过复议/诉讼、是否已有生效判决？

把这三点发我，我可以按你的情况给出：应走程序、管辖法院、期限风险、材料清单和申请书模板要点。",1.行政行为依法可以由人民法院执行。《行政诉讼法》第97条规定，公民、法人或者其他组织对行政行为在法定期间不提起诉讼又不履行的，行政机关可以申请人民法院强制执行，或者依法强制执行。这表明对行政行为的强制执行的主体包括人民法院和行政机关，由于行政机关对行政行为的执行属于行政强制执行不属于行政诉讼的执行，因此，这里所说的执行主体仅限于人民法院。2. 行政行为已经生效并具有可执行内容。《行政诉讼法》规定，行政行为已经生效是指公民、法人或者组织在法定起诉期限内既不起诉，也不履行。3. 申请人是作出该行政行为的行政机关或者法律、法规、规章授权的组织根据2018《行诉法解释》第155 条的规定，行政机关申请人民法院执行，应当提交《行政强制法》第55条规定的相关材料根《行政强制法》55条的规定，行政机关向人民法院申请强制执行，应当提供下列材料(1) 强制执行申请书;(2)行政决定书及作出决定的事实、理由和依据;(3)相对人的意见及行政机关催告情况;(4)申请强制执行标的情况;(5)法律、行政法规规定的其他材料。强制执行申请书应当由行政机关负责人签名，加盖行政机关的印章，并注明日期。4.被申请人是该行政行为所确定的义务人。5.被申请人在行政行为确定的期限内或者行政机关另行指定的期限内未履行义务6.申请人在法定期限内提出申请。根据2018年《行诉法解释》第153条的规定，申请人民法院强制执行的期限为2年。被申请执行的行政案件属于受理申请执行的人民法院管辖。
32,什么是行政处罚?它有哪些种类?,"行政处罚是指行政机关（或法律、法规授权的组织）对违反行政管理秩序但尚不构成犯罪的公民、法人或其他组织，依法给予的惩戒性处理措施，以达到纠正违法、维护公共秩序的目的。

**行政处罚的种类**（以《行政处罚法》规定为主）主要包括：
1. **警告、通报批评**  
2. **罚款、没收违法所得、没收非法财物**  
3. **暂扣许可证件、降低资质等级、吊销许可证件**  
4. **限制开展生产经营活动、责令停产停业、责令关闭、限制从业**  
5. **行政拘留**  
6. **法律、行政法规规定的其他行政处罚**

如你愿意，我也可以结合常见场景（交通、市场监管、治安等）举例说明每一类处罚通常怎么适用。",行政处罚是指特定的行政主体依法对违反行政管理秩序而尚未构成犯罪的行政相对人所给予的行政制裁行政处罚具有下列特征:第一， 制裁性。行政处罚以行政相对人违反行政管理秩序行为的存在为前提，是行政主体对犯有违反行政法律规范行为相对人的种惩罚，因而具有行政制裁性。第二， 处分性。行政处罚与行政命令行政确认等不同，它是对相对人权利与义务的种处分如罚款决定，其法律效果是导致相对人一定数量的财产被剥夺；行政拘留决定，意味着相对人的人身自由权在定的期限内被剥夺。第三， 不利性。行政处罚不是中性行为，而是不利行为，即对行政相对人造种不利的后果。第四， 法定性。行政处罚作为种特定的行政行为，其结果是导致相对人权利被剥夺，因而必须依法设定根据行政处罚法》的规定，行政处罚的机关种类、范围、程序等都必须是法定的。根据《行政处罚法》第8条规定，行政处罚可分为七类:1.警告，是指行政主体向违法相对人发出警诫，申明其有违法行为，通过对其名誉、荣誉信誉等施加影响，引居其精神上的警惕，使其不再违法的处罚形它在行政处罚中属于最轻微的一种处罚形式。2.罚款，是指行政主体强制违法相对人交纳一定钱币的处罚它是实践中比较常用的一种处罚形式。3.没收违法所得、没收非法财物，是指行政主体把违法相对人的违法所得和非法财物的财产所有权予以最终剥夺的处罚形式。4.责令停产停业，是指行政主体强制违法相对人在定期限内停止经营的处罚形式、5.暂扣或者吊销许可证、暂扣或者吊销执照简单的提法是“吊扣证照”，是指行政主体对违法相对人取消许可证或执照，或者在一定期限内扣留许可证或执照的处罚形式许可证和执照只是行政许可的书证之，这里应当理解为“吊销行政许可”、6.行政拘留，是指行政主体在定期限内剥夺违法相对人人身自由的行政处它是最为严厉的一种行政处罚、7.法律、行政法规规定的其他行政处罚。《行政处罚法规定的行政处罚的形式只限于上述六类，这六类以外的行政处罚形式，须由法律和行政法规设定，地方性法规和行政规章等一概不得设定行政处罚的其他种类和形式。
31,行政是什么？行政的特点,"**行政是什么？**  
行政一般指国家行政机关（如政府及其部门）依法对公共事务和社会事务进行组织、管理、服务与监督的活动过程，也可泛指组织内部为实现目标而进行的管理活动（如企业行政管理）。在法学与公共管理语境中，“行政”多指**国家行政**。

---

## 行政的特点（以国家行政为主）

1. **公共性与服务性**  
   面向社会公共利益，提供公共服务（如教育、卫生、交通、社会保障等）。

2. **依法性（法定性）**  
   行政权力来源于法律，行政行为必须有法律依据并受法律约束（依法行政）。

3. **权威性与强制性**  
   具有国家权威，必要时可依法采取强制措施（如行政处罚、行政强制执行等）。

4. **执行性（从属性）**  
   主要任务是执行宪法、法律和上级机关的决定，相对立法、司法更偏“落实与实施”。

5. **组织性与层级性**  
   行政机关体系严密，通常呈上下级层级结构，强调统一领导与分工协作。

6. **广泛性与日常性**  
   涉及领域广、事务多，且与社会运行和公众生活高度相关，具有持续性、经常性。

7. **主动性与灵活性（裁量性）**  
   面对复杂现实需要及时决策与管理，法律允许一定行政裁量，但必须受程序与监督约束。

8. **效率性与时效性**  
   强调快速响应与资源配置效率（如应急管理、审批服务等）。

9. **受监督性与责任性**  
   受人大监督、司法审查、监察监督、社会舆论与公众监督；违法或不当行政需承担法律责任。

---

如果你是要写作业/论文，我也可以按“公共管理学”或“行政法学”的口径，给你更规范的定义与分点表述。你更偏哪一种？",行政是国家通过一定的组织为实现国家或社会职能而进行的公共管理活动及其过程其特征主要表现为：1.行政具有执行性。行政的基本特点是执行是对国家法律法规的执行宪法85条规定“中华人民共和国国务院，即中央人民政府，是最高国家权力机关的执行机关，是最高国家行政机关”虽然现代国家的行政主体也被赋予制定规范的功能，但这些规范在本质上仍然是为了执行法律，是种执行性的规范我国《立法法》第65条规定国务院根据宪法和法律，制定行政法规行政法规可以就下列事项作出规定(一)为执行法律的规定需要制定行政法规的事项;（二)宪法第八十九条规定的国务院行政管理职权的事项2.行政的目的具有公益性。行政应以追求公共利益或公共福祉为目的行政的这种公益性除表现为行政的事务乃公共事务而非私事外，更主要的是其目的在于实现国家或社会的职能，这些职能至少包括建设、保卫、服务等职能行政的最终目的应该是“为人民服务”3.行政的活动具有整体性与能动性。司法具有个别性和消极被动的特征，而行政则现出整体性、连续性、积极能动的特征行政作为种活动，在现实中表现为若干个单独的行动，但这种具体行动与国家职能和政策的整体关联，必须始终贯，在整体上保持统性和连续性因此，行政是由若干具体行动构成的整体同时，行政具有能动性，它可应时势的需要主动作为，以保护公共利益的实现在这方面，它明显不同于司法的被动性4.行政具有过程性。行政不仅是一种实体活动的过程，而且种程序的过程，它具有实体与程序的统对行政的活动，不能只理解为种实体活动，还必须将它视为个过程、一套程序的实践行政是对国家务和社会事务的管理，这种管理包含为实现目标而进行的系列行动，具有一定的步骤、阶段、顺序方式、时限内涵5.行政具有法定性(合法性)与裁性(合目的性)。依法行政是法治国家的基本由于行政任务的广泛和复杂、社会的变迁和发展以及人们价值观念的变化，立法者不可能对所有行政事务都加以规定或者作出详细规定，往往授权行政机关(或其他行政公共组织)在法律允许的范围内行使裁量权，赋予行政机定的灵活性基于为民服务的需要和行政目的的实现，行政机关可以采取各种不同的行为方式即使在法律没有明文规定的情况下，行政机关在某些领域或范围内也可以采取定措施，如行政给付、行政契约和行政指导等行政机关是权力机关的执行机关，肩负着权力机关所接予的职责，是能动地实施法律和政策的组织体和活动体行政机关的这一地位与角色，决定了其在行政活动中必须有定的裁量权当然，这种裁量的自由并不是不受限制的，它必须在法定的范围(包括法律的原则和精神)内合理、正当地进行6.行政具有效率性。相对于国家的立法和司法活动，行政具有更强的效率要国家的经济社会发展必须争取高效同时，对于公民的申请和需求，也必须有效率，否则将引起公民的不满强调效率是行政的显著特点7.行政具有受监督性。行政活动必须受到严格的监督，这种监督是多维度和多层级的首先，行政要受立法机关的监督，受其所制定的法律的约束;其次，行政在本系统内要受到行政主体自身的监督，包括上级对下级的监督、专门监督机关的监督，如监察机关审计机关的监督，公务人员受本机关或行政首长的监再次，行政要受司法监督，其中主要是法院通过行政诉讼途径对行政进行监督并保护公民的权益;最后，行政还要受到社会公众的监督和新闻舆论的监督。
