id,题目,回答,答案
29,唐律已的罪名体系,"唐律是中国古代法律体系的典范之一，其罪名体系具有高度的系统性和规范性。唐律的罪名体系主要以《唐律疏议》为代表，分为十二篇，具体如下：

### 1. **名例律**
   - 这是唐律的总则部分，规定了法律的基本原则、刑罚种类、量刑标准以及适用规则等。
   - 包括罪名的定义、刑罚的适用范围、减免刑罚的条件等内容。
   - 例如，五刑（笞、杖、徒、流、死）的适用规则、十恶重罪的规定等。

### 2. **卫禁律**
   - 主要涉及国家安全、皇室尊严和宫廷秩序的维护。
   - 罪名包括谋反、谋大逆、谋叛、恶逆、不道、大不敬等。
   - 这些罪名多与“十恶”相关，属于最严重的犯罪。

### 3. **职制律**
   - 规定官员的职责和行为规范，主要针对官员的失职、渎职、贪污等行为。
   - 罪名包括擅离职守、滥用职权、贪污受贿等。

### 4. **户婚律**
   - 涉及户籍、婚姻、家庭关系等方面的法律规定。
   - 罪名包括重婚、违背婚姻礼法、虐待亲属、遗弃家庭成员等。

### 5. **厩库律**
   - 主要涉及国家财产、仓库、军械、牲畜等的管理。
   - 罪名包括盗窃国家财产、损坏公物、擅自使用公物等。

### 6. **擅兴律**
   - 主要针对擅自兴兵、动用武力等行为。
   - 罪名包括私自征兵、擅自调动军队、非法持有武器等。

### 7. **贼盗律**
   - 主要涉及盗窃、抢劫、杀人等侵害他人生命财产的犯罪。
   - 罪名包括盗窃、抢劫、杀人、绑架等。

### 8. **斗讼律**
   - 主要涉及打架斗殴、诉讼欺诈等行为。
   - 罪名包括斗殴致伤、诬告陷害、伪造证据等。

### 9. **诈伪律**
   - 主要针对欺诈、伪造等行为。
   - 罪名包括伪造文书、冒充身份、诈骗财物等。

### 10. **杂律**
   - 涉及其他未归类的犯罪行为。
   - 罪名包括违反礼仪、妨害公共秩序、破坏环境等。

### 11. **捕亡律**
   - 主要涉及追捕逃犯、处理逃亡者等。
   - 罪名包括窝藏逃犯、协助逃亡、拒捕等。

### 12. **断狱律**
   - 主要规定司法审判和刑罚执行的程序。
   - 罪名包括枉法裁判、滥用刑罚、徇私枉法等。

### **特点**
1. **系统性强**：唐律的罪名体系覆盖了社会生活的各个方面，分类清晰，条理分明。
2. **伦理与法律结合**：唐律以儒家伦理为基础，强调“三纲五常”，如“十恶”罪名体现了对伦理纲常的维护。
3. **刑罚明确**：每个罪名都有明确的刑罚规定，体现了法律的严谨性和可操作性。
4. **宽严相济**：唐律注重刑罚的适度性，设有减刑、免刑的条款，如“八议”、“官当”等制度。

唐律的罪名体系不仅是中国古代法律的巅峰之作，也对后世法律产生了深远影响。",(一）侵害皇权罪(二）侵犯人身罪（三）侵犯财产罪(四）官吏职务犯罪(五）破坏家庭秩序罪(六）破坏社会秩序罪
28,唐朝立法原则（P112、113）,"唐朝的立法原则是中国古代法律思想的重要体现，主要体现在《唐律》中。《唐律》是中国古代封建法制的巅峰之作，其立法原则具有鲜明的特点，主要包括以下几个方面：

### 1. **礼法结合**
   - 唐朝法律以儒家思想为核心，将“礼”与“法”相结合，体现了儒家伦理道德在法律中的重要地位。
   - 《唐律》强调以礼为基础，法律的制定和实施都以维护封建礼教为目标。例如，法律中规定了尊卑、长幼、亲疏等伦理关系，体现了“亲亲相隐”“尊尊”等儒家思想。
   - 礼法结合的原则使得法律不仅具有规范性，还具有道德教化的功能。

### 2. **德主刑辅**
   - 唐朝法律注重德治与法治相结合，强调以德教化为主，刑罚为辅。
   - 在法律实施中，提倡宽严相济，注重教育和感化，避免滥用刑罚。
   - 例如，《唐律》规定了“十恶”重罪，但同时也设立了减刑、赦免等制度，体现了宽容与人道。

### 3. **因地制宜**
   - 唐朝法律在全国范围内统一施行，但也注重因地制宜，根据不同地区的实际情况进行调整。
   - 例如，在边疆地区，法律会适当放宽，以适应少数民族的风俗习惯。

### 4. **重视人伦**
   - 唐律特别强调家庭伦理和宗法制度，维护封建社会的基本秩序。
   - 法律中对父子、夫妻、兄弟等家庭关系有详细规定，体现了对人伦关系的高度重视。

### 5. **刑罚适中**
   - 唐律的刑罚体系相对较为宽和，注重刑罚的适中性，避免过于严苛。
   - 唐律规定了“五刑”体系（笞、杖、徒、流、死），并对刑罚的适用范围和执行方式作了详细规定。
   - 同时，唐律还设立了“八议”制度，对贵族、官员等特殊群体给予一定的法律优待。

### 6. **法律条文简明**
   - 唐律条文简洁明了，逻辑清晰，便于理解和执行。
   - 《唐律疏议》作为注释性法律文献，对法律条文进行了详细解释，进一步提高了法律的可操作性。

### 7. **注重公平**
   - 唐律强调法律面前人人平等，虽然在实际执行中存在等级差异，但在立法原则上追求公平。
   - 例如，唐律规定“同罪异罚”，即根据犯罪者的身份、地位、年龄等因素，适用不同的刑罚。

### 总结
唐朝的立法原则体现了儒家思想与法家思想的结合，注重礼法并用、德刑并举，追求法律的公平与人道。这些原则不仅奠定了唐朝法律制度的基础，也对后世的法律发展产生了深远影响。","“德礼为政教之本，刑罚为政教之用”是唐朝立法所遵循的重要原则。自西汉初年“罢黜百家，独尊儒术”政策的确定，儒家思想逐渐影响法律，道德信条与伦理精神逐渐渗入法律规范之中，开启了中国法律儒家化进程。经过魏晋南北朝的政治实践与法律实践，法律儒家化进程逐渐深化。隋末严刑酷罚激化社会矛盾、加快政权灭亡的教训，深刻地影响了唐初统治者的政治法律思想。唐朝立法者明确提岀，国家治理，德礼与刑罚，缺一不可；而德礼与刑罚之间，德礼为本，刑罚为用。(一）德礼、刑罚，不可或缺德礼的作用在于教化万民，而刑罚的作用则在于禁顽止奸。二者功能不同，作用互补，缺一不可。日有早晚，年有春秋，相辅相成，不可或缺。(二）德主刑辅虽然德礼与刑罚均为国家治理所必需，但二者的性质以及发挥作用的顺序有不同。德礼重在通过教育感化的方式，劝民以礼，导民向善，不仅能够使得万民安分和谐，而且有利于社稷政权的长期稳定。因此，弘德倡礼是国家治理的核心、本原，也是国家治理的优先手段。刑罚重在禁顽止奸，打击危害政权、侵害社会的犯罪行为。虽然刑罚为国家治理所必需，但由于刑罚以剥夺生命、残害肢体、限制自由等手段来实现其目标，违反人的本性，而且通过刑罚，只能实现目标于一时，不能保持政权的长期稳定。因此，治理国家的有效方式是以德为主，辅之以刑。(三）轻刑慎罚刑法只能作为国家治理的辅助工具，作为维护社会秩序不得已而用之的手段,即使在刑法本身，也要充分体现轻刑慎罚原则。一方面，在立法上，通过减少死罪、减轻刑罚，体现德主刑辅的基本方针。唐初修订法律，死刑罪的数量减少近 一半。另一方面，通过制度建设，严格死刑案件的审核程序。贞观年间，为慎重死刑判决，先后形成死刑案件“九卿共议”制、多次覆奏制。后世著名的死刑案件“九卿会审”制，于此发端。“德礼为政教之本，刑罚为政教之用”既是唐朝制定法律的重要原则，也是唐朝所实施的国家治理的重要方针，体现了西汉以来儒法合流、道德法律共同治理的基本模式。这一原则的有效实施，推进了“贞观之治”“开元之治”的形成，影响了唐以后历代王朝政治法律制度，并构成中华民族独具特色的治国理政方式的核心内涵。"
30,民国时期的宪法性文件,"民国时期（1912-1949年）是中国历史上一个重要的宪政探索时期，这一时期颁布了多部宪法性文件，反映了当时中国社会的政治变迁和宪政实践。以下是民国时期主要的宪法性文件：

---

### **1. 《中华民国临时约法》（1912年）**
- **背景**：辛亥革命推翻清朝后，中华民国成立。1912年3月，南京临时政府颁布了《中华民国临时约法》。
- **内容**：确立了中华民国为民主共和国，实行三权分立（立法、行政、司法），并规定了公民的基本权利和义务。
- **意义**：这是中国历史上第一部具有现代意义的宪法性文件，标志着中国从君主专制向民主共和的转变。

---

### **2. 《中华民国约法》（袁世凯约法，1914年）**
- **背景**：袁世凯在1913年解散国会后，于1914年5月颁布《中华民国约法》，以取代《中华民国临时约法》。
- **内容**：扩大总统权力，削弱国会权力，实行总统制。
- **意义**：被认为是袁世凯为恢复帝制铺路的工具，遭到广泛批评。

---

### **3. 《中华民国宪法草案》（天坛宪草，1913年）**
- **背景**：1913年，国会起草了一部宪法草案，因在北京天坛起草而被称为“天坛宪草”。
- **内容**：主张议会制，限制总统权力。
- **结果**：未正式实施，因袁世凯的专制行为而流产。

---

### **4. 《中华民国临时政府组织大纲》（1917年）**
- **背景**：1917年，孙中山在广州成立护法军政府，颁布了《中华民国临时政府组织大纲》。
- **内容**：恢复《中华民国临时约法》的精神，主张护法运动。
- **意义**：是护法运动的重要法律依据。

---

### **5. 《中华民国宪法》（1923年）**
- **背景**：北洋政府时期，曹锟通过贿选成为总统后，于1923年颁布了《中华民国宪法》。
- **内容**：规定实行总统制，强调三权分立。
- **意义**：因曹锟贿选丑闻而失去公信力，未能有效实施。

---

### **6. 《中华民国训政时期约法》（1931年）**
- **背景**：国民党在南京建立国民政府后，颁布了《中华民国训政时期约法》。
- **内容**：规定国民党在训政时期拥有绝对领导权，实行党治，限制民主权利。
- **意义**：为国民党一党专政提供了法律依据。

---

### **7. 《中华民国宪法》（1947年）**
- **背景**：抗日战争胜利后，国民政府于1946年召开制宪国民大会，通过了《中华民国宪法》，并于1947年正式实施。
- **内容**：确立了五权宪法（行政、立法、司法、考试、监察），规定了民主共和制度和公民基本权利。
- **意义**：这是民国时期最为完整的一部宪法，但因国共内战爆发，宪法未能真正落实。

---

### **8. 其他宪法性文件**
- **《中华民国临时政府组织大纲》（1912年）：** 南京临时政府成立时的临时性文件。
- **《中华民国约法》（1925年）：** 孙中山在广州国民政府时期颁布的宪法性文件。
- **《中华苏维埃共和国宪法大纲》（1931年）：** 中国共产党在江西瑞金成立中华苏维埃共和国时颁布的宪法性文件。

---

### **总结**
民国时期的宪法性文件反映了中国从君主专制向现代民主共和转型的艰难历程。这些文件虽然大多未能有效实施，但为中国的宪政发展提供了宝贵的经验和教训。",一、《中华民国训政时期约法》二、“五五宪草”三、1947年《中华民国宪法》
65,证据的概念种类,"证据是指能够证明案件事实的客观材料，是法律事实认定的重要依据。在法律领域，证据的概念和种类可以从不同的角度进行分类。以下是证据的主要概念和种类：

---

### 一、证据的概念
证据是指能够证明案件事实的客观材料，具有客观性、关联性和合法性三个基本特征。证据的作用在于帮助查明案件事实，支持或反驳某一主张。

1. **客观性**：证据必须是客观存在的事实或材料，不能是虚构的。
2. **关联性**：证据必须与案件事实有直接或间接的联系。
3. **合法性**：证据的取得和使用必须符合法律规定。

---

### 二、证据的种类
证据可以根据不同的标准进行分类，以下是常见的分类方式：

#### 1. **根据证据的表现形式分类**
   - **书证**：以文字、符号、图表等形式记录的材料，如合同、账单、信件等。
   - **物证**：以实物形式存在的证据，如工具、武器、现场遗留物等。
   - **证人证言**：证人对其所了解的案件事实所作的陈述。
   - **当事人陈述**：案件当事人对案件事实的陈述，包括供述和辩解。
   - **视听资料**：以音频、视频、电子数据等形式记录的材料，如录音、录像、电子邮件等。
   - **鉴定意见**：由专业机构或人员对案件中的专门性问题进行鉴定后出具的意见。
   - **勘验笔录**：对案件现场、物品等进行勘验、检查后形成的记录。

#### 2. **根据证据的来源分类**
   - **原始证据**：直接来源于案件事实本身的证据。
   - **传来证据**：通过间接途径获得的证据，如转述的证言。

#### 3. **根据证据的证明力分类**
   - **直接证据**：能够直接证明案件主要事实的证据。
   - **间接证据**：需要与其他证据结合才能证明案件事实的证据。

#### 4. **根据证据的性质分类**
   - **有罪证据**：能够证明被告人有罪的证据。
   - **无罪证据**：能够证明被告人无罪或罪轻的证据。

#### 5. **根据证据的作用分类**
   - **本证**：用于证明案件主要事实的证据。
   - **反证**：用于反驳对方证据或主张的证据。

#### 6. **根据证据的来源合法性分类**
   - **合法证据**：通过合法手段取得的证据。
   - **非法证据**：通过违法手段取得的证据，如刑讯逼供获得的口供（通常不被采纳）。

---

### 三、证据的法律要求
在法律实践中，证据的使用必须符合以下要求：
1. **证据的收集**：证据的收集必须符合法律程序，不能侵犯他人合法权益。
2. **证据的审查**：证据必须经过法庭的审查和质证，才能作为定案依据。
3. **证据的排除规则**：非法取得的证据可能会被排除，不能作为定案依据。

---

### 四、证据的作用
证据在诉讼中的作用主要包括：
1. **证明案件事实**：通过证据查明案件的真实情况。
2. **支持法律主张**：为当事人提出的主张提供依据。
3. **反驳对方主张**：通过证据反驳对方的主张或证据。

---

总之，证据是法律诉讼中至关重要的组成部分，其种类多样，作用广泛。在实际操作中，证据的合法性、真实性和关联性是法庭采纳证据的关键标准。",证据是诉讼的核心与灵魂，是认定案件事实的依据。刑事诉讼证据不同于日常生活中的证据，它有着特定的内沿、范匝和要求。我国《刑事诉讼法》第50条规定：“可以用于证明案件事实的材料，都是证据。证证据的种类，也称证据的法定形式，是指法律规定的证据的不同表现形式。《刑事诉讼法》第50条第2款通过列举方式规定了刑事证据的八个种类，分别为：1)物证；2)书证；3)证人证言；4)被害人陈述；5)犯罪辣疑人、被告入供述和辩解；6)鉴定意见；7)勘验、检查、辨认、侦查实验等笔录；8)视听资料、电子数据。
68,不起诉的种类和适用条件（P279-281）,"根据《中华人民共和国刑事诉讼法》的相关规定，不起诉是指人民检察院在审查起诉阶段，决定对犯罪嫌疑人不提起公诉的处理方式。根据法律规定，不起诉可以分为以下几种类型，并有相应的适用条件：

---

### 1. **法定不起诉**
法定不起诉是指根据法律规定，人民检察院必须作出不起诉决定的情形。适用条件包括：
- **情节显著轻微、危害不大，不认为是犯罪的**（《刑事诉讼法》第177条第1款）。
- **犯罪已过追诉时效期限的**。
- **经特赦令免除刑罚的**。
- **犯罪嫌疑人死亡的**。
- **其他法律规定免予追究刑事责任的情形**。

---

### 2. **酌定不起诉**
酌定不起诉是指人民检察院根据案件的具体情况，认为犯罪嫌疑人的行为虽然构成犯罪，但可以不提起公诉的情形。适用条件包括：
- 犯罪情节轻微，依照刑法规定不需要判处刑罚或者免除刑罚的（《刑事诉讼法》第177条第2款）。

在这种情况下，检察机关可以根据案件的具体情况，综合考虑犯罪嫌疑人的主观恶性、社会危害性、悔罪表现等因素，决定是否提起公诉。

---

### 3. **证据不足不起诉**
证据不足不起诉是指案件事实不清、证据不足，不能证明犯罪嫌疑人构成犯罪的情形。适用条件包括：
- 现有证据不足以证明犯罪嫌疑人实施了犯罪行为。
- 证据之间存在矛盾，无法排除合理怀疑。
- 证据不符合刑事诉讼法规定的证明标准。

根据《刑事诉讼法》第177条第3款，人民检察院在审查起诉时，如果认为案件事实不清、证据不足，不符合起诉条件的，应当作出不起诉决定。

---

### 不起诉的程序
1. **审查决定**：人民检察院在审查起诉阶段，根据案件情况决定是否不起诉。
2. **告知相关人员**：作出不起诉决定后，应当将决定书送达犯罪嫌疑人及其辩护人，并通知被害人。
3. **被害人申诉权**：如果被害人不服不起诉决定，可以在收到通知后7日内向上一级人民检察院申诉。

---

以上是关于不起诉的种类及适用条件的简要说明，具体内容可参考《刑事诉讼法》第177条及相关司法解释。",根据《刑事诉讼法》的规定，我国不起诉的种类包括法定不起诉、酌定不起诉、证据不足不起诉和特殊的栽朵不起诉，其适用条件各不相同。（一）法定不起诉法定不起诉，又称绝对不起诉，是指人民检察院对于公安机关或者监察机关移送起诉的案件，发现犯罪嫌疑人没有犯罪事实，或者符合《刑事诉讼法》第16条规定的情形之一的，应当作出的不起诉决定。在这种情况下，人民检察院没有追诉权，或者已经丧失了追诉权，或者缺乏诉讼条件，因此不能进行起诉裁量，而必须经检察长批准，依法作出不起诉决定。《刑事诉讼法》第177条第1款规定：＂犯罪嫌疑人没有犯罪事实，或者有本法第十六条规定的情形之一的，人民检察院应当作出不起诉决定。”据此，法定不起诉适用于以下七种情形： 1)犯罪嫌疑人没有犯罪事实的； 2)情节显著轻微、危害不大，不认为是犯罪的；3)犯罪巳过追诉时效期限的，4)经特赦令免除刑罚的； 5)依照刑法告诉才处理的犯罪，没有告诉或者撤回告诉的；(6)犯罪嫌疑人、被告人死亡的；7)其他法律规定免予追究刑事责任的。(二)酌定不起诉酌定不起诉，又称相对不起诉，是指人民检察院经审查认为犯罪嫌疑人的行为虽然构成犯罪，但情节轻微，依照刑法规定不需要判处刑罚或者免除刑罚的，可以作出的不起诉决定。在这种情况下，人民检察院被赋予了根据刑事政策和公共利益裁量决定如何处理的权力，既可以提起公诉，也可以不提起公诉。《刑事诉讼法》第177条第2款规定：“对于犯罪情节轻微，依照刑法规定不需要判处刑罚或者免除刑罚的，人民检察院可以作出不起诉决定。”据此，酌定不起诉的适用必须同时具备以下两个条件：一是人民检察院认为犯罪嫌疑人的行为符合刑法规定的犯罪构成要件，已经构成犯罪，应当负刑事责任。二是犯罪情节轻微，依照刑法规定不需要判处刑罚或者免除刑罚。其中，“刑法规定不需要判处刑罚”的情况，主要是指《刑法》第37条规定的“对于犯罪情节轻微不需要判处刑罚的，可以免予刑事处罚”的情形。《刑法》规定“免除刑罚”的情况则主要包括以下几种：(1)在我国领域外犯罪，依照我国刑法应当负刑事责任，但在国外已经受过刑事处罚的；(2)犯罪嫌疑人又聋又哑，或者是盲人的；(3)犯罪嫌疑人因防卫过当而犯罪的；(4)犯罪嫌疑人因避险过当而犯罪的；(5)为犯罪准备工具、制造条件的；(6)在犯罪过程中自动放弃犯罪或者自动有效防止犯罪结果发生，没有造成损害的；(7)在共同犯罪中，起次要或者辅助作用的；(8)被胁迫参加犯罪的；(9)犯罪嫌疑人自首且犯罪较轻的，或者有重大立功表现的。当然，实践中，当犯罪嫌疑人具有上述情形之一时，人民检察院还应当结合“犯罪情节轻微”的条件综合分析是否需要对犯罪嫌疑人作出不起诉的决定。而对“犯罪情节轻微”的判断应主要参照犯罪嫌疑人的年龄、一贯表现、犯罪动机和目的、犯罪手段、危害后果以及悔罪态度等方面作出。酌定不起诉是起诉便宜主义在我国刑事诉讼中的体现。在诉讼学理上，存在起诉法定主义与起诉便宜主义两种不同的刑事起诉原则。起诉法定主义，是指检察院等法律规定享有起诉权的国家专门机关如认为刑事案件具备起诉的条件，就必须向法院提起公诉，而不能根据案件的具体情况自行斟酌处理。起诉便宜主义与起诉法定主义相对应，又称为起诉裁量主义，是指检察院等法律规定享有起诉权的国家专门机关对于具备起诉条件的犯罪，并非一律要提起公诉，而可以根据案件具体情况进行利害权衡以后，再裁量决定起诉或者不起诉。起诉法定主义是有罪必罚的刑罚报应论思想在刑事诉讼中的体现，较为重视刑事追诉的统一性和公平性；起诉便宜主义则是注重特别预防的目的刑罚理论在刑事诉讼中的体现，较为重视刑事追诉的合目的性和合理性。据此不难理解，酌定不起诉的合理适用对于贯彻宽严相济的刑事司法政策，教育挽救犯罪嫌疑人，节约诉讼资源，以及稳定社会秩序，都具有重要的意义。当然，如果制约不足，出现起诉裁撞权的滥用，其危害也是很大的，因此，酌定不起诉要经检察长批准。 （三）证据不足不起诉 证据不足不起诉，又称存疑不起诉，是指人民检察院对于经过两次补充侦查或者补充调查的案件，仍然认为证据不足，不符合起诉条件的，经检察长批准，依法作出的不起诉决定。《刑事诉讼法》第175条第4款规定：“对于二次补充侦查的案件，人民检察院仍然认为证据不足，不符合起诉条件的，应当作出不起诉的决定。”这种不起诉的前提条件是必须经过了两次补充侦查或者补充调查。没有经过补充侦查或者补充调查的案件，不能直接作出这种不起诉决定；经过一次补充侦查或者补充调查，人民检察院仍然认为证据不足，不符合起诉条件，且没有再次退回补充侦查或者补充调查必要的，经检察长批准，可以作出不起诉决定。最高人民检察院《规则》第368 条规定：“具有下列情形之一，不能确定犯罪嫌疑人构成犯罪和需要追究刑事责任的，腐于证据不足，不符合起诉条件：（一）犯罪构成要件事实缺乏必要的证据予以证明的； （二）据以定罪的证据存在疑问，无法查证属实的； （三）据以定罪的证据之间、证据与案件事实之间的矛盾不能合理排除的； （四）根据证据得出的结论具有其他可能性，不能排除合理怀疑的； （五）根据证据认定案件事实不符合逻辑和经验法则，得出的结论明显不符合常理的。“第369条规定，人民检察院认为证据不足决定不起诉的，在发现新的证据，符合起诉条件时，可以提起公诉。 （四）特殊的栽量不起诉《刑事诉讼法》第182条第1款规定：＂犯罪嫌疑人自愿如实供述涉嫌犯罪的事实，有重大立功或者案件涉及国家重大利益的，经最高人民检察院核准．．．人民检察院可以作出不起诉决定，也可以对涉嫌数罪中的一项或者多项不起诉。”据此，检察机关栽昼不起诉的权力扩展到了重罪案件，这就在一定程度上改变了我国传统上以起诉法定主义为主、轻罪案件才适当兼采起诉便宜主义的审查起诉原则，为宽严相济刑事政策的适用提供了更为广阔的空间。
66,刑事拘留的概念和特征（P189）,"刑事拘留是我国刑事诉讼法中规定的一种强制措施，是指公安机关、人民检察院在侦查过程中，对现行犯或者重大嫌疑分子，在紧急情况下依法临时剥夺其人身自由的一种强制措施。

### 刑事拘留的概念
刑事拘留是为了保证刑事诉讼的顺利进行，防止犯罪嫌疑人逃避侦查、毁灭证据或继续实施犯罪行为而采取的临时性限制人身自由的措施。刑事拘留的适用对象主要是现行犯和重大嫌疑分子。

---

### 刑事拘留的特征
1. **适用对象特定**  
   刑事拘留的适用对象是现行犯或者重大嫌疑分子，且必须符合刑事诉讼法规定的具体情形。

2. **适用条件严格**  
   刑事拘留的适用必须符合法律规定的条件，通常是在紧急情况下，为了防止犯罪嫌疑人逃跑、毁灭证据或继续犯罪。

3. **实施主体明确**  
   刑事拘留由公安机关或人民检察院依法实施，公安机关是主要的执行机关。

4. **限制人身自由**  
   刑事拘留是一种临时剥夺犯罪嫌疑人人身自由的强制措施，具有强制性和临时性。

5. **期限较短**  
   刑事拘留的期限较短，一般为**不超过10日**，特殊情况下可以延长至**14日**，对于流窜作案、多次作案、结伙作案的重大嫌疑分子，拘留期限可以延长至**30日**。

6. **程序性要求**  
   刑事拘留的实施必须严格按照法定程序进行，包括审批、告知家属、制作拘留证等。

---

刑事拘留是刑事诉讼中一项重要的强制措施，其目的是为了保障侦查工作的顺利进行，同时也要防止滥用，严格依法适用。",刑事拘留，一般是指公安机关、人民检察院在遇到法定的紧急情况时，依法临时剥夺某些现行犯或者重大嫌疑分子人身自由的一种强制措施。刑事拘留具有以下特征：l.适用主体具有特定性拘留是对犯罪嫌疑人人身自由的一种剥夺，属于比较严厉的强制措施，因而《刑事诉讼法》规定，只有公安机关、人民检察院等对刑事案件拥有侦查权的专门机关才能决定适用拘留，其他任何机关（包括人民法院）、社会团体和个人都无权决定和执行拘留。 2.适用对象具有特定性拘留是一种临时剥夺犯罪嫌疑人人身自由的强制措施，针对的是现行犯或重大嫌疑分子，或法定的紧急情况，除此之外不得适用拘留。即使犯罪嫌疑人罪该逮捕，只要不是现行犯或重大嫌疑分子，或法定的紧急情况，也无须适用拘留。换言之，拘留并非逮捕的前置程序。3.适用期限具有临时性拘留针对符合法定情形的现行犯或重大嫌疑分子而设，因而其只能临时地、在短时间内剥夺犯罪嫌疑人的人身自由，一旦紧急情况消失，就应当解除拘留或变更为其他强制措施。因此，拘留的期限一般较短，只有3日。
67,侦查的概念和特征（P235-237）,"侦查是刑事诉讼中的一个重要阶段，其概念和特征在刑事诉讼法中有明确的规定。以下是侦查的概念和主要特征的总结：

---

### **一、侦查的概念**
侦查是指公安机关、国家安全机关、人民检察院等侦查机关，为了查明犯罪事实、收集证据、抓获犯罪嫌疑人、维护社会秩序，根据法律规定所进行的专门调查工作和有关的强制性措施。

侦查的核心在于通过合法手段获取与案件相关的证据，查明案件事实，为后续的起诉和审判奠定基础。

---

### **二、侦查的特征**
侦查作为刑事诉讼的重要阶段，具有以下几个显著特征：

1. **法律性**
   - 侦查活动必须严格依照法律规定进行，侦查机关的权限、程序、措施等都受到法律的严格约束。
   - 侦查机关不得超越法律规定的权限或违反程序，否则可能导致证据无效或侵害公民权利。

2. **专门性**
   - 侦查是一种专门的调查活动，通常由具有侦查权的机关（如公安机关、国家安全机关、检察机关等）及其专业人员实施。
   - 侦查活动需要运用专门的知识、技术和手段，如现场勘查、技术鉴定、侦查实验等。

3. **强制性**
   - 侦查机关在侦查过程中可以依法采取一定的强制措施，如拘留、逮捕、搜查、扣押等。
   - 强制性措施的实施必须符合法律规定，且应当遵循比例原则，避免不必要的侵害。

4. **秘密性**
   - 为了防止犯罪嫌疑人逃避侦查或毁灭证据，侦查活动通常具有一定的秘密性。
   - 侦查机关在侦查过程中可能采取秘密侦查手段，如监听、跟踪等，但必须依法进行。

5. **阶段性**
   - 侦查是刑事诉讼的一个阶段，通常在立案后开始，在侦查终结后移送审查起诉。
   - 侦查阶段的任务是查明案件事实，为后续的起诉和审判提供依据。

6. **目的性**
   - 侦查的最终目的是查明案件事实，收集证据，追究犯罪嫌疑人的刑事责任，同时保障无罪的人不受刑事追究。
   - 侦查活动还应当注重保护犯罪嫌疑人、被害人及其他相关人员的合法权益。

---

### **三、侦查的任务**
侦查的任务主要包括：
1. 查明犯罪事实，收集、固定、审查和运用证据；
2. 查明犯罪嫌疑人的身份，确定其是否应当追究刑事责任；
3. 采取必要的措施防止犯罪嫌疑人逃避侦查或继续实施犯罪；
4. 保障无罪的人不受刑事追究。

---

以上是侦查的概念和特征的简要总结，具体内容可以参考刑事诉讼法及相关教材的详细论述。",《刑事诉讼法》第108条第1项明确规定，侦查是指公安机关、人民检察院对于刑事案件，依照法律进行的收集证据、查明案情的工作和有关的强制性措施。在我国，侦查是全部刑事诉讼程序中的一个独立诉讼阶段，在刑事诉讼中具有非常重要的地位，是国家专门机关同犯罪作斗争的强有力的手段。刑事案件立案以后，为查明案情、查获犯罪嫌疑人，侦查机关必须依法开展侦查活动，收棠确实、充分的证明犯罪嫌疑人有罪或者无罪、罪重或者罪轻的各种证据材料，为检察机关提起公诉和人民法院进行审判做好充分的准备和奠定坚实的基础。侦查具有以下特征：（一）车有侦查权的主体具有特定性 侦查权的行使直接关系国家安全、社会稳定和公民合法权益，因此，法律对行使侦查权的主体作了明确规定。《刑事诉讼法》第108条第1项规定：``｀侦查＇是指公安机关、人民检察院对于刑事案件，依照法律进行的收集证据、查明案情的工作和有关的强制性措施。”由此可见，公安机关和人民检察院是我国刑事诉讼中的侦查主体。此外，《刑事诉讼法》第4条规定：“国家安全机关依照法律规定，办理危害国家安全的刑事案件，行使与公安机关相同的职权。“第308条第1-3款又规定：“军队保卫部门对军队内部发生的刑事案件行使侦查权。中国海菩局履行海上维权执法职责，对海上发生的刑事案件行使侦查权。对罪犯在监狱内犯罪的案件由监狱进行侦查。”由此可见，我国享有侦查权的机关有公安机关、人民检察院、国家安全机关、军队保卫部门、中国海智局和监狱，除此以外，其他任何机关、团体和个入都无权行使侦查权。(二)侦查活动的内容具有特定性侦查活动的内容，根据法律规定，是收集证据、查明案情的工作和采取有关的强制性措施。收集证据、查明案情的工作是指《刑事诉讼法》规定的讯问犯罪嫌疑人，询问证人，勘验，检查，搜查，扣押物证、书证，鉴定，以及通缉等活动。应当注意的是，这种收集证据、查明案情的工作，与人民法院在庭审过程中调查核实证据时，依照《刑事诉讼法》的有关规定进行的勘验、检查、扣押、鉴定和查询、冻结等活动，具有截然不同的法律性质，后者属于审判中的收集证据、查明案情的活动，而不属于侦查活动的范畴。有关的强制性措施，则是指为保证收集证据、查明案情工作顺利进行，侦查机关在必要时采取的诸如强制搜查、强制扣押等强制性方法，以及为防止犯罪嫌疑人逃跑、毁灭罪证、串供等而采取的限制或剥夺其人身自由的强制性措施，如拘传、取保候审、监视居住、拘留和逮捕。(三)侦查权的行使具有合法性为了实现侦查的目的，保证侦查机关能够发现和收集与案件有关的各种证据，查明案件事实，查获犯罪嫌疑人，防止其继续犯罪或逃避侦查、起诉或审判，保障诉讼活动的顺利进行，我国《刑事诉讼法》对侦查的主体、侦查的内容和方式以及侦查的程序都作了严格的规定。同时，由于侦查是以国家强制力为后盾的，每一项侦查活动的开展都不同程度地带有强制性，稍有违法，便会侵犯公民的合法权益，故而侦查机关在行使侦查权、进行侦查活动时，只有严格遵守法律规定，客观、全面地收集证据，查明案件事实，充分保护公民的合法权益不受侵犯，才能更好地实现刑事诉讼法的目的和完成刑事诉讼法所赋予的侦查任务。(四)侦查程序的性质具有双重性关于侦查程序的性质，大陆法系一直存在“行政程序说”和“司法程序说”两种观点。前者认为，侦查程序在相当程度上具有不同于司法程序的特点：它不容易受到法律的约束，其本质上是行政程序，在侦查行为的效果上，它首要考虑的不是合法性而是合目的性；同时，侦查行为实施的主动性有别于司法的被动性要求。后者则认为，侦查程序虽然不能与审判程序等量齐观，但考虑到对侦查程序的法律约束的要求以及保障公民人权的需要，它可以被视为一种准司法过程，即在对侦查程序进行设计时必须考虑到对公安机关、人民检察院、人民法院侦查行为的实施予以限制，对公民的权利给予保障和赋予其相应的救济手段。上述两种观点从不同的角度对侦查的特征进行了分析。本书认为，侦查程序兼具行政性和司法性两种特征：侦查程序的行政性主要表现为侦查程序的职权性和裁量性，即侦查机关有权在法律规定的范围内依据职权主动侦查，并享有广泛的自由裁量权；侦查程序的司法性主要表现为侦查行为必须做到客观、公正，并且受到法律的严格约束，因此侦查行为本身还应当受到诉讼内或诉讼外的事后审查。
71,未成年人犯罪庭审程序（P400、401）,"未成年人犯罪庭审程序是指针对未成年犯罪嫌疑人、被告人进行审理时，依据法律规定所采取的特殊程序。根据中国《刑事诉讼法》及相关司法解释，未成年人犯罪庭审程序具有以下特点和要求：

---

### **1. 专门化审理**
- **专门机构和人员**：未成年人案件应由人民法院的少年法庭或指定的专门审判庭负责审理。审判人员应具备处理未成年人案件的专业知识和经验。
- **合议庭组成**：审理未成年人案件的合议庭应当由三名法官组成，其中至少一名法官应熟悉未成年人心理和教育特点。

---

### **2. 非公开审理**
- **保护隐私**：未成年人案件原则上不公开审理，以保护未成年人的隐私和合法权益。
- **例外情况**：如果案件涉及严重危害社会的犯罪，且公开审理不影响未成年人的权益，可以依法公开审理，但需经过严格审查。

---

### **3. 法定代理人参与**
- **通知法定代理人**：在庭审中，未成年被告人的法定代理人（如父母或监护人）应当到场。如果法定代理人无法到场，法院应指定其他合适的人员代为参与。
- **法定代理人权利**：法定代理人有权为未成年人提供辩护、提出意见，并协助未成年人行使诉讼权利。

---

### **4. 教育为主，惩罚为辅**
- **从轻、减轻处罚**：对未成年人犯罪，应当坚持教育、感化、挽救的方针，依法从轻、减轻处罚。
- **附条件不起诉**：对于情节轻微的未成年人犯罪案件，检察机关可以作出附条件不起诉的决定，给予未成年人改过自新的机会。

---

### **5. 特殊的庭审程序**
- **简化程序**：对于未成年人犯罪案件，可以适当简化庭审程序，但必须保障未成年人的合法权益。
- **询问方式**：法官、检察官、辩护人等在庭审中应当注意方式方法，避免对未成年人造成心理压力或二次伤害。
- **心理辅导**：必要时，可以邀请心理专家参与庭审，为未成年人提供心理支持。

---

### **6. 记录封存制度**
- **犯罪记录封存**：对于未成年人犯罪案件，判决生效后，犯罪记录应当依法封存，除特定情况外，不得向任何单位或个人提供。
- **保护未来发展**：犯罪记录封存制度旨在保护未成年人的未来发展，避免因犯罪记录影响其就业、升学等。

---

### **7. 其他保障措施**
- **法律援助**：未成年人在庭审中有权获得法律援助，法院应当为其指定辩护律师。
- **社会调查报告**：在审理未成年人案件前，法院可以委托相关机构对未成年人的成长经历、家庭情况、教育背景等进行社会调查，并将调查报告作为量刑参考。
- **合适成年人制度**：在未成年人法定代理人无法到场时，法院应指定合适成年人（如亲属、教师、社区工作人员等）参与庭审。

---

### **法律依据**
- 《中华人民共和国刑事诉讼法》
- 《中华人民共和国未成年人保护法》
- 《最高人民法院关于审理未成年人刑事案件的若干规定》

---

以上是未成年人犯罪庭审程序的主要内容，具体案件中可能会根据实际情况有所调整，但始终以保护未成年人的合法权益为核心。",根据《刑事诉讼法》及最高人民法院《解释》第二十二章的规定，审理未成年人刑事案件应注意以下几点：l.专设席位及禁用戒具 人民法院应当在辩护台靠近旁听区一侧为未成年被告人的法定代理人或者《刑事诉讼法》第281条第1款规定的其他成年亲屈、代表设过席位。在法庭上不得对未成年被告入使用戒具，但被告人人身危险性大，可能妨碍庭审活动的除外。必须使用戒具的，在现实危险消除后，应当立即停止使用。 2.贯彻不公开审理原则 开庭审理时被告人不满18周岁的案件，一律不公开审理。经未成年被告人及其法定代理入同意，未成年被告人所在学校和未成年人保护组织可以派代表到场。到场代表的人数和范围，由法庭决定。到场代表经法庭同意，可以参与对未成年被告人的法庭教育工作。对依法公开审理，但可能需要封存犯罪记录的案件，不得组织人员旁听。 3.注重证人保护及特殊质证方法确有必要通知未成年被害人、证人出庭作证的，人民法院应当根据案件情况采取相应的保护措施。有条件的，可以采取视频等方式对其陈述、证言进行质证。 4. 选择适当的审理方式 未成年被告人在法庭上可以坐着接受法庭调查、讯问，但在回答审判人员的第三节未成年人刑事案件的具体诉讼程序提问、宣判时应当起立。法庭审理时，审判入员应当注意未成年被告人的智力发育程度和心理状态，要态度严肃、和蔼，用语准确、通俗易懂。发现有对未成年被告入诱供、训斥、讽刺或者威胁的情形时，应当及时制止。休庭时，可以允许法定代理人或者其他成年近亲属、教师等人员会见被告人。 5.调查报告及世刑相关材料的出示及调查控辩双方提出对未成年被告人判处管制、宣告缓刑等抵刑建议和盐刑意见的，应当向法庭提供有关未成年被告人能够获得监护、帮教以及对所居住社区无重大不良影响的书面材料。对未成年被告人情况的调查报告，以及辩护人提交的有关未成年被告人情况的书面材料，法庭应当审查并听取控辩双方意见。上述报告和材料可以作为法庭教育和撮刑的参考。
69,第二审案件的审判原则（P329）,"第二审案件的审判原则是中国民事诉讼法中关于二审程序的重要内容，主要包括以下几个原则：

1. **全面审查原则**  
   第二审人民法院对上诉案件进行全面审查，不仅限于当事人上诉请求的范围，还可以对案件的事实和法律适用进行全面审查。这意味着二审法院可以对一审判决涉及的所有问题进行重新审查。

2. **不加重上诉人责任原则**  
   第二审法院在审理上诉案件时，不得因上诉人的上诉而加重其责任。这一原则旨在保护上诉人的合法权益，避免因行使上诉权而遭受不利后果。

3. **书面审理与开庭审理相结合原则**  
   第二审案件可以采取书面审理或开庭审理的方式进行。对于事实清楚、争议不大的案件，二审法院可以书面审理；对于事实争议较大或需要进一步查明事实的案件，二审法院应当开庭审理。

4. **终审原则**  
   第二审是终审程序，二审法院作出的判决或裁定是终局的，具有法律效力，当事人不得再行上诉。

5. **调解优先原则**  
   在第二审程序中，法院应当积极促成当事人和解或调解，争取通过调解方式解决纠纷。如果调解不成，再依法作出判决。

以上原则体现了二审程序的公正性、效率性和终局性，旨在保障当事人的合法权益，维护司法公正。",第二审程序具有不同于第一审程序的任务、功能和特点。因此，第二审人民法院审判上诉或抗诉案件，应当遵循三项原则，即全面审查原则、开庭审理原则、上诉不加刑原则。
64,回避的理由（P100-103）,"您提到的“回避的理由（P100-103）”似乎是某本书或文献中的内容，但由于您没有提供具体的书名或更多的上下文，我无法直接引用或提供该部分的具体内容。如果您能提供更多信息，比如书名、作者或相关背景，我会尽力为您提供帮助。

如果您是想讨论“回避的理由”这一主题，可能涉及心理学、哲学或其他领域的内容，我也可以根据我的知识为您提供相关的解释或分析。请告诉我更多细节！",（一）诉讼回避根据《刑事诉讼法》第29条、第30条的规定和相关司法解释，回避的法定事由包括以下几种情形：第一，是本案的当事人或者是当事人的近亲屈的。根据《刑事诉讼法》第108条的规定，这里的“当事人”是指本案的”被害人、自诉人、犯罪嫌疑人、被告人、附带民事诉讼的原告人和被告人＂。同样，根据《刑事诉讼法》第108条的规定，这里的“近亲属”是指“夫、妻、父、母、子、女、同胞兄弟姊妹＂。需要注意的是，有关司法解释对“近亲属＂的概念作了扩大解释，即审判人员是本案的当事人或者与当事人有直系血亲、三代以内旁系血亲及姻亲关系的，都应当回避。审判人员与本案的诉讼代理人、辩护人有夫妻、父母、子女或者同胞兄弟姐妹关系的，也应当回避。虽然上述扩大解释仅系最高人民法院针对审判人员作出的，但本书认为其内容既然具有合理性，当然就应当类推适用于检察人员和侦查人员。第二，本人或者其近亲属和本案有利害关系的。本入或者其近亲属虽非本案当事人，但如果与本案有某种利害关系，也可能产生利益牵连，进而影响案件的公正处理。因此，具备这一情形的司法工作人员也应当回避。第三，担任过本案证人、鉴定人、辩护人或者诉讼代理人的。证人、鉴定人、辩护入、诉讼代理人等诉讼角色具有唯一性和排他性，一旦担任过本案的证人、鉴定人、辩护人或者诉讼代理人，即不应再担任本案的审判人员、检察人员、侦查人员等角色。否则，角色冲突可能导致先人为主或利益牵连，进而影响案件的公正处理。第四，与本案当事人有其他关系，可能影响案件公正处理的。该项规定属于兜底条款，即审判人员、检察人员、侦查入员等如果与本案当事人存在着上述三种情形之外的“其他关系”，如曾经的同学、师生、恋入关系等，”可能影响案件公正处理的＂，也应当回避。但要注意的是，从法解释的角度讲，该项规定的“其他关系”与“可能影响案件公正处理”之间是并列关系。这意味着，当事人及其法定代理人、辩护人、诉讼代理人以该项理由申请回避时，不仅需要证明审判人员、检察人员、侦查人员等与本案当事人存在“其他关系”，还必须证明这种关系”可能影响案件公正处理”。第五，违反规定会见当事人及其委托代理人或者接受其请客送礼的。《刑事诉讼法》第30条规定：＂审判人员、检察人员、侦查人员不得接受当事人及其委托的人的请客送礼，不得违反规定会见当事人及其委托的人。审判人员、检察人员、侦查人员违反前款规定的，应当依法追究法律责任。当事人及其法定代理入有权要求他们回避。“根据这一规定及最高人民法院的相关司法解释，审判人员具有下列情形之一的，当事人及其法定代理人即有权要求其回避：1)违反规定会见本案当事人、辩护入、诉讼代理人的；2)为本案当事人推荐、介绍辩护人、诉讼代理入，或者为律师、其他人员介绍办理本案的；3)索取、接受本案当事人及其委托人的财物或者其他利益的；4)接受本案当事入及其委托人的宴谙，或者参加由其支付费用的活动的；5)向本案当事人及其委托人借用款物的；6) 有其他不正当行为，可能影响公正审判的。第六，在一个审判程序中参与过本案审判工作的合议庭组成人员或者独任审判员，不得再参与本案其他程序的审判；参与过本案调查、侦查、审查起诉工作的监察、侦查、检察人员，调至人民法院工作的，不得担任本案的审判人员；参加过同一案件侦查的人员，不得承办该案的审查逮捕、审查起诉、出庭支持公诉和诉讼监督工作，但在审查起诉阶段参加自行补充侦查的入员除外。《刑事诉讼法》第239条规定：“原审人民法院对于发回重新审判的案件，应当另行组成合议庭，依照第一审程序进行审判......”第256条规定：“人民法院按照审判监督程序重新审判的案件，由原审人民法院审理的，应当另行组成合议庭进行..…“根据上述规定，对于第二审法院经过第二审程序裁定发回重审的案件，原审法院负责审理此案的原合议庭组成人员应当回避，不得再参与对案件的审理；对于人民法院按照审判监督程序重新审判的案件，原来负责审判此案的合议庭组成人员也应当回避，不得再参与对该案的审理。在上述规定的基础上，最高人民法院《解释》第29条对此又作了扩大解释，即“在一个审判程序中参与过本案审判工作的合议庭组成人员或者独任审判员，不得再参与本案其他程序的审判＂。但是，发回重新审判的案件，在第一审人民法院作出栽判后又进入第二审程序、在法定刑以下判处刑罚的复核程序或者死刑复核程序的，原第二审程序、在法定刑以下判处刑罚的复核程序或者死刑复核程序中的合议庭组成人员不受上述规定的限制。据此，该项回避事由的适用扩大到整个审判程序（包括不同审级的审判程序），因此，在一个审判程序中参与过本案审判工作的审判人员，便不得再参与该案其他任何程序的审判工作。同理，最高人民检察院《规则》35条也规定：“参加过同一案件侦查的人员，不得承办该案的审查逮捕、审查起诉、出庭支持公诉和诉讼监督工作，但在审查起诉阶段参加自行补充侦查的人员除外。“此外，最高人民法院《解释》第29条第 款还规定：“参与过本案调查、侦查、审查起诉工作的监察、侦查、检察人员，调至人民法院工作的，不得担任本案的审判人员。”（二）任职回避 如果说诉讼回避制度的目的在于从个案处理上排除司法工作人员的利益牵涉，那么任职回避制度则旨在从司法工作的源头即职务上切断潜在的、可能的利益牵连。任职回避包括离任后的任职回避和现任内的任职回避。离任后的任职回避，是对曾经担任过审判人员和检察人员的人员，在其离任后从事律师（刑事辩护人或诉讼代理人）业务时设定的限制性规定。《法官法》36条第1、2款规定：“法官从人民法院离任后两年内，不得以律师身份担任诉讼代理人或者辩护人。法官从人民法院离任后，不得担任原任职法院办理案件的诉讼代理人或者辩护人，但是作为当事人的监护人或者近亲屈代理诉讼或者进行辩护的除外。”《检察官法》第37条第1、2款规定：＂检察官从人民检察院离任后两年内，不得以律师身份担任诉讼代理人或者辩护人。检察官从人民检察院离任后，不得担任原任职检察院办理案件的诉讼代理人或者辩护人，但是作为当事人的监护人或者近亲属代理诉讼或者进行辩护的除外。”《最高人民法院关于审判人员在诉讼活动中执行回避制度若干问题的规定》第8条进一步规定，审判入员及法院其他工作人员从人民法院离任后2年内，不得以律师身份担任诉讼代理人或者辩护人。审判人员及法院其他工作人员从人民法院离任后，不得担任原任职法院所审理案件的诉讼代理人或者辩护人，但是作为当事人的监护人或者近亲属代理诉讼或者进行辩护的除外。其中，“离任“包括退休、调离、解聘、辞职、辞退、开除等离开法院工作岗位的情形。“原任职法院”包括审判人员及法院其他工作人员曾任职的所有法院。现任内的任职回避，是对现任内的法官、检察官的配偶、子女或父母，在其从事律师（刑事辩护人或诉讼代理人）业务时设定的限制性规定。《最高人民法院关于审判人员在诉讼活动中执行回避制度若干问题的规定》第9条规定，审判人员及法院其他工作人员的配偶、子女或者父母不得担任其所任职法院审理案件的诉讼代理人或者辩护人。该司法解释将现任内任职回避的适用范刚扩大到法官的“父母”，并将“法官”的概念扩大解释为审判人员及法院其他工作人员。其中，所谓法院其他工作人员，是指审判人员以外的在编工作人员。根据《法官法》第24条和《检察官法》第25条的规定，法官的配偶、父母、子女在该法官所任职法院辖区内以律师身份担任诉讼代理人、辩护人，或者为诉讼案件当事人提供其他有偿法律服务的，该法官应当实行任职回避；检察官的配偶、父母、子女在该检察官所任职检察院辖区内以律师身份担任诉讼代理入、辩护人，或者为诉讼案件当事人提供其他有偿法律服务的，该检察官应当实行任职回避。
62,职权主义诉讼概念特征,"职权主义诉讼是一种诉讼模式，与对抗制诉讼模式相对立。职权主义诉讼模式的核心特征是法院在诉讼过程中发挥主导作用，法官不仅是裁判者，还在一定程度上承担调查、取证和推动诉讼程序的职责。以下是职权主义诉讼的概念和主要特征：

### 一、职权主义诉讼的概念
职权主义诉讼是指在诉讼过程中，法院或法官基于职权主动介入案件的事实调查、证据收集和程序推进，以确保案件事实查明和法律适用的正确性。职权主义诉讼强调法官的主动性和主导性，注重案件的实体公正。

### 二、职权主义诉讼的主要特征
1. **法官主导性**  
   在职权主义诉讼中，法官不仅是裁判者，还承担着调查案件事实、收集证据和推动诉讼程序的职责。法官可以主动采取措施查明案件事实，而不是完全依赖当事人提供的证据。

2. **程序的非对抗性**  
   职权主义诉讼模式下，诉讼程序并非完全依赖当事人之间的对抗，而是由法官主导，注重查明案件的客观事实，减少当事人之间的对抗性。

3. **注重实体公正**  
   职权主义诉讼更强调案件的实体公正，而非单纯追求程序公正。法官通过主动调查和干预，确保案件事实的全面查明和法律的正确适用。

4. **证据收集的主动性**  
   在职权主义诉讼中，法官可以主动收集证据，而不是完全依赖当事人提供的证据。这种模式下，法官的调查权力较大。

5. **当事人作用的相对弱化**  
   与对抗制诉讼相比，职权主义诉讼中当事人的作用相对较弱。当事人虽然仍然可以提供证据和陈述意见，但诉讼的主导权更多掌握在法官手中。

6. **程序的灵活性**  
   职权主义诉讼程序较为灵活，法官可以根据案件的具体情况调整诉讼程序，以便更好地查明事实和适用法律。

### 三、职权主义诉讼的优缺点
#### 优点：
- 有助于查明案件事实，确保实体公正；
- 减少当事人之间的对抗，降低诉讼成本；
- 对于弱势一方（如经济能力较弱的一方）更为公平。

#### 缺点：
- 法官权力过大，可能导致滥用职权或偏袒；
- 当事人参与度较低，可能削弱程序公正；
- 诉讼效率可能较低，因法官需承担更多职责。

### 四、职权主义诉讼的适用领域
职权主义诉讼模式多见于大陆法系国家，如德国、法国等，尤其是在民事诉讼和行政诉讼中较为常见。在这些国家，法官的职权较大，诉讼程序强调法官的主导作用。

总之，职权主义诉讼是一种以法官为中心的诉讼模式，其核心在于通过法官的主动介入，确保案件事实的查明和法律的正确适用。这种模式在追求实体公正方面具有优势，但也可能因法官权力过大而引发争议。",职权主义诉讼是以纠问式诉讼为主、以弹劾式诉讼为辅加以改造后创制的一种刑事诉讼构造，主要实行于近现代的法国、德国等大陆法系国家，1808《法国刑事诉讼法》和1877年《德国刑事诉讼法》的颁布标志着此种诉讼构造的诞生，此后随着时间的流转和社会的变化而不断加以完善。职权主义诉讼比较注重发挥警察机关、检察机关和审判机关在刑事诉讼中的职权作用，以更高效地发现案件真相，控制犯罪，保障人权。其主要特点如下：一是侦查机关（包括享有侦查职权的预审法官）主导着侦查活动的开展，负责收集证据，犯罪嫌疑人一方几乎不进行事实调查，而且，这些国家的法律制度也普遍不鼓励辩方律师与证人接触。侦查机关享有广泛的权力，不仅有权采取讯间被告人、询间证人、勘验、鉴定、侦查实验、对质和辨认等一般性侦查手段调查犯罪事实，而且可以实施逮捕、羁押、搜查、扣押、窃听、电子监控、邮检等一系列强制性或秘密性的侦查措施，且较少受到外来的限制，自由度大。如一般侦查手段基本上实行的是侦查机关系统内的自律性控制，只有那些对公民的基本权利造成重大限制的强制性或秘密性侦查措施才需要由法官批准。较之于强大的侦查机关，犯罪婕疑人处于相对较弱的状态，主要表现在：律师一般只能在侦查阶段的后期介入，且大都不能在警察讯问犯罪嫌疑人时在场；从事辩护性调查活动的空间缺乏，对于能够证明犯罪嫌疑人无罪或罪轻的证据材料，犯罪嫌疑入通常只能请求负责侦查的国家机关代为收集；犯罪嫌疑人尽管享有沉默权，但往往被科以忍受侦查人员讯问和调查的义务心羁押率较高，犯罪嫌疑人的保释权行使相对不够充分。二是提起公诉遴循较为严格的起诉法定主义原则，在案件证据足以证明犯罪事实成立的情况下，原则上检察机关就必须提起公诉。只有在犯罪情节轻微等少数的例外情况下，才可以基于公共利益的考虑对于是否提起公诉进行自由栽量。此外，提起公诉实行案卷移送主义，检察机关在向法院提交起诉书的同时，必须把侦查起诉时制作的卷宗材料以及获取的证据材料一并移送法院。三是法官始终扮演着法庭审理过程中的主角。职权主义诉讼奉行“职权调查”和“实体具实”的审判理念，法官负有查明案件客观真相的责任，为此可依职权积极主动地收集、调查一切有助于查明案情的证据，而不受控、辩双方所提供的证据材料的限制。《德国刑事诉讼法》第244条规定：“为了调查事实真相，法院应当依职权调查一切对裁判有意义的事实和证据。”《法国刑事诉讼法》310条也规定：＂审判长享有自行作出决定的权力，依此权力，审判长得本着荣誉与良心，采取其认为有利于查明事实真相的一切措施。在庭审过程中，审判长得传唤任何人；必要时，可以签发拘传票传唤任何人，并听取他们的陈述，或者根据庭审的进展情况，让受传唤人提交有利于查明事实真相的一切新的证据材料。”相应地，检察官与辩护方则处千受限制的从属地位，通常只能在法官对证据询查完毕后作一些补充性的提问，试图找出被遗涌的有利于己的信息点，或者强调已经由证人确认的某些特定要点，而且提问必须经过法官的批准。
63,我国刑事诉讼基本原则（P71-85）,"我国刑事诉讼的基本原则是我国刑事诉讼法的核心内容之一，体现了刑事诉讼制度的基本精神和价值取向。这些原则贯穿于刑事诉讼的全过程，指导着刑事诉讼活动的开展。以下是我国刑事诉讼的基本原则的主要内容：

---

### 1. **司法机关依法独立行使职权原则**
   - **内容**：人民法院、人民检察院依法独立行使审判权和检察权，不受行政机关、社会团体和个人的干涉。
   - **意义**：保障司法公正，防止外部干预，确保刑事诉讼活动依法进行。

---

### 2. **以事实为根据、以法律为准绳原则**
   - **内容**：刑事诉讼活动必须以客观事实为依据，并严格按照法律规定进行。
   - **意义**：确保案件处理的客观性和合法性，防止主观臆断和违法办案。

---

### 3. **法律面前人人平等原则**
   - **内容**：在刑事诉讼中，任何人不论民族、种族、性别、职业、社会地位、宗教信仰等，都平等地适用法律。
   - **意义**：体现社会主义法治的公平正义，防止歧视和特权。

---

### 4. **犯罪嫌疑人、被告人权利保障原则**
   - **内容**：在刑事诉讼中，犯罪嫌疑人、被告人享有辩护权、申诉权等合法权利，司法机关应当保障其权利不受侵犯。
   - **意义**：平衡控辩双方的地位，防止冤假错案，体现人权保障。

---

### 5. **控辩平等原则**
   - **内容**：在刑事诉讼中，控诉方和辩护方享有平等的诉讼权利，司法机关应当保障双方平等地行使权利。
   - **意义**：确保诉讼程序的公平性，防止控方权力过大。

---

### 6. **无罪推定原则**
   - **内容**：在刑事诉讼中，未经人民法院依法判决，对任何人不得确定有罪。
   - **意义**：保护被告人的合法权益，防止滥用刑罚。

---

### 7. **证据裁判原则**
   - **内容**：刑事案件的定罪量刑必须以证据为依据，证据必须经过法定程序查证属实。
   - **意义**：确保案件处理的客观性和公正性，防止主观臆断。

---

### 8. **公开审判原则**
   - **内容**：人民法院审理案件，除涉及国家秘密、个人隐私或未成年人犯罪等特殊情况外，应当公开进行。
   - **意义**：保障公众的知情权，增强司法透明度和公信力。

---

### 9. **两审终审制原则**
   - **内容**：刑事案件实行两审终审制，即案件经过两级法院审理后，判决即发生法律效力。
   - **意义**：确保案件处理的慎重性和权威性，防止草率结案。

---

### 10. **审判独立原则**
   - **内容**：人民法院依法独立行使审判权，法官在审判案件时，只服从法律。
   - **意义**：保障司法公正，防止外界干预。

---

### 11. **辩护制度原则**
   - **内容**：犯罪嫌疑人、被告人有权获得辩护，司法机关应当保障其辩护权的实现。
   - **意义**：维护被告人的合法权益，体现司法公正。

---

### 12. **追诉时效原则**
   - **内容**：刑事案件的追诉必须在法定的时效期限内进行，超过追诉时效的，不再追究刑事责任。
   - **意义**：体现法律的稳定性和宽容性。

---

以上是我国刑事诉讼的基本原则的主要内容。这些原则共同构成了我国刑事诉讼制度的基本框架，确保刑事诉讼活动的合法、公正和高效。","一、侦查权、检察权、审判权由专门机关依法行使原则 《刑事诉讼法》第3条第1款规定：“对刑事案件的侦查、拘留、执行速捕、预审，由公安机关负责。检察、批准逮捕、检察机关直接受理的案件的侦查、提起公诉，由人民检察院负责。审判由人民法院负责。除法律特别规定的以外，其他任何机关、团体和个人都无权行使这些权力。“第4条规定：“国家安全机关依照法律规定，办理危害国家安全的刑事案件，行使与公安机关相同的职权。“第308条第1、2、3款规定：“军队保卫部门对军队内部发生的刑事案件行使侦查权。中国海警局履行海上维权执法职责，对海上发生的刑事案件行使侦查权。对罪犯在监狱内犯罪的案件由监狱进行侦查。”上述规定确立了＂侦查权、检察权、审判权由专门机关依法行使原则”，简称“专门机关依法行使职权原则”。正确理解和严格遵守这一原则，需要注意以下基本要求：第一，侦查权、检察权、审判权由公安机关、人民检察院、人民法院分别行使，非法定主体不得行使上述权力。公安机关、人民检察院、入民法院是刑事诉讼中专门行使侦查权、检察权和审判权的机关，除法律特别规定的以外，其他任何机关、团体和个人都无权行使这些权力。这是维护刑事法治的要求，是职权法定原则的体现。由于刑事诉讼事关公民的生命与自由等基本权利，侦查权、检察权、审判权如果不赋予专门机关行使，就可能出现私设公堂和滥用私刑的现象。准确理解这一原则，还需要注意关于侦查权行使主体的特别规定。《刑事诉讼法》和最高人民法院、最高人民检察院、公安部、司法部、海关总署于1998年12月3日联合发布的《关于走私犯罪侦查机关办理走私犯罪案件适用刑事诉讼程序若干问题的通知》对行使侦查权的机关作了特别规定，包括：(1)国家安全机关负责危害国家安全刑事案件的侦查；(2)监狱负责罪犯在监狱内犯罪案件的侦查；(3)军队保卫部门负责军队内部发生的刑事案件的侦查；(4)海关走私犯罪侦查部门负责走私犯罪案件的侦查；(5)中国海警局负责海上发生的刑事案件的侦查。这些是由法律明确规定的，属于“法律特别规定的”情形。这里的“特别规定”只是针对侦查权而言的，对于检察权和审判权则没有任何特别规定。第二，公安机关、人民检察院、人民法院在刑事诉讼中必须依照法律规定行使侦查权、检察权和审判权。公安机关、人民检察院、人民法院在行使各自职权办理刑事案件的过程中，必须严格遵守法律规定的诉讼程序，只有严格依照法律规定行使侦查权、检察权和审判权，才能保证刑事诉讼既能完成惩治犯罪的任务，又能充分保障人权，防止出现侦查权、检察权和审判权的滥用现象。第三，公安机关、人民检察院、人民法院行使的侦查权、检察权和审判权具有国家权力的属性，这些权力均具有强制性。这些机关行使这些权力不受当事人及其他诉讼参与人意志的约束，任何公民和有关机关、团体及企事业单位均无权拒绝。第四，公安机关、人民检察院、人民法院在刑事诉讼中分别行使各自职权，不能相互代替或者超越本机关的职权。这一原则包含了诉讼职能分离的精神，是人类刑事司法制度的一大进步，改变了封建社会司法官集侦查、起诉和审判职能于一身的状况。公安机关作为侦查机关，检察机关作为侦查机关和公诉机关，不能行使带有裁判性质的权力；人民法院作为审判机关，只能行使审理和裁判权，不得实施追诉犯罪的活动。根据这一原则，不允许对刑事案件进行所谓的“联合办案”,不允许召开“三长会”、协调会。二、人民法院、人民检察院依法独立行使审判权、检察权原则《宪法》第131条规定：“人民法院依照法律规定独立行使审判权，不受行政机关、社会团体和个人的干涉。”第136条规定：“人民检察院依照法律规定独立行使检察权，不受行政机关、社会团体和个人的干涉。”《刑事诉讼法》第5条规定：“人民法院依照法律规定独立行使审判权，人民检察院依照法律规定独立行使检察权，不受行政机关、社会团体和个人的干涉。”上述规定确立了“人民法院、人民检察院依法独立行使审判权、检察权原则”。三、以事实为根据，以法律为准绳原则 《刑事诉讼法》第6条规定，“人民法院、人民检察院和公安机关进行刑事诉讼＂，“必须以事实为根据，以法律为准绳＂。上述规定确立了以事实为根据、以法律为准绳原则。这一原则是我国司法工作的经验总结，是刑事诉讼、民事诉讼和行政诉讼共同适用的基本原则。以事实为根据，以法律为准绳原则包含以下两个方面的内容：第一，以事实为根据，要求刑事诉讼活动必须查明案件的事实真相，对案件的处理必须建立在查清事实的基础之上。以事实为根据，是正确惩罚犯罪，防止冤假错案，保障无罪的人不受刑事追究的根本保证。一个人是否犯罪，罪轻还是罪重，必须以事实为根据。所谓“事实”，是指有证据证明且经查证属实的事实，要求对事实的认定必须以证据为基础，不能凭主观想象、推测、怀疑认定事实。在查清事实时，不仅要注意实体法的规定，还要注重程序法的要求，特别是证据法的重要作用。第二，以法律为准绳，要求刑事诉讼活动必须遵循法律规定进行，要在查明案件事实的基础之上，准确地适用法律。具体而言，是否立案，是否采取强制措施，是否侦查终结，是否提起公诉，判决有罪或者无罪，各种诉讼行为都必须依照法律规定进行。在实体上，应当依照《刑法》规定判定被追诉人是否有罪以及如何定罪科刑；在程序上，人民法院、人民检察院和公安机关的诉讼活动应当严格按照《刑事诉讼法》的规定进行，保证诉讼行为的合法性，切实保障诉讼参与人的合法权益。以事实为根据，以法律为准绳，是正确处理案件的两个方面，二者紧密联系，相辅相成，共同构成了对人民法院、人民检察院、公安机关进行刑事诉讼活动的要求。查明事实是前提，是基础和根据，如果事实没有查清，就无法准确适用法律；法律是标准、尺度，如果没有以法律为准绳，即便查明了事实，也无法准确地定罪量刑以有效实现国家刑罚权。只有将两者相结合，才能完成刑事诉讼的任务要求。四、依靠群众原则社会秩序的维护和人民群众的根本利益密切相关，为此，人民群众也有义务协助公安司法机关参与刑事诉讼。我国《刑事诉讼法》及相关法律解释对人民群众参与刑事诉讼有明确规定。《刑事诉讼法》第6条规定：“人民法院、人民检察院和公安机关进行刑事诉讼，必须依靠群众……”上述规定确立了依靠群众原则。依靠群众是人民司法的优良传统，是全过程人民民主在刑事诉讼中的具体体现，也是一项刑事诉讼基本原则。公安部《规定》第4条重申了公安机关必须贯彻这一原则：“公安机关进行刑事诉讼，必须依靠群众……”在立案和侦查阶段，第169条规定：“公安机关对于公民扭送、报案、控告、举报或者犯罪嫌疑人自动投案的，都应当立即接受，问明情况，并制作笔录，经核对无误后，由扭送人、报案人、控告人、举报人、投案人签名、捺指印。必要时，应当对接受过程录音录像。”第194条第1款规定：“公安机关开展勘验、检查、搜查、辨认、查封、扣押等侦查活动，应当邀请有关公民作为见证人。”人民检察院在刑事诉讼中也需要人民群众的协助，最高人民检察院《规则》第191条规定：“人民检察院在侦查过程中，应当及时询问证人，并且告知证人履行作证的权利和义务。人民检察院应当保证一切与案件有关或者了解案情的公民有客观充分地提供证据的条件，并为他们保守秘密。除特殊情况外，人民检察院可以吸收他们协助调查。“自2003年以来，最高入民检察院主导建立并施行了人民监督员制度，也体现了依靠群众原则。根据《人民检察院审查案件听证工作规定》，人民检察院办理审查逮捕案件、羁押必要性审查案件、拟不起诉案件、刑事申诉案件，经检察长批准，可以召开听证会。以听证方式审查案件，同样体现了依靠群众原则。在审判阶段，人民陪审员制度是运用群众智慧、实现司法民主的集中体现，直接反映了依靠群众原则。刑事诉讼是一个复杂的过程，在发现犯罪、收集证据、证实犯罪、定罪和显刑等环节，人民群众可以帮助公安司法机关及时、高效地进行诉讼活动。在实践中，对于很多案件的侦破，入民群众均提供了有效的线索；在案件的起诉和审判活动中，入民群众通过出庭作证等形式发挥了重要作用；在执行工作中，社区矫正等执行环节也离不开人民群众的参与。五、分工负责、互相配合、互相制约原则 《宪法》第140条规定：“人民法院、人民检察院和公安机关办理刑事案件，应当分工负责，互相配合，互相制约，以保证准确有效地执行法律。”《刑事诉讼法》第7条规定：“人民法院、人民检察院和公安机关进行刑事诉讼，应当分工负责，互相配合，互相制约，以保证准确有效地执行法律。”由此，分工负责、互相配合、互相制约成为调整刑事诉讼中人民法院、人民检察院、公安机关之间关系的基本准则，也是一项宪法性的刑事诉讼基本原则。六、人民检察院依法对刑事诉讼实行法律监督原则《刑事诉讼法》第8条规定：“人民检察院依法对刑事诉讼实行法律监督。”上述规定确立了人民检察院依法对刑事诉讼实行法律监督原则，简称检察监督原则。人民检察院依法对刑事诉讼实行法律监督，是由人民检察院的性质以及人民检察院在国家机关中的地位和作用决定的。根据《宪法》第134条的规定，人民检察院是国家的法律监督机关，其基本职责就是要监督国家法律的正确实施。刑事诉讼作为重要的国家活动，能否正确地实施国家法律，应成为人民检察院监督的范围。七、审判公开原则 （一）审判公开原则的含义和内容 审判公开原则是指人民法院审理案件和宣告判决，都公开进行，允许公民到法庭旁听，允许新闻记者采访和报道，即将法庭审判的全部过程，除休庭评议外，都公之于众。八、有权获得辩护原则 有权获得辩护原则是指犯罪嫌疑人、被告人有权获得辩护，人民法院、人民检察院、公安机关应当保障犯罪赚疑人、被告入获得辩护的一项基本原则。《宪法》第130 条规定”被告人有权获得辩护＂。《刑事诉讼法》第11 条规定；“......被告人有权获得辩护，人民法院有义务保证被告人获得辩护。”《刑事诉讼法》14条第1款再次强调了人民法院、人民检察院和公安机关应当保障犯罪嫌疑人、被告人依法享有的辩护权。因此，有权获得辩护原则是一项宪法性的刑事诉讼基本原则。人民法院、人民检察院和公安机关应当切实保障犯罪嫌疑人、被告人行使辩护权，不得以任何理由和借口加以限制或者剥夺。九、未经人民法院依法判决对任何人都不得确定有罪原则《刑事诉讼法》第12条规定：“未经人民法院依法判决，对任何人都不得确定有罪。＂该条确立了未经人民法院依法判决对任何人都不得确定有罪原则，它吸取了国际通行刑事诉讼基本原则“无罪推定原则”的基本精神。十、认罪认罚从宽原则（一）认罪认罚从宽原则的确立过程我国刑事法律一直坚持贯彻宽严相济的刑事政策。认罪认罚从宽原则是贯彻宽严相济刑事政策在实体法与程序法上的双监体现。"
70,提起审判监督程序的条件（P356）,"根据《中华人民共和国民事诉讼法》的相关规定，提起审判监督程序的条件主要包括以下几个方面：

1. **法定事由**：  
   提起审判监督程序必须基于法定事由。根据《民事诉讼法》第200条，以下情形可以申请再审：  
   - 有新的证据，足以推翻原判决、裁定的；  
   - 原判决、裁定认定的基本事实缺乏证据证明的；  
   - 原判决、裁定认定事实的主要证据是伪造的；  
   - 原判决、裁定认定事实的主要证据未经质证的；  
   - 对审理案件需要的主要证据当事人因客观原因无法收集，申请人民法院调查收集，人民法院未调查收集的；  
   - 原判决、裁定适用法律确有错误的；  
   - 审判人员在审理案件时有贪污受贿、徇私舞弊、枉法裁判行为的；  
   - 违反法律规定，剥夺当事人辩论权利的；  
   - 未依法开庭审理的；  
   - 无诉讼行为能力人未经法定代理人代为诉讼，或者应当参加诉讼的当事人因不可归责于本人的原因未参加诉讼的；  
   - 判决、裁定遗漏或者超出诉讼请求的；  
   - 据以作出原判决、裁定的法律文书被撤销或者变更的。

2. **申请主体**：  
   再审申请人必须是案件的当事人或其法定代理人。与案件有直接利害关系的第三人也可以申请再审。

3. **申请期限**：  
   再审申请应当在判决、裁定发生法律效力后六个月内提出。如果申请人因不可抗力或者其他正当理由耽误申请期限的，可以在障碍消除后十日内申请。

4. **案件范围**：  
   审判监督程序适用于已经发生法律效力的判决、裁定和调解书。

5. **程序要求**：  
   再审申请人应当向有管辖权的人民法院提交书面申请，并附具相关证据材料。

需要注意的是，审判监督程序是对生效裁判的救济程序，旨在纠正确有错误的裁判，维护司法公正和权威。",提起审判监督程序的条件，也称提起审判监督程序的理由，概括地说，是在认定事实上或者在适用法律上确有错误＂。具体包括：（一）认定事实上的错误，认定事实上的错误包括以下情形： （1)对人的认定错误，如将某人错误认定为另一个人、将未成年人错误认定为成年人或者将成年人错误认定为未成年人等。(2)对事实认定错误，包括将不存在的事实认定为存在、将存在的事实认定为不存在、主要犯罪事实不清、影响定罪盐刑的重大情节不清等。事实不清，在证据方面表现为：据以认定案件事实的证据不真实却被错误认定为真实；证据与案件事实之间无关联性却被错误认定为有关联性；证据之间有矛盾且矛盾不能得以合理排除，或者所得的结论不唯一，不能排除其他可能等，却据以作出了有罪判决；等等。（二）适用法律上的错误适用法律上的错误，包括以下情形：(1)适用实体法有误。诸如：定性错误，混淆了罪与非罪、此罪与彼罪的界限；世刑错误，将轻罪定为重罪，或者将重罪定为轻罪，造成揽刑畸轻畸重。 (2)适用程序法有误。诸如：违反公开审判、回避制度，审判方法不合法，剥夺或限制当事人的法定权利可能影响公正审判等。 (3)适用证据法有误。诸如：应当排除非法证据却没有排除、采纳了没有证据能力的证据、错误地排除了有证据能力的证据。
59,逃税罪的概念与构成特征（P94、95）,"逃税罪是指纳税人采取欺骗、隐瞒等手段，不缴或者少缴应纳税款，数额较大的行为。根据中国《刑法》第201条的规定，逃税罪的概念与构成特征主要包括以下几个方面：

---

### **一、逃税罪的概念**
逃税罪是指纳税人或扣缴义务人采取虚假的纳税申报、不申报或者伪造、变造账簿、记账凭证等手段，逃避缴纳税款，数额较大并且占应纳税额一定比例的行为。

---

### **二、逃税罪的构成特征**
1. **客体特征**  
   逃税罪侵犯的客体是国家的税收征管制度。税收是国家财政收入的重要来源，逃税行为直接损害了国家的税收利益。

2. **客观方面**  
   行为人实施了逃避缴纳税款的行为，具体表现为：
   - 伪造、变造、隐匿、擅自销毁账簿、记账凭证；
   - 在账簿上多列支出或者不列、少列收入；
   - 进行虚假的纳税申报或者不申报；
   - 其他逃避缴纳税款的行为。  
   这些行为必须导致不缴或者少缴税款，且达到“数额较大”的标准。

3. **主体特征**  
   本罪的主体是一般主体，包括纳税人和扣缴义务人。纳税人可以是自然人，也可以是单位。

4. **主观方面**  
   本罪在主观方面表现为故意，即行为人明知自己的行为会导致逃避缴纳税款的后果，仍然实施了相关行为。过失不构成逃税罪。

---

### **三、法律后果**
根据《刑法》第201条的规定，逃税罪的处罚包括罚金、拘役或者有期徒刑。对于初次逃税且在税务机关依法下达追缴通知后补缴税款并缴纳滞纳金的，可以免除刑事处罚。

---

以上是逃税罪的概念与构成特征的简要总结。",逃税罪，是指纳税人或者扣缴义务人违反税收法律法规，逃税数额较大且达到应纳税额一定比例的行为。本罪的构成特征是：1.本罪侵犯的客体是税收征收管理秩序。2.本罪在客观方面表现为采取伪造、变造、隐匿、擅自销毁账簿、记账凭证，在账簿上多列支出或者不列、少列收人，经税务机关通知而拒不申报或者进行虚假的纳税申报手段，不缴或少缴应缴税款，逃税数额较大的行为。根据最高人民检察院、公安部2010年《关于公安机关管辖的刑事案件立案追诉标准的规定(二）》，对于纳税人而言，数额较大，是指逃税数额占应缴税款的 10%以上并且数额在 5 万元以上；对于扣缴义务人而言，数额较大，是指逃税数额在 5 万元以上。多次逃税未经处理的，按照累计税额计算。其他严重情节，是指因逃税被税务机关给予2次行政处罚又逃税的。本罪客观行为的形式究竟是作为还是不作为，学界存在一定争议。有观点认为，逃税罪的客观行为属于不作为，因为逃税行为是一种不履行纳税义务的行为；另有观点认为，逃税罪的客观行为属于作为，因为逃税罪必须通过“逃”的行为来实现，因而从行为的手段角度分析，逃税行为属于作为。本书认为，判断某一犯罪客观行为形式属于作为还是不作为，应当以行为人是否具有特定的义务作为依据：如果行为人具有某项特定的义务，该罪中客观行为的形式即应属于不作为。应该看到，在逃税罪中，纳税人和扣缴义务人具有缴纳税款的义务。正因为纳税人和扣缴义务人违背了缴纳税款的义务，应缴纳税款而不缴纳，所以司法机关才认定其构成逃税罪。就此而言，逃税罪中的客观行为属于不作为。3.本罪的主体是特殊主体，即纳税人和扣缴义务人。根据《税收征收管理法》第4条的规定，纳税人，是指法律、行政法规规定负有纳税义务的单位和个人。扣缴义务人，是指法律、行政法规规定负有代扣代缴、代收代缴税款义务的单位和个人。本罪既可以由自然人构成，也可以由单位构成。4.本罪的主观方面为故意，且行为人主观上具有非法占有应缴税款的目的。
60,抢劫罪的概念与构成特征（P162-166）,"抢劫罪是指以非法占有为目的，以暴力、胁迫或者其他方法，强行劫取公私财物的行为。它是刑法中侵犯财产罪的一种，同时也侵犯了公民的人身权利。以下是抢劫罪的概念与构成特征的详细分析：

---

### 一、抢劫罪的概念
抢劫罪是指行为人以非法占有为目的，通过暴力、胁迫或者其他足以使被害人不能反抗或者不敢反抗的方法，强行劫取公私财物的行为。抢劫罪具有双重客体，即既侵犯了财产权利，又侵犯了人身权利。

---

### 二、抢劫罪的构成特征

#### 1. **客体特征**
抢劫罪侵犯的客体是复杂客体，包括：
- **直接客体**：公私财物的所有权。
- **间接客体**：公民的人身权利（如人身自由、身体健康等）。

#### 2. **客观方面**
抢劫罪在客观方面表现为：
- **行为方式**：行为人通过暴力、胁迫或者其他方法，强行劫取财物。
  - **暴力**：对被害人身体实施的强制性行为，如殴打、捆绑等。
  - **胁迫**：以实施暴力、杀害、伤害等威胁，使被害人产生恐惧心理。
  - **其他方法**：如麻醉、迷药等使被害人丧失反抗能力。
- **结果**：行为人通过上述手段实际取得财物，或者因行为人意志以外的原因未能得逞（未遂）。

#### 3. **主体特征**
抢劫罪的主体是一般主体，即年满16周岁、具有刑事责任能力的自然人。

#### 4. **主观方面**
抢劫罪在主观方面表现为直接故意，并且具有非法占有公私财物的目的。行为人必须具有非法占有的目的，否则不构成抢劫罪。

---

### 三、抢劫罪的特殊情形
根据刑法规定，以下情形属于抢劫罪的加重情节：
1. 入户抢劫。
2. 在公共交通工具上抢劫。
3. 抢劫银行或者其他金融机构。
4. 多次抢劫或者抢劫数额巨大。
5. 抢劫致人重伤、死亡。
6. 持枪抢劫。
7. 抢劫军用物资或者抢险、救灾、救济物资。

上述情形会导致刑罚的加重。

---

### 四、抢劫罪与相关犯罪的区分
1. **抢劫罪与盗窃罪**：抢劫罪以暴力、胁迫等手段取得财物，而盗窃罪是秘密窃取财物。
2. **抢劫罪与敲诈勒索罪**：抢劫罪中的胁迫是直接、紧迫的，而敲诈勒索罪中的胁迫通常是间接的、非紧迫的。
3. **抢劫罪与故意伤害罪**：抢劫罪的目的是非法占有财物，而故意伤害罪的目的是伤害他人身体。

---

以上是抢劫罪的概念与构成特征的详细内容，希望对你有所帮助！",抢劫罪，是指以非法占有为目的，以暴力、胁迫或者其他令被害人不能抗拒的方法，当场强行劫取公私财物的行为。本罪的构成特征是：1.本罪侵犯的客体为复杂客体，即公私财产所有权和人身权。根据我国刑法的规定，抢劫罪的犯罪对象为公私财物。在司法实践中，抢劫对象多为有形动产，是否应包括不动产，理论上存在争议。例如，甲采用暴力、胁迫方法，强占乙的住房，是否构成抢劫罪？有观点认为，不能构成抢劫罪。其理由是：抢劫罪以当场占有公私财物为特点，不动产不可能当场占有。另有观点认为，应当构成抢劫罪。强占他人住房，事实上已经将他人的房屋转移到自己的支配之下，构成抢劫罪。本书认为，我国刑法虽无明文规定，但从有利于保护公私财产和人身安全的角度出发，不宜将不动产一概排除在抢劫罪的对象之外。2.本罪在客观方面表现为以暴力、胁迫或者其他方法，当场强行劫取公私财物的行为。抢劫罪的实行行为是一种复合行为，即由方法行为和目的行为构成。方法行为，是指为劫取财物而实施的暴力、胁迫或者其他行为。目的行为，是指当场夺取财物或者迫使他人当场交付财物的行为。二者紧密结合，构成完整的抢劫行为，缺一不可。3.本罪的主体为一般主体。根据《刑法》第17条的规定，已满 14 周岁不满16 周岁的人犯抢劫罪的，应当负刑事责任。同时，根据最高人民法院《未成年人解释》第 10 条第 1 款规定，已满 14 周岁不满 16 周岁的人盗窃、诈骗、抢夺他人财物，为窝藏赃物、抗拒抓捕或者毁灭罪证，当场使用暴力，故意伤害致人重伤或者死亡，或者故意杀人的，应当分别以故意伤害罪或者故意杀人罪定罪处罚。4.本罪的主观方面表现为直接故意，并且具有非法占有公私财物的目的。至于出于何种动机，一般不影响定罪，但是可以作为量刑情节考虑。
50,的犯罪中止形态的特征（P223、224）,"犯罪中止是指在犯罪过程中，行为人自动放弃犯罪或者自动有效地防止犯罪结果发生的行为。根据中国刑法理论，犯罪中止具有以下特征：

1. **犯罪中止发生在犯罪过程中**  
   犯罪中止必须发生在犯罪行为尚未完成或者犯罪结果尚未发生的阶段。如果犯罪行为已经完成，或者犯罪结果已经发生，则不可能构成犯罪中止，而可能涉及其他法律后果。

2. **行为人自动放弃犯罪或者自动有效地防止犯罪结果发生**  
   犯罪中止的关键在于行为人的“自动性”。自动性是指行为人出于自己的意志主动停止犯罪，而不是因为外界的强制、阻碍或不可抗力等原因被迫停止犯罪。如果行为人因外界原因被迫停止犯罪，则不构成犯罪中止。

3. **犯罪中止必须是有效的**  
   犯罪中止要求行为人采取的措施能够有效地防止犯罪结果的发生。如果行为人虽然有中止犯罪的意图，但其行为未能有效阻止犯罪结果的发生，则不能认定为犯罪中止。

4. **犯罪中止的主观动机不影响中止的成立**  
   行为人中止犯罪的动机可以多种多样，例如害怕法律制裁、良心发现、同情被害人等，但这些动机并不影响犯罪中止的成立。只要行为人是自动中止犯罪，并且有效地防止了犯罪结果的发生，就可以认定为犯罪中止。

根据《中华人民共和国刑法》第24条的规定，犯罪中止的行为人可以依法减轻或者免除处罚。","1.犯罪中止必须发生在“犯罪过程中”。所谓“犯罪过程中”,即从犯罪预备行为发生开始,到犯罪既遂状态以前这段时间内,且犯罪又处于运动中而尚未停止下来呈现出预备或未遂形态。详言之,这一时间概念包含两个方面的意思:一方面,犯罪中止既可以发生在犯罪预备阶段,也可以发生在犯罪实行阶段;另一方面,犯罪行为在中止前尚未停止下来呈现结局性的形态。如果此前行为已经在犯罪预备阶段呈现犯罪预备的形态,或者在犯罪实行阶段呈现犯罪未遂或犯罪既遂的形态,都不能成立犯罪中止。特别要强调的是,在犯罪既遂之后的悔罪行为——如盗窃后将窃取的财物归还失主的行为,不能被认定为犯罪中止行为,对其犯罪形态也不能认定为犯罪中止形态。2.客观上存在放弃犯罪的中止行为。所谓放弃犯罪,是指在犯罪过程中停止实施犯罪,因而犯罪构成所规定的危害结果不会发生的情形。放弃犯罪既包括在预备阶段停止犯罪预备行为,使犯罪构成所规定的危害结果不会发生;也包括在实行阶段,行为人在危害结果发生之前停止犯罪行为,而使危害结果不会发生。需要指出的是,这里的危害结果不会发生,仅仅是指属于犯罪构成的特定危害结果不会发生,而不是说其他的损害结果(非构成要件结果)都没有发生。实际上,放弃犯罪的中止犯罪形态可能会出现其他不属于构成要件的危害结果。例如,故意杀人罪的行为人在挥刀砍杀他人过程中中止了故意杀人行为,故意杀人罪的犯罪构成要求的死亡结果没有发生,而仅仅发生了不属于本罪构成要件的轻伤害结果,而此时只要行为人停止杀害行为,作为构成要件的死亡结果就不会再出现。因此,这种停止杀人的情况即属于放弃犯罪的中止行为。3.行为人放弃犯罪是出于自动的原因。必须具备自动性,这是犯罪中止形态的本质特征。所谓中止的自动性,应被理解为行为人主动放弃犯罪,即在没有任何外界因素阻止下,行为人出于自己的意志而停止犯罪。详言之,自动是指行为人认识到或认为自己可以继续实施犯罪或者可能既遂,但自愿放弃原来的犯罪行为,不再继续犯罪。至于客观上他能否继续实施犯罪或完成犯罪,并不影响行为人这种停止犯罪之自动性的成立。当然,如果有证据表明行为人不是出于自己的意志,而是认识到外界原因导致犯罪不能继续实施或不能完成,而被迫放弃犯罪的,则不能成立犯罪中止,而只能被认定为犯罪未遂。例如,行为人发觉所欲盗窃的小区加强了保安巡逻,因担心被抓获而被迫停止盗窃犯罪的,就不属于犯罪中止。4.中止行为具有彻底性。所谓中止行为的彻底性,是指行为人主观上彻底放弃犯罪,而不是暂时停下来等待犯罪时机成熟之后再继续犯罪。中止行为的彻底性表明了行为人的人身危险性已经消除。当然,这种行为人的人身危险性消除并不是指行为人以后终身不会再犯罪,而是指就其所放弃的具体犯罪而言,行为人已经完全地从主观上决意停止继续实施该犯罪。"
43,刑事责任年龄（P143-148）,"您提到的“刑事责任年龄”以及相关的页码（P143-148）似乎是某本书中的内容。由于我无法直接访问具体书籍的内容，您可以告诉我您需要了解的具体问题或主题，我可以根据我的知识为您提供相关的解释和信息。

以下是关于刑事责任年龄的一些基本信息（以中国法律为例）：

### 刑事责任年龄的划分（根据《中华人民共和国刑法》）
1. **完全不负刑事责任的年龄**：
   - **未满14周岁**的未成年人，不负刑事责任。
   - 即使实施了危害社会的行为，也不追究刑事责任，但可以责令其监护人加以管教；在必要时，由政府收容教养。

2. **相对负刑事责任的年龄**：
   - **已满14周岁不满16周岁**的未成年人，原则上不负刑事责任。
   - 但如果实施了《刑法》第17条规定的**八种严重犯罪**（如故意杀人、故意伤害致人重伤或死亡、强奸、抢劫、贩毒等），则应当负刑事责任。

3. **完全负刑事责任的年龄**：
   - **已满16周岁**的公民，实施犯罪行为，应当负刑事责任。

4. **特殊情况**：
   - **已满14周岁不满18周岁**的未成年人犯罪，应当从轻或减轻处罚。
   - **不满18周岁**的未成年人犯罪，不适用死刑。

### 刑事责任年龄的调整
近年来，随着社会发展和未成年人犯罪问题的变化，刑事责任年龄的调整成为社会关注的热点。例如，部分国家和地区对某些严重犯罪行为的刑事责任年龄进行了下调。

如果您有更具体的问题或需要更详细的解释，请告诉我！","第一,完全不负刑事责任年龄阶段。按照《刑法》第17条的规定,不满14周岁,是完全不负刑事责任年龄的阶段。一般地说,不满14周岁的人尚处于幼年时期,还不具备辨认和控制自己行为的能力,即不具备责任能力。因而法律规定,对不满14周岁的人所实施的危害社会的行为,一概不追究刑事责任。但应当注意,对于因不满14周岁实施了危害社会行为而不追究刑事责任的人,应依法责令其家长或监护人加以管教,也可视需要对接近14周岁,如12一13周岁的人由政府收容教养。第二,相对负刑事责任年龄阶段。按照《刑法》第17条第2款的规定,已满14周岁不满16周岁,是相对负刑事责任年龄阶段,也称相对无刑事责任年龄阶段。达到这个年龄阶段的人,已经具备了一定的辨别行为的大是大非的能力和控制能力,即对某些严重危害社会的行为具备一定的辨认和控制能力。因此,刑法规定他们对自己实施的严重危害社会的行为负刑事责任。《刑法》第17条第2款规定:“已满十四周岁不满十六周岁的人,犯故意杀人、故意伤害致人重伤或者死亡、强奸、抢劫、贩卖毒品、放火、爆炸、投毒罪的,应当负刑事责任。”第三,完全负刑事责任年龄阶段。按照《刑法》第17条第1款的规定,已满16周岁的人进入完全负刑事责任年龄阶段。由于已满16周岁的未成年人的体力和智力已有相当的发展,具有了一定的社会知识,是非观念和法制观念的增长已经达到一定的程度,一般已能够根据国家法律和社会道德规范的要求来约束自己,因而他们已经具备了基本的刑法意义上辨认和控制自己行为的能力。基于此,我国刑法规定已满16周岁的人原则上可以构成刑法中所有的犯罪,要求他们对自己实施的刑法所禁止的一切危害行为承担刑事责任。"
46,正当防卫的概念与特征（P193、194）,"正当防卫是指为了保护国家、公共利益、本人或者他人的人身、财产和其他权利免受正在进行的不法侵害，而采取的制止不法侵害的行为。正当防卫是法律赋予公民的一种权利，其目的是为了制止不法侵害，保护合法权益。

### 正当防卫的特征：
1. **目的正当性**：  
   正当防卫的目的是为了保护国家、公共利益、本人或者他人的合法权益免受不法侵害，而不是为了报复、泄愤或其他非法目的。

2. **侵害的现实性**：  
   正当防卫必须针对正在进行的不法侵害。不法侵害必须是现实存在的，而不是假想的、已经结束的或者尚未开始的。

3. **防卫的针对性**：  
   正当防卫必须针对不法侵害人本人实施，不能针对无关人员。

4. **防卫的必要性**：  
   正当防卫必须是为了制止不法侵害所必需的行为，防卫行为应当与侵害行为相适应，不能明显超过必要限度。

5. **防卫的合法性**：  
   正当防卫是法律允许的行为，不属于违法行为，因此不负刑事责任。

正当防卫的核心在于保护合法权益，同时要求防卫行为与侵害行为之间保持必要的平衡，不能明显超过必要限度，否则可能构成防卫过当。","《刑法》第20条规定:“为了使国家、公共利益、本人或者他人的人身、财产和其他权利免受正在进行的不法侵害,而采取的制止不法侵害的行为,对不法侵害人造成损害的,属于正当防卫,不负刑事责任。正当防卫明显超过必要限度造成重大损害的,应当负刑事责任,但是应当减轻或者免除处罚。”从这一规定可以看出,正当防卫是指为了使国家、公共利益、本人或者他人的人身、财产和其他权利免受正在进行的不法侵害,而对不法侵害者实施的制止其不法侵害且未明显超过必要限度造成重大损害的行为。从《刑法》对正当防卫的规定以及正当防卫的概念来看,正当防卫主要具有如下特征:第一,正当防卫一般是通过对不法侵害人的人身反击行为来实施的,从而具有杀人、伤害的行为表现。如果客观上不具有杀人、伤害的行为表现或行为结果,则属于制止不法侵害的一般行为或者属于擒拿或控制不法侵害人,而不属于刑法中正当防卫的范畴。当然,通过毁损不法侵害人财产来实施反击的行为,也可能成立正当防卫。第二,正当防卫是针对不法侵害行为实施的正当、合法行为。正当防卫是一种面临不法侵害而实施的人身反击行为,是为了制止不法侵害行为的继续进行而被动进行的防卫手段,其实质是一种受到国家法律保护、支持和鼓励的私力救济行为。第三,正当防卫的目的是使国家、公共利益或者公民的个人权益免受正在进行的不法侵害。正当防卫是为了保护合法权益而派生的一种辅助性权利,它不仅不具有社会危害性,相反还在一定程度上弥补了国家公力救济的不足,其目的具有合法性。"
53,刑罚的种类(p304-305),"刑罚的种类是指刑法中规定的对犯罪分子适用的具体处罚措施。根据《中华人民共和国刑法》的规定，刑罚分为**主刑**和**附加刑**两大类。

---

### 一、主刑
主刑是对犯罪分子适用的基本刑罚，具有独立性，不能与其他主刑并罚。主刑包括以下五种：

1. **管制**  
   - 是对犯罪分子不予关押，但限制其一定自由，由公安机关执行的刑罚。
   - 期限为3个月以上2年以下，数罪并罚时不得超过3年。

2. **拘役**  
   - 是短期剥夺犯罪分子人身自由，由公安机关就近执行的刑罚。
   - 期限为1个月以上6个月以下，数罪并罚时不得超过1年。

3. **有期徒刑**  
   - 是剥夺犯罪分子一定期限的人身自由，由监狱或其他执行机关执行的刑罚。
   - 期限为6个月以上15年以下，数罪并罚时不得超过20年。

4. **无期徒刑**  
   - 是剥夺犯罪分子终身自由的刑罚。
   - 在特定条件下可以依法减刑。

5. **死刑**  
   - 是剥夺犯罪分子生命的刑罚。
   - 适用于罪行极其严重的犯罪分子，分为死刑立即执行和死刑缓期两年执行（死缓）。

---

### 二、附加刑
附加刑是可以独立适用，也可以附加适用于主刑的刑罚。附加刑包括以下四种：

1. **罚金**  
   - 是强制犯罪分子向国家缴纳一定数额金钱的刑罚。
   - 适用时应根据犯罪情节和犯罪分子的经济状况决定。

2. **剥夺政治权利**  
   - 是剥夺犯罪分子参加国家管理和政治活动权利的刑罚。
   - 可以附加适用于主刑，也可以独立适用。

3. **没收财产**  
   - 是将犯罪分子个人所有的部分或全部财产强制收归国有的刑罚。
   - 应当保留犯罪分子及其家属的基本生活必需品。

4. **驱逐出境**  
   - 是对犯罪的外国人适用的刑罚，强制其离开中国国境。
   - 可以独立适用，也可以附加适用。

---

### 三、主刑与附加刑的关系
- 主刑和附加刑可以单独适用，也可以同时适用。
- 主刑是刑罚的主要形式，附加刑是对主刑的补充。
- 某些附加刑（如罚金、剥夺政治权利）可以独立适用，而主刑不能附加适用其他主刑。

以上是刑罚种类的基本内容。","我国《刑法》总则第三章第一节将刑罚分为两类:一是主刑,包括管制、拘役、有期徒刑、无期徒刑和死刑;二是附加刑,包括罚金、剥夺政治权利、没收财产和驱逐出境。"
42,犯罪的基本特征（P86-88）,"犯罪的基本特征是刑法学中关于犯罪本质的核心内容。根据刑法理论，犯罪具有以下几个基本特征：

### 1. **社会危害性**
   - **定义**：社会危害性是犯罪的本质特征，指行为对社会造成的危害或威胁。
   - **表现**：犯罪行为侵害了刑法所保护的社会关系和法益，如生命、财产、公共安全等。
   - **程度**：社会危害性是区分犯罪与一般违法行为的关键标准。只有达到一定程度的社会危害性，才构成犯罪。

### 2. **刑事违法性**
   - **定义**：刑事违法性是指行为违反了刑法的规定。
   - **表现**：犯罪行为必须是刑法明文规定为犯罪的行为，即“法无明文规定不为罪”。
   - **意义**：刑事违法性是犯罪的法律特征，体现了犯罪的法律属性。

### 3. **应受刑罚惩罚性**
   - **定义**：应受刑罚惩罚性是指犯罪行为应当受到刑罚处罚。
   - **表现**：犯罪行为不仅具有社会危害性和刑事违法性，还需要达到应受刑罚处罚的程度。
   - **意义**：应受刑罚惩罚性是犯罪的必然法律后果，体现了国家对犯罪行为的否定评价和制裁。

### 4. **行为性**
   - **定义**：犯罪必须是人的行为，而不是单纯的思想或意图。
   - **表现**：行为可以是作为（积极的行为）或不作为（消极的行为）。
   - **意义**：仅有犯罪意图而未实施行为的，不构成犯罪。

### 总结
犯罪的基本特征是社会危害性、刑事违法性和应受刑罚惩罚性，这三者共同构成了犯罪的本质属性。其中，社会危害性是犯罪的本质特征，刑事违法性和应受刑罚惩罚性是社会危害性的法律表现形式。","(一)犯罪是具有严重社会危害性的行为行为具有严重的社会危害性,是犯罪最本质最基本的特征。的确,晚近刑法学界始终存在一种对社会危害性理论的批评之声。考察这些持否定态度的观点,不难发现其核心在于担心社会危害性的判断标准模糊,不利于罪刑法定原则的贯彻。但是,否定社会危害性的观点或多或少地存在孤立地看待社会危害性标准,以致将其视为独立判断行为是否构成犯罪的标准的偏见。而实际上,肯定社会危害性标准的学界通说并不认为社会危害性标准可以用来独立判断行为是否构成犯罪,而是一再强调必须与刑事违法性结合起来。所以有学者认为,否定论者在一定程度上是在攻击一个并不存在的目标。离开严重社会危害性这一犯罪的内在本质特征,犯罪概念就成了一具空壳,难免流于空洞苍白。(二)犯罪是具有刑事违法性的行为犯罪是触犯刑事法律的行为,这是犯罪的法律特征。我们知道,违法行为表现形式多样,既有民事、经济违法行为,也有行政违法行为,还有刑事违法行为。犯罪不是一般的违法行为,而是触犯刑事法律的刑事违法行为,是最为严重的违法行为。触犯刑事法律是构成犯罪的前提。例如,小偷小摸属于违反治安管理处罚法的行为;只有盗窃公私财物,数额较大的,或者多次盗窃、入户盗窃、携带凶器盗窃、扒窃的,才能构成刑法中的盗窃罪。如果没有触犯刑事法律,即便该行为具有严重的社会危害性,也不能以犯罪论处。犯罪的严重社会危害性是刑事违法性的基础,也是犯罪的内在本质;犯罪的刑事违法性则是其严重的社会危害性在刑法上的表现。只有当行为不仅具有社会危害性,而且违反了刑法,具有刑事违法性时,才能被认定为犯罪。这是遵循罪刑法定原则的必然要求。犯罪的刑事违法性是主观因素和客观因素的统一。行为人虽然主观上有危害社会的企图,但客观上没有实施危害社会的行为的,不会产生刑事违法的问题;行为虽然客观上造成了严重的危害社会的后果,但行为人主观上不存在故意或者过失的,也不会产生刑事违法性的问题。(三)犯罪是应受刑罚惩罚的行为对于任何违法行为,无论是民事的、行政的还是刑事的,行为人都应当承担相应的法律后果。民事违法行为要承担赔偿损失、返还财产、支付违约金等民事责任;行政违法行为要承担罚款、行政拘留等行政处罚,或者警告、记过、降级、撤职、开除等行政处分。而对于刑事违法行为即犯罪来说,行为人应当承担的法律后果是受到刑罚惩罚。犯罪是适用刑罚的前提,刑罚是犯罪的法律后果。因此,应受刑罚惩罚也是犯罪的一个基本特征。应受惩罚性之特征将犯罪与刑罚这两种社会现象紧密联系起来,它体现出犯罪在引发的法律后果方面迥异于其他一般违法行为的基本个别性,对于我们充分认识犯罪现象无疑是必要的。这一特征表明,如果某一行为不应当受刑罚处罚,也就意味着它不是犯罪。"
38,刑法的体系(P49),"刑法的体系是指刑法的结构和内容的系统化安排。根据刑法学的理论，刑法的体系通常分为以下几个部分：

### 1. **刑法总则**
刑法总则是刑法的基础部分，规定了刑法的基本原则、适用范围以及犯罪和刑罚的一般规定。总则部分为刑法分则的适用提供了指导和依据。主要内容包括：
- **刑法的基本原则**：如罪刑法定原则、罪责刑相适应原则、平等适用原则等。
- **刑法的适用范围**：包括刑法的空间效力、时间效力和对人的适用范围。
- **犯罪的一般理论**：如犯罪的构成要件、犯罪的分类、犯罪的未完成形态（预备、未遂、中止）等。
- **刑罚的一般规定**：如刑罚的种类、刑罚的适用原则、量刑制度、减刑、假释等。

### 2. **刑法分则**
刑法分则是刑法的具体部分，规定了各种具体犯罪的构成要件及其相应的刑罚。分则部分按照犯罪的性质和危害社会的程度，对犯罪行为进行分类，并对每一类犯罪作出具体规定。主要内容包括：
- **具体犯罪的分类**：如危害国家安全罪、危害公共安全罪、破坏社会主义市场经济秩序罪、侵犯公民人身权利罪、侵犯财产罪等。
- **具体犯罪的构成要件**：每种犯罪的客体、客观方面、主体、主观方面的具体规定。
- **具体犯罪的刑罚规定**：对每种犯罪规定了相应的刑罚幅度和种类。

### 3. **刑法的附则**
刑法的附则是刑法的补充部分，通常包括一些技术性、程序性或解释性的规定。例如：
- 法律术语的定义。
- 刑法的施行日期。
- 特定条款的解释或补充说明。

### 4. **刑法的逻辑体系**
刑法的体系不仅体现在法律条文的编排上，还体现在刑法的逻辑结构中。刑法的逻辑体系主要包括：
- **犯罪与刑罚的对应关系**：刑法通过总则和分则的结合，明确了犯罪行为与刑罚后果之间的对应关系。
- **一般规定与具体规定的结合**：总则提供一般性规则，分则提供具体性规定，两者相辅相成。
- **实体法与程序法的衔接**：刑法作为实体法，与刑事诉讼法等程序法相配合，共同实现刑事法律的功能。

### 5. **刑法的功能**
刑法的体系设计不仅是为了规范犯罪和刑罚，还为了实现刑法的功能，包括：
- **保护功能**：保护国家、社会和公民的合法权益。
- **规制功能**：通过规定犯罪和刑罚，规制人们的行为。
- **教育功能**：通过刑罚的威慑作用和教育作用，引导人们遵守法律。

刑法的体系是刑法学研究的重要内容，也是刑法适用的重要依据。通过对刑法体系的理解，可以更好地掌握刑法的基本原理和具体规定。","总则、分则、附则,以编、章、节、条、款、项"
57,危害国家安全罪的概念与构成特征（P13-16）,"危害国家安全罪是指危害中华人民共和国国家安全的行为，具体包括危害国家主权、领土完整、政治制度、经济制度、军事安全、文化安全、社会稳定等方面的犯罪行为。这类犯罪直接威胁国家的独立、统一和安全，是刑法中最严重的犯罪之一。

以下是危害国家安全罪的概念与构成特征的详细分析：

---

### 一、概念
危害国家安全罪是指行为人实施了危害国家主权、领土完整、国家统一，或者危害国家的政治、经济、军事、文化等安全的行为，触犯刑法规定的相关罪名，依法应当受到刑罚处罚的行为。

---

### 二、构成特征
危害国家安全罪的构成特征主要包括以下几个方面：

#### 1. **犯罪客体**
   - 危害国家安全罪侵犯的直接客体是国家的安全利益，包括国家的主权、领土完整、政治制度、经济制度、军事安全、文化安全等。
   - 这种犯罪行为直接威胁国家的独立、统一和安全，是对国家根本利益的严重侵害。

#### 2. **犯罪客观方面**
   - 危害国家安全罪的客观方面表现为实施了危害国家安全的行为，如分裂国家、颠覆国家政权、间谍活动、叛逃等。
   - 这些行为通常具有严重的社会危害性，可能导致国家安全受到实际威胁或损害。

#### 3. **犯罪主体**
   - 危害国家安全罪的主体可以是一般主体，也可以是特殊主体。
   - 一般主体是指年满16周岁、具有刑事责任能力的自然人。
   - 特殊主体是指具有特定身份的人，例如国家工作人员、军人等。

#### 4. **犯罪主观方面**
   - 危害国家安全罪的主观方面通常表现为故意，即行为人明知自己的行为会危害国家安全，仍然实施该行为。
   - 在某些情况下，行为人可能具有特定的犯罪目的，例如分裂国家、颠覆政权、叛逃等。

---

### 三、危害国家安全罪的具体罪名
根据《中华人民共和国刑法》的规定，危害国家安全罪包括以下具体罪名：
   - **分裂国家罪**（刑法第103条）
   - **颠覆国家政权罪**（刑法第105条）
   - **间谍罪**（刑法第110条）
   - **叛逃罪**（刑法第109条）
   - **资敌罪**（刑法第112条）
   - 其他危害国家安全的犯罪。

---

### 四、危害国家安全罪的法律意义
危害国家安全罪的设立和打击，旨在维护国家的独立、统一和安全，保护国家的根本利益不受侵害。国家安全是国家生存和发展的基础，任何危害国家安全的行为都必须依法受到严厉惩处。

---

以上是关于危害国家安全罪的概念与构成特征的简要分析。如果需要更详细的内容，可以参考相关法律条文或权威教材中的具体解释。","危害国家安全罪，是指故意危害中华人民共和国国家安全的行为。本类犯罪的构成特征是：1.本类犯罪侵犯的客体是国家安全。国家安全是指国家政权、主权、统一和领土完整、人民福祉、经济社会可持续发展和国家其他重大利益相对处于没有危险和不受内外威胁的状态，以及保障持续安全状态的能力。维护国家安全，保卫我国人民民主专政政权和社会主义制度，才能保护人民的根本利益，保障改革开放和社会主义现代化建设的顺利进行，进而实现中华民族的伟大复兴。维护国家安全，是中华人民共和国成立以来一项持久的任务。自中华人民共和国成立以来，境外间谍情报机关和境内外各种敌对势力、反华势力、反共势力危害我国国家安全的活动从未停止，隐蔽战线的斗争一直十分尖锐、复杂。境内外各种敌对势力、民族分裂势力、极端宗教势力等对我国的渗透、颠覆、分裂和各种破坏活动曰趋猖獗。思想渗透、颠覆分裂、情报窃密、勾联策反等危害国家安全的活动范围不断扩大。岀现了采用公开掩护秘密、 合法掩护非法、境内境外相勾结的方式。国内少数敌对分子也极力寻求境外机构和其他敌对势力、政治势力的支持，甚至内外勾结，出卖国家利益。这给我国的国家安全和利益造成了重大损害或者构成了严重威胁，严重影响和干扰了我国的民主与政权建设，破坏了改革开放和社会主义现代化建设事业，影响了中华民族伟大复兴的进程，对此必须予以坚决防控,严厉打击。2.本类犯罪在客观方面表现为危害中华人民共和国国家安全的行为。根据《刑法》第102条至第112条的规定，危害国家安全的行为有：背叛国家，分裂国家，煽动分裂国家，武装叛乱、暴乱，颠覆国家政权，煽动颠覆国家政权，资助危害国家安全犯罪活动，投敌叛变，叛逃，间谍，为境外窃取、刺探、收买、非法提供国家秘密、情报，资敌。3.本类犯罪的主体多为一般主体，即达到刑事责任年龄、具备刑事责任能力者均可构成。少数犯罪对主体有特殊要求，例如，背叛国家罪、投敌叛变罪、叛逃罪的主体只能是中国公民，其中叛逃罪的主体还必须是我国国家机关工作人员或者掌握国家秘密的国家工作人员。本类犯罪中除了资助危害国家安全犯罪活动罪可以由境内外机构、组织或者个人构成外，其他犯罪的主体均为自然人主体。4.本类犯罪的主观方面表现为故意，其中，多数犯罪为直接故意，即行为人明知自己的行为会发生危害国家安全的结果，并且希望这种结果发生。"
45,疏忽大意的过失与过于自信的过失的区别（P177）,"疏忽大意的过失与过于自信的过失是两种不同类型的过失行为，它们在主观心理状态和行为特征上存在明显区别。以下是两者的主要区别：

### 1. **主观心理状态的区别**
   - **疏忽大意的过失**：行为人对可能发生的危害结果**没有预见**，但根据其应有的注意义务和能力，**可以预见**。也就是说，行为人因疏忽或粗心大意，没有意识到自己的行为可能导致危害结果。
   - **过于自信的过失**：行为人对可能发生的危害结果**已经预见**，但**轻信**能够避免该结果的发生。也就是说，行为人对自己的能力或外部条件过于自信，错误地认为危害结果不会发生。

### 2. **对危害结果的预见性**
   - **疏忽大意的过失**：行为人**没有预见**危害结果的发生。
   - **过于自信的过失**：行为人**已经预见**危害结果的发生，但错误地认为可以避免。

### 3. **行为人的心理态度**
   - **疏忽大意的过失**：表现为一种**消极的心理态度**，即行为人没有尽到应有的注意义务。
   - **过于自信的过失**：表现为一种**积极的心理态度**，即行为人对自己的能力或外部条件过于乐观，轻信能够避免危害结果。

### 4. **行为人的注意义务**
   - **疏忽大意的过失**：行为人未尽到应有的注意义务，导致未能预见危害结果。
   - **过于自信的过失**：行为人虽然尽到了部分注意义务，但对可能的危害结果过于乐观，未能采取足够的措施避免结果的发生。

### 举例说明：
   - **疏忽大意的过失**：司机在开车时因分心没有注意到前方的红灯，导致闯红灯并发生交通事故。
   - **过于自信的过失**：司机在开车时明知前方路面湿滑，但认为自己驾驶技术高超，能够控制车辆，结果因打滑发生交通事故。

### 总结：
两者的核心区别在于行为人对危害结果的**预见性**和**心理态度**。疏忽大意的过失是**没有预见**但应当预见，而过于自信的过失是**已经预见**但轻信能够避免。","疏忽大意的过失与过于自信的过失都是犯罪过失,二者对危害后果的出现都持反对的、否定的态度,结果的出现都是意料之外的。关键区别点就在于行为人在行为当时是否已经认识到其行为可能会导致某种结果的发生。过于自信的过失中,行为人在行为当时已经预见到其行为可能导致某种危害结果的发生,但凭借一定的条件而轻信可以避免;而疏忽大意的过失中,行为人对危害结果的发生根本没有预见。所以过于自信的过失又称为有认识的过失,疏忽大意的过失又称为无认识的过失。"
100,网络服务提供者的侵权责任类型与规范目的（P437、438）,"您提到的内容似乎是关于网络服务提供者（ISP）的侵权责任类型及其规范目的，可能与中国《民法典》或相关法律法规中的规定有关。以下是一般性的分析，供您参考：

### 一、网络服务提供者的侵权责任类型
网络服务提供者的侵权责任主要分为以下几种类型：

1. **直接侵权责任**  
   网络服务提供者直接参与了侵权行为，例如主动发布侵权内容、传播违法信息等。在这种情况下，网络服务提供者作为侵权行为的实施者，需承担直接侵权责任。

2. **间接侵权责任**  
   网络服务提供者未直接实施侵权行为，但因未履行法定义务（如未及时删除侵权内容、未采取必要措施等），导致侵权行为的发生或扩大。例如，用户在平台上发布侵权内容，平台未及时处理，可能构成间接侵权。

3. **帮助侵权责任**  
   网络服务提供者为侵权行为提供了帮助，例如提供技术支持、流量引导等，明知或应知侵权行为的存在但未采取措施，可能被认定为帮助侵权。

4. **免责情形**  
   根据《电子商务法》《侵权责任法》（现已纳入《民法典》）等法律，网络服务提供者在满足一定条件时可以免责。例如，若平台仅提供信息存储空间，且在接到权利人通知后及时采取了删除、屏蔽等措施，则可能不承担责任。

---

### 二、规范目的
网络服务提供者侵权责任的规范目的主要体现在以下几个方面：

1. **平衡权利人与网络服务提供者的利益**  
   规范网络服务提供者的侵权责任，旨在保护权利人的合法权益（如知识产权、名誉权等），同时避免对网络服务提供者施加过重的义务，影响其正常运营。

2. **促进互联网行业的健康发展**  
   通过明确网络服务提供者的责任边界，鼓励其履行合理的注意义务，防止侵权行为的发生，同时避免因过度追责而抑制互联网行业的创新与发展。

3. **保护公众利益与网络秩序**  
   规范网络服务提供者的行为，有助于维护网络空间的秩序，防止违法信息的传播，保护公众利益。

4. **落实“通知—删除”规则**  
   通过法律明确“通知—删除”规则，要求网络服务提供者在接到权利人通知后及时采取措施，既保护权利人的权益，又为网络服务提供者提供了明确的操作指引。

---

### 三、相关法律依据
1. **《中华人民共和国民法典》**  
   第1195条至第1197条对网络侵权责任作出了规定，明确了网络服务提供者的责任边界及免责条件。

2. **《中华人民共和国电子商务法》**  
   对电子商务平台经营者的责任作出了详细规定，特别是对知识产权保护、平台责任等方面有具体要求。

3. **《信息网络传播权保护条例》**  
   规定了网络服务提供者在信息传播中的责任，特别是“避风港原则”和“红旗原则”。

如果您有具体的法律条文或案例需要分析，可以进一步提供信息，我将为您详细解答！",《侵权责任法》第36条第1款规定：“网络用户、网络服务提供者利用网络侵害他人民事权益的，应当承担侵权责任。”这是对网络用户、网络服务提供者单独侵权责任的规范。网络用户是指任何使用互联网的民事主体，包括自然人、法人和其他组织。网络服务提供者既包括网络内容服务提供者，也包括网络技术服务提供者。由于网络用户和网络服务提供者利用网络侵害他人民事权益的行为是否构成侵权责任及如何承担侵权责任等问题，本身并无特殊之处，完全可以依据侵权责任法关于一般侵权责任的规定解决。故此，《侵权责任法》第36条第1款是一般性规定，适用于法律没有特别规定的所有的网络侵权行为。《侵权责任法》第36条第2、3款中的网络服务提供者侵权责任的规定，确定了两项重要原则。一是通知规则。根据《侵权责任法》第36条第2款的规定，所谓通知规则是指，在被侵权人通知网络服务提供者要求其采取删除、屏蔽、断开链接等必要措施，如果网络服务提供者接到该通知后置若罔闻，未及时采取必要措施的，则该提供者需要就被侵权人损害扩大的部分与从事侵权行为的网络用户承担连带责任。二是知道规则。依据《侵权责任法》第36条第3款的规定，如果网络服务提供者知道网络用户利用其网络服务侵害他人民事权益，未采取必要措施的，则网络服务提供者应当与该网络用户承担连带责任。之所以《侵权责任法》第36条第2、3款着重规范了网络技术服务提供者的侵权责任，理由在于：首先，网络技术服务提供者不同于网络内容服务提供者。前者只是为网络用户提供接入、传输、存储、即时通信、搜索等技术性服务。它不像网络内容提供者那样会直接从事侵害他人民事权益的加害行为。但是，如果网络用户利用网络技术服务提供者提供的技术服务实施侵害他人民事权益的行为，而该提供者知道或应知道加害行为的存在，却不闻不问，不采取必要的措施来预防和阻止该行为的发生，显然不利于保护民事主体的合法权益。故此，法律上必须给网络技术服务提供者施加一定的注意义务，以有效地实现“保护民事主体的合法权益”“预防侵权行为发生”之目的。其次，网络技术服务提供者应当负有何种程度的注意义务，涉及权益保护与合理自由这一对基本价值的协调问题。一方面，网络上的各种信息浩如烟海，有的侵权，有的不侵权。如果只要有人利用网络服务从事了侵权行为，网络技术服务者就要承担责任，显然强人所难。这样做，既会妨害网络产业的正常发展，更会严重损害人们的行为自由。另一方面，倘若网络技术服务提供者因提供网络服务而获益，却不负有任何注意义务，任由他人利用其服务从事侵权行为，显然无法有效地维护民事主体的合法权益。长此以往，也会妨害信息网络产业的健康发展。为此，需要法律对于网络技术服务提供者的侵权责任作出合理细致的特别规范。
96,民事权利的分类（P41-46）,"民事权利的分类是民法学中的一个重要内容，通常根据不同的分类标准，可以将民事权利划分为不同的类型。以下是根据常见的分类标准对民事权利的分类（参考《民法学》教材的相关内容）：

---

### 一、根据权利的内容分类
1. **人格权**  
   - 是指民事主体依法享有的与其人格不可分离的权利，主要包括生命权、健康权、姓名权、名誉权、隐私权等。
   - 特点：与主体的人格密切相关，不能转让或继承。

2. **身份权**  
   - 是指基于特定身份关系而产生的权利，如配偶权、亲权、监护权等。
   - 特点：与特定身份关系相关，具有专属性。

3. **财产权**  
   - 是指民事主体依法享有的与财产利益相关的权利，主要包括物权、债权、知识产权等。
   - 特点：以财产利益为核心，具有可转让性。

---

### 二、根据权利的作用分类
1. **支配权**  
   - 是指权利人可以直接支配某种客体的权利，如所有权、用益物权等。
   - 特点：权利人可以直接控制客体，无需他人协助。

2. **请求权**  
   - 是指权利人可以请求他人为一定行为或不为一定行为的权利，如债权。
   - 特点：需要义务人履行特定义务。

3. **形成权**  
   - 是指权利人可以通过单方意思表示使法律关系发生、变更或消灭的权利，如合同解除权、撤销权等。
   - 特点：权利人单方行为即可产生法律效果。

4. **抗辩权**  
   - 是指权利人对抗他人请求权的权利，如诉讼时效抗辩权、不安抗辩权等。
   - 特点：以对抗他人权利为目的。

---

### 三、根据权利的客体分类
1. **物权**  
   - 客体是物，如所有权、用益物权、担保物权等。

2. **债权**  
   - 客体是行为，如买卖合同中的付款义务、交付义务等。

3. **知识产权**  
   - 客体是智力成果，如著作权、专利权、商标权等。

4. **人身权**  
   - 客体是人格或身份利益，如生命权、健康权、姓名权等。

---

### 四、根据权利的主体分类
1. **绝对权**  
   - 是指权利人可以对抗不特定多数人的权利，如所有权、人格权等。
   - 特点：义务主体是不特定的。

2. **相对权**  
   - 是指权利人只能对抗特定义务人的权利，如债权。
   - 特点：义务主体是特定的。

---

### 五、根据权利的性质分类
1. **财产权**  
   - 以财产利益为内容的权利，如物权、债权、知识产权等。

2. **非财产权**  
   - 以人格或身份利益为内容的权利，如人格权、身份权等。

---

### 六、根据权利的来源分类
1. **原权**  
   - 是指直接产生的权利，如所有权、人格权等。

2. **救济权**  
   - 是指为保护原权而产生的权利，如请求权、抗辩权等。

---

以上是民事权利的主要分类方式及其内容。具体内容可能因教材版本或学术观点的不同而有所差异，请结合具体教材（如《民法学》第41-46页）进行详细学习。","民事权利的种类很多，各种权利的性质千差万别，因此我们有必要把各种不同性质的权利加以梳理分类，使之成为一个比较系统和完整的体系。分类要有一定的标准。一般的分类标准主要有：依权利的内容分为财产权与非财产权；依权利的效力范围分为绝对权与相对权；依权利的作用分为支配权、请求权、形成权与抗辩权；等等。1.财产权与非财产权 这是以权利保护的利益是否具有财产属性为标准进行的划分。财产权是以财产利益为内容或直接体现为财产利益的民事权利，财产权有广义与狭义之分。广义财产权不仅包括有体财产权(如物权),还包括债权、知识产权、股权、金融期权、数据财产权、网络虚拟财产权等无体财产权。非财产权是指基于一定的人格利益、身份利益而设定的权利，可具体分为人格权和身份权。人格权是指以权利主体的人格利益为客体的民事权利。《民法总则》规定，自然人享有生命权、身体权、健康权、姓名权、肖像权、名誉权、荣誉权、隐私权、婚姻自主权等权利，法人、非法人组织享有名称权、名誉权、荣誉权等权利。身份权主要是指因婚姻、家庭关系产生的亲属权等人身权利。与团体相联系的社员权也属于身份权。2.绝对权与相对权 这是以权利的效力所及的范围为标准进行的划分。绝对权，又称对世权，是指可以相对于每一个人产生效力的权利，即任何一个人都必须尊重的权利。绝对权的义务主体是不特定的一般人，义务的内容是对权利人的权利的尊重、容忍和不侵扰。在民事权利中，人格权、身份权、物权、知识产权及其他无体财产权等，都属于绝对权的范畴。相对权，又称对人权，是指能够请求特定人为一定行为或不为一定行为的权利。与绝对权不同的是，相对权人只能向特定人提出请求，即只对特定的义务人发生履行上的约束力。债权为典型的相对权。相对权的义务主体即债务人，其义务的内容主要是积极作为的义务即给付义务，如交付货物，有时也包括不作为的义务，如保密义务。3.支配权、请求权、形成权与抗辩权 这是以民事权利的作用为标准进行的划分。支配权是指权利主体对于作为权利客体的事物进行直接支配并享受其利益的权利，如物权、知识产权、人身权均属于此。请求权是指特定人对于特定他人能够请求一定给付的权利。其中享有权利的特定人称为请求权人。而所谓给付，是指满足请求权利益的他人行为。例如承揽关系中承揽人完成一定工作。在民事权利体系中，请求权处于枢纽地位。除了债权本身以请求权为内容并直接以请求权的方式实现以外，各种绝对权如人格权、财产权、知识产权等在遭到侵害时，均需要通过救济性的请求权来获得法律保护。请求权是基于一定的原因或基础权利而发生的。依原因或基础权利的不同，可以将请求权分为债权请求权、物权请求权、准物权请求权、知识产权请求权、人格权请求权等。其中，债权请求权为典型的请求权。形成权是指权利人完全凭借单方的意思表示就能使既存的法律关系发生变动的权利。在特定情形下，法律允许权利主体对某项法律关系采取单方面的行动。这种权利便是形成权。比如，在租赁关系中，承租人有权行使单方终止租赁关系的形成权。形成权的范围广泛，可依不同的标准对其进行分类。形成权依所生效力可以分为三类：第一，生效形成权，如权利人对无权处分行为的承认权、本人对无权代理行为的承认权等。第二，变更形成权，如选择之债因选择权的行使使之转化为简单之债。在发生重大误解行为中当事人的变更权。第三，消灭形成权，如抵销权、撤销权、解除权、继承抛弃权等。抗辩权是指权利人用以对抗请求权或其他权利效力的权利。抗辩是一种拒绝表示。抗辩权的主要作用在于阻止请求权或其他权利的效力，从而使抗辩权人能够拒绝向相对人履行义务，而不在于否认相对人的请求权或其他权利。一般而言，抗辩权是与请求权相对应的，享有抗辩权的民事主体有权拒绝对方请求给付的要求。不过，抗辩权不限于用以对抗请求权，它也可以用来对抗形成权。例如，合同一方当事人行使解除权(在性质上属于形成权)时，另一方当事人可以行使抗辩权予以拒绝。应当注意的是，抗辩权的作用不在于否认相对人权利的存在，也不在于变更或消灭相对人的权利，而在于阻止相对人权利的效力发生。如果一方在权利已经消灭的情况下仍然向相对人主张权利，则相对人可以拒绝，但这并不属于行使抗辩权。这是因为，抗辩权必须是用来对抗某一民事权利的。如果对方并不享有民事权利，则抗辩权也就没有存在的必要。由此可见，抗辩权仅仅是一种防御性的权利。依权利的效力范围，可以将抗辩权分为一时性的抗辩权和永久性的抗辩权。一时性的抗辩权，其效力主要在于暂时地阻止请求权的效力，又称延期抗辩权。同时履行抗辩权、不安抗辩权等均属于一时性的抗辩权。永久性的抗辩权，其效力在于永久地阻止请求权的效力。诉讼时效完成的抗辩权即属于永久性的抗辩权。4.既得权与期待权 这是以是否已经完全具备权利的成立要件为标准进行的划分。既得权，也称完整权，是指已经具备权利取得的全部要件，从而被当事人实际享有的权利。期待权是指仅具备权利取得的部分要件，须等到其余要件具备时才能实际发生的权利，如附延缓条件的债权等。期待权不是已经实际取得的权利，其实质是将未来可能取得的权利作为一种现实的合法利益加以保护，或者说，是对权利的提前保护。5.原权利与救济权 这是以权利效力目的为标准进行的划分。原权利，又称原权，是原有的、基于法律规定或当事人意思产生的权利。救济权是在原权利受到侵害或存在受侵害的危险时对原权利产生救援性作用的权利。例如，民事主体依法享有人身权，当有人侵害其人身权时，民事主体依法享有请求侵害人停止侵害的权利。在这一权利结构中，人身权是原权利，请求侵害人停止侵害的权利属于救济权。6.主权利与从权利 这是以权利是否能独立存在或者以相互关联的几项民事权利的不同地位为标准进行的划分。主权利是指相互关联的几项民事权利中不依赖其他权利而独立存在的权利；从权利是指须以主权利存在为前提的权利，二者为主导和从属的关系。例如在抵押借款合同中，请求偿还本金和利息的权利为主权利，抵押权为从权利。除非法律另有规定或当事人另有约定，主权利与从权利之间存在依附从属关系，即从权利随主权利的移转或消灭而移转或消灭。需要注意的是，主权利与从权利的划分具有相对性。主权利与从权利的区分只在具有关联关系的若干并存权利中才存在，而且并不存在绝对的主权利或绝对的从权利。7.专属权与非专属权 这是以权利是否可与其主体分离为标准进行的划分。专属权是指依附于民事主体，专属民事主体享有、行使，不能任意移转的权利，如著作权人享有的署名权。专属权包括享有上的专属权和行使上的专属权。享有上的专属权是指专属于特定主体享有，不可让与或继承但可以由他人代为行使的权利。行使上的专属权是指不仅专属于特定主体享有，而且权利是否行使也只能由权利人自己决定，他人不得代为行使的权利。人格权原则上为专属行使权。非专属权是指不依附于民事主体，得与民事主体相分离，可以在民事主体之间移转的权利。财产权原则上属于非专属权，但法律规定某些只能由国家或者其他特定主体享有的财产权则具有专属性，如国有土地所有权、公民的受抚养权。法律设置这些权利是以一定的社会政策为依据的。"
98,合同的分类（P292-299）,"您提到的“合同的分类”内容可能是某本书或教材中的内容，具体是指哪本书或哪门课程的内容呢？如果是法律相关的内容，合同的分类通常可以从不同的角度进行划分。以下是常见的合同分类方式：

### 1. **根据合同的性质分类**
   - **双务合同与单务合同**  
     - 双务合同：双方当事人互负对待给付义务的合同（如买卖合同）。
     - 单务合同：只有一方当事人负有义务的合同（如赠与合同）。
   - **有偿合同与无偿合同**  
     - 有偿合同：一方当事人的给付以对方的对价为条件（如租赁合同）。
     - 无偿合同：一方当事人无须支付对价（如无偿借用合同）。
   - **诺成合同与实践合同**  
     - 诺成合同：当事人意思表示一致即可成立的合同（如买卖合同）。
     - 实践合同：除意思表示一致外，还需交付标的物才能成立的合同（如借用合同）。

### 2. **根据合同的内容分类**
   - **买卖合同**：以转移标的物所有权为目的的合同。
   - **租赁合同**：以转移标的物使用权为目的的合同。
   - **借款合同**：以借贷资金为目的的合同。
   - **劳动合同**：以提供劳动为目的的合同。
   - **技术合同**：以技术开发、转让、咨询等为内容的合同。

### 3. **根据合同的效力分类**
   - **有效合同**：符合合同成立要件且不违反法律规定的合同。
   - **无效合同**：因违反法律、行政法规的强制性规定或违背公序良俗而无效的合同。
   - **可撤销合同**：因一方存在重大误解、欺诈、胁迫等情形，受损方有权请求撤销的合同。
   - **效力待定合同**：合同的效力尚未确定，需经权利人追认或其他条件成就后生效。

### 4. **根据合同的履行方式分类**
   - **即时履行合同**：合同义务在短时间内一次性履行完毕（如现金交易）。
   - **持续履行合同**：合同义务在较长时间内分阶段履行（如租赁合同）。

### 5. **根据合同的当事人分类**
   - **民事合同**：自然人之间或自然人与法人之间订立的合同。
   - **商事合同**：商事主体之间订立的合同。
   - **行政合同**：行政机关与相对人之间订立的合同。

### 6. **根据合同的法律属性分类**
   - **主合同与从合同**  
     - 主合同：可以独立存在的合同。
     - 从合同：依附于主合同而存在的合同（如担保合同）。
   - **要式合同与不要式合同**  
     - 要式合同：法律要求必须采用特定形式订立的合同（如房屋买卖合同需书面形式）。
     - 不要式合同：法律未要求特定形式的合同。

如果您需要更具体的内容或是某本书的详细解释，请提供更多信息，我会尽力为您解答！",典型合同与非典型合同；双务合同与单务合同；有偿合同与无偿合同；诺成合同与要物合同；要式合同与不要式合同；一时性合同与继续性合同；主合同与从合同；预约与本约；束己合同与涉他合同
94,国际商事惯例的适用方式（P125）,"国际商事惯例的适用方式主要体现在以下几个方面：

1. **合同约定适用**  
   国际商事惯例可以通过合同条款明确约定适用。合同双方可以在合同中明确规定某些国际商事惯例（如《国际贸易术语解释通则》（Incoterms）或《跟单信用证统一惯例》（UCP））作为合同的一部分，从而使这些惯例具有约束力。

2. **法律或国际条约的援引**  
   某些国际商事惯例可能被特定的法律或国际条约所援引，从而具有法律效力。例如，《联合国国际货物销售合同公约》（CISG）在某些情况下会参考国际商事惯例。

3. **国际商事惯例的默示适用**  
   在国际商事交易中，如果双方未明确约定适用某些惯例，但这些惯例在相关行业中被广泛接受和使用，则可能被视为默示适用。例如，国际贸易中常用的Incoterms即使未明确约定，也可能被视为交易的一部分。

4. **法院或仲裁机构的适用**  
   在解决国际商事争议时，法院或仲裁机构可能会根据案件的具体情况，参考国际商事惯例作为裁判依据，特别是在合同条款不明确或存在争议时。

5. **行业惯例的适用**  
   某些国际商事惯例可能在特定行业中被广泛接受和使用，成为行业惯例。在这种情况下，即使未明确约定，这些惯例也可能被视为交易的一部分。

总之，国际商事惯例的适用方式具有灵活性，既可以通过合同明确约定，也可以通过默示适用或法律援引等方式实现。在国际商事交易中，熟悉和正确运用这些惯例有助于减少交易风险和争议。",1.当事人明示选择 这种方式是指当事人明示选择特定国际商事惯例作为其国际商事合同的准据法。当事人既可以在合同缔结时，也可以在合同缔结后，甚至可以在发生争议后进行这样的选择。2.当事人默示选择 默示选择是在当事人没有明示选择的情况下，依一定事实认定当事人已默示同意对其国际商事合同关系适用特定国际商事惯例。国际商事仲裁实践表明，国际商事交易的当事人对合同法律适用上的沉默，在有些情况下常常被仲裁庭认为当事人默示选择国际商事惯例作为其合同的准据法，如当事人在合同中未明确规定合同准据法、协议将合同提交国际商事仲裁、授权仲裁庭公正裁决他们之间的争议等，这几种情况都表明当事人不愿使其合同关系受制于某一国内法，从而导致国际商事惯例的适用。3.裁判者依法适用 这种方式是指法院或仲裁庭根据国内法或国际条约的规定，对当事人之间的国际合同关系直接适用国际商事惯例。它有一定的强制性，只要符合法律规定的条件就应予以适用。在这种情况下，国际商事惯例适用的根据不是当事人的意思表示，而是法律的规定。4.仲裁庭直接适用 这种方式是指仲裁庭既不是根据当事人的意思，也不是根据国内法或国际条约的规定，而是根据仲裁规则直接适用国际惯例。法院一般不会采纳这种方法。5.裁判者参照适用 这种方式是指不管适用什么样的准据法，都应考虑有关的国际商事惯例。1961年《欧洲国际商事仲裁公约》第7条第1款规定，无论适用当事人指定的法律还是仲裁员自己确定的准据法，仲裁员均应考虑到合同条款和商业惯例。
99,不可抗力的概念认定,"不可抗力是指不能预见、不能避免并不能克服的客观情况。根据《中华人民共和国民法典》第180条的规定，不可抗力是指因不能预见、不能避免且不能克服的客观情况而导致当事人无法履行合同义务或造成损害的情形。不可抗力通常包括自然灾害（如地震、洪水、台风等）、社会事件（如战争、暴乱、政府行为等）等。

### 不可抗力的认定要素
1. **客观性**：不可抗力是外部的客观事件，而非当事人主观原因导致的。
2. **不可预见性**：事件的发生在正常情况下无法预见，即使尽到合理注意义务也无法预见。
3. **不可避免性**：即使采取了合理措施，也无法避免事件的发生。
4. **不可克服性**：即使采取了合理的补救措施，也无法克服事件的影响。

### 不可抗力的法律后果
1. **免责**：因不可抗力导致合同无法履行的，当事人可以部分或全部免除责任，但法律另有规定的除外。
2. **通知义务**：发生不可抗力事件的一方应及时通知对方，并提供相关证明。
3. **合同变更或解除**：如果不可抗力导致合同目的无法实现，当事人可以协商变更或解除合同。

需要注意的是，不可抗力的认定需要结合具体情况进行分析，不能随意扩大解释。例如，某些情况下的经济困难、市场波动等通常不被认定为不可抗力。",不可抗力是违约责任的法定免责事由。根据《合同法》第117条的规定，“因不可抗力不能履行合同的，根据不可抗力的影响，部分或者全部免除责任，但法律另有规定的除外”。我国《合同法》借鉴了《联合国国际货物销售合同公约》(CISG)、国际商事合同示范法（如《国际商事合同通则》)和《法国民法典》，将不可抗力定义为“不能预见、不能避免并不能克服的客观情况”。不可抗力的认定 在理解“不能避免”和“不能克服”时，应当认识到的是，法律上所说的不可抗力，从来不是从“外力”本身加以判断的，而是要考虑“外力”与有关交易的关系。即法律在判断是否构成不可抗力时，不应着眼于外力本身是否能避免或克服，而应以外力对合同的影响是否能够避免或克服为着眼点。如地震、火山爆发等自然现象固然不可避免和克服，但若对合同无实质影响，便不应认为是不可抗力。从这个意义上，在判断能否避免或克服的问题时，几乎毫无例外地要从个体的角度观察。在认定是否构成“不能预见”时，也应根据当事人的注意能力、个案的实际情况，同时参酌“正常合理人”的注意标准加以确定。
93,国际实体法条约的适用方法（P121-123）,"很抱歉，我无法直接访问或引用具体书籍的内容，包括《国际实体法条约的适用方法》中的具体页码（P121-123）。不过，我可以为您提供关于国际法条约适用的一般性知识。如果您能提供更具体的问题或主题，我会尽力为您解答。

一般来说，国际法条约的适用方法包括以下几个方面：

1. **条约的解释**：
   - 条约的解释通常依据《维也纳条约法公约》（1969年）第31条和第32条的规定进行。
   - 第31条规定了解释条约的基本规则，即应根据条约的普通含义、上下文以及条约的目的和宗旨进行解释。
   - 第32条则规定了补充解释手段，例如在基本解释规则不足以明确条约含义时，可以参考条约的起草历史和缔约背景。

2. **条约的适用范围**：
   - 条约的适用范围通常由条约本身规定，包括适用的时间、地域、对象等。
   - 某些条约可能仅适用于特定的缔约国之间，而其他条约可能具有普遍适用性。

3. **条约与国内法的关系**：
   - 不同国家对国际条约的适用有不同的态度。有些国家采取“单一制”，即国际条约一旦生效，自动成为国内法的一部分；而有些国家采取“二元制”，即国际条约需要通过国内立法程序转化为国内法后才能适用。

4. **条约的冲突与优先性**：
   - 当不同条约之间存在冲突时，通常依据“后法优于前法”或“特别法优于普通法”的原则解决。
   - 某些条约可能明确规定其优先性，例如《联合国宪章》第103条规定，宪章义务优先于其他国际条约义务。

如果您有更具体的需求或问题，请告诉我，我会尽力为您提供帮助！","根据调整对象的不同，可将国际私法条约分为国际实体法条约、国际冲突法条约和国际程序法条约，它们在国内的适用方法不能一概而论。下面分析国际实体法条约的适用方法。 （一）国际实体法条约的直接适用 所谓直接适用，是指一国司法机关及其他适用法律的专门机关，以条约的规定作为其适用法律的根据，并以适用国内法的方式适用条约的规定。根据中国《宪法》第67、81、89条和《缔结条约程序法》第3条的规定，中国的缔约权主要由国务院行使，全国人民代表大会常务委员会行使立法权，决定同外国缔结的条约和重要协定的批准和废除，中华人民共和国主席根据全国人民代表大会常务委员会的决定，批准和废除同外国缔结的条约和重要协定，这为国际实体法条约在中国的直接适用提供了宪法体制上的便利。（二）国际实体法条约的优先适用 当国际条约与国内立法存在冲突时，现代国际法要求“当事国不得以援引国内法规定为由而不履行条约”，这为一国法院优先适用国际条约奠定了基础,但“履行条约”并不等于一国法院应该优先适用国际条约，因为“履行条约”的方式可以是多样的。国际条约与国内法冲突的解决方式，取决于国内法的具体规定。各国解决这种冲突的做法有所不同：有的通过修改国内法或国际条约消除两者之间的冲突；有的适用“解释一致”规则消除国际条约与国内法之间不一致的情况；有的规定国际条约调整的事项不再适用国内法，从而避免国际条约与国内法之间的冲突；有的规定优先适用国际条约。（三）当事人选择适用国际实体法条约 国际实体法条约直接适用和优先适用的前提条件是：某一具体案件中的争诉问题属于该国际条约的适用范围，如双方当事人所属国均是该条约的缔约国。如果中国不是某一国际私法条约的缔约国，或者具体案件中的外方当事人所属国或营业地所属国不是条约的缔约国，该条约就不能在中国得到直接适用，更不能优先适用。但是，如果双方当事人在签订合同时，或在发生争议以后，共同选择适用某一条约，只要这种选择符合下列条件，该条约就可以得到适用：（1）当事人的选择是共同的明示选择，具体形式既可以是书面的，也可以是口头的。这强调的是当事人的合意，并且是明确表达出来的共同意思表示。（2）案件的争诉问题属于该国际私法条约调整的范围。即国际私法条约的有关规定可以用来解决具体案件中的有关问题，客观上属于该条约的适用范围。（3）当事人的选择不违反中国法律中的强制性规则和公共秩序。这是各国冲突法限制适用当事人意思自治原则的普遍做法，有些国际条约本身也规定了这个条件。（4）被当事人选择的条约应该是国际统一实体法条约，一般不包括统一程序法条约和统一冲突法条约。因为程序法问题通常涉及国家的公共利益，一般不会赋予当事人自治权；而冲突法规则本身没有相应的确定性，当事人一般不会选择适用。"
97,人格权的概念与特征（P109）,"人格权是指民事主体依法享有的，与其人格不可分离的、以人格利益为内容的民事权利。人格权是民事权利体系中的重要组成部分，直接关系到个人的尊严、自由和基本权益的保护。

### **人格权的概念**
人格权是基于人格利益而产生的权利，主要包括生命权、身体权、健康权、姓名权、肖像权、名誉权、隐私权等。人格权的核心在于保护民事主体的基本人格利益，确保其人格尊严和自由不受侵犯。

### **人格权的特征**
1. **专属性**  
   人格权与权利主体的人格密切相关，具有不可分离性，不能转让、继承或放弃。

2. **非财产性**  
   人格权以人格利益为内容，主要体现为精神利益，而非直接的财产利益。虽然人格权的侵害可能导致财产赔偿，但其本质仍是非财产性的。

3. **绝对性**  
   人格权是一种绝对权，权利人可以对抗任何侵害其人格利益的行为，义务人是所有不特定的第三人。

4. **不可剥夺性**  
   人格权是民事主体固有的权利，任何人不得非法剥夺或限制。

5. **终身性**  
   人格权自权利主体出生时即存在，并贯穿其一生，部分人格权在主体死亡后仍可能受到保护（如名誉权、隐私权等）。

6. **法定性**  
   人格权的内容和范围由法律明确规定，权利人不能随意创设或扩展。

人格权的保护是现代法治社会的重要内容，其核心在于维护个人的尊严和自由，促进社会的公平与正义。","依据现代民法学的主流认识，所谓人格权，是指以主体固有的人格利益为客体，以维护和实现人格平等、人格尊严、人身自由为目标的权利。党的十九大报告提出“保护人民人身权、财产权、人格权”。人格权是一项基本的民事权利，与其他民事权利相比较，人格权主要具有以下特征：1.人格权是民事主体依法所固有的基本权利。人格权是人身权的一种。所谓固有，是指从自然人出生、非自然人成立之日起，就享有人格权，其取得无需民事主体积极作为，而是由法律直接赋予。作为一种固有权利，人格权与民事主体相伴始终。当然，肯定人格权为一种固有权利并非对所谓“天赋人权”理论的延续和扩展，也并不意味着可以将人格权视为一种超越法律而存在的自然权利。人格权在性质上仍是一种法定权利，人格利益的保护范围和方式等也皆因法律的肯定才得以为权利人所实际享有。2.人格权是民事主体专属享有的民事权利。一方面，人格权是民事主体资格得以维持的前提，人格权的阙如，将导致民事主体资格的虚化；另一方面，从其权利要素来看，任何一项人格权皆须以具体的民事主体为依托，并借此表现其价值和个性，否则人格权就没有价值可言。在具体的法律效果上，人格权的专属性特征则集中体现于对权利继承和转让的限制中。当今域内外主流的民法学理论都认为，人格权由权利人专有，不得让与或继承，也和权利能力一样，不得抛弃，并不得由他人代为行使。3.人格权以民事主体的人格利益为其客体。作为人格权客体的人格，是应受法律保护的利益。与有形的财产利益不同，作为人格权客体的人格利益，无论是抽象的抑或具体的，在很大程度上皆体现于精神范畴，都是行为与精神活动的自由和完整的利益，且以人的精神活动为核心而构成。如果说法律对财产利益的保护旨在维持主体的生存发展以及提供其从事各种活动的物质基础，那么,对无形"
95,准据法（P141）,"您提到的“准据法”是一个法律术语，通常用于国际私法领域。准据法（Proper Law）是指在涉及跨国法律关系的案件中，法院或仲裁机构根据冲突规范所选择并适用的具体法律。它是解决国际民商事纠纷时确定适用法律的关键概念。

### 准据法的特点
1. **选择性**：准据法是通过冲突规范选择出来的，通常不是直接适用，而是通过法律选择的过程确定。
2. **多样性**：不同的法律体系可能会被选为准据法，例如合同的准据法、侵权行为的准据法等。
3. **灵活性**：当事人可以在一定范围内通过协议选择适用的准据法（例如合同中的法律选择条款）。

### 准据法的适用范围
准据法可以适用于以下领域：
1. **合同法**：确定合同的成立、效力、履行、违约责任等问题。
2. **侵权法**：确定侵权行为的法律适用。
3. **婚姻家庭法**：涉及跨国婚姻、离婚、子女抚养等问题。
4. **继承法**：确定遗产继承的法律适用。
5. **公司法**：涉及跨国公司的设立、运营和解散等问题。

### 准据法的确定方式
1. **当事人意思自治**：在合同法领域，当事人可以通过协议选择适用的法律。
2. **最密切联系原则**：如果当事人没有选择适用法律，法院或仲裁机构通常会根据案件与某一法律体系的联系程度，选择最密切联系的法律作为准据法。
3. **强制性规定**：某些情况下，即使当事人选择了适用法律，法院仍可能适用本国的强制性规定。

### 准据法的意义
准据法的确定对于解决国际民商事纠纷具有重要意义。它不仅影响案件的审理结果，还关系到当事人的合法权益和国际法律秩序的协调。

如果您提到的“P141”是某本书的页码，可能需要更具体的信息来帮助您解答。如果您有其他问题，欢迎继续提问！","所谓准据法(lex cause,applicable law,proper law),是指按照冲突规范的指引而被援引的具体确定国际民商事法律关系当事人的权利与义务的特定的实体法律。例如，中国《涉外民事关系法律适用法》第36条规定：“不动产物权，适用不动产所在地法律。”在这条冲突规范中，不动产所在地国家的实体法，就是有关不动产物权关系的准据法。受理案件的法院适用这条冲突规范时，如确认所涉不动产位于中国并适用中国实体法，则中国有关实体法就是该不动产物权关系的准据法。可见，准据法是国际民商事法律关系具体适用的法律，而不是冲突规范抽象指定的法律。由于冲突规范的直接作用只是确定法律选择，或者说援引准据法，故它并不能直接调整国际民商事法律关系，只有与它所指定的准据法结合起来才能调整这种关系。因此，冲突规范间接调整国际民商事法律关系的作用的发挥离不开准据法。准据法作为国际私法上的一个特有概念，具有如下特点：第一，准据法必须是能够具体确定国际民商事法律关系中当事人权利义务关系的实体法。虽经冲突规范的指定或援引，但不能用来直接确定当事人的实体权利与义务的法律，不是准据法。譬如，在反致情况下，经内国冲突规范援引的外国冲突规范，就不是准据法。准据法既可能是内国法，也可能是外国法，还可能是国际条约和国际惯例，但均必须是实体法。第二，准据法必须是冲突规范指引的实体法。如不是冲突规范指引的某特定实体法，无论是作为统一实体法的国际条约和国际惯例，还是直接适用的国内实体法，均不能称为准据法。第三，准据法本身不是冲突规范逻辑结构的组成部分，它必须依据冲突规范中的系属并结合有关国际民商事案件的具体情况才能确定。例如，在“婚姻方式依婚姻举行地法”中，“婚姻举行地法”是系属，为了确定某一婚姻方式的准据法，法院需要将该系属中的“婚姻举行地”与该案件中的具体情况结合起来考虑。如果婚姻举行地在中国境内，那么,中国法就是规范该婚姻方式的准据法。"
92,国籍的取得与丧失（P197、198）,"您提到的“国籍的取得与丧失”可能是与中国法律或国际法相关的内容，以下是关于国籍取得与丧失的一些基本概念和中国法律的相关规定（以《中华人民共和国国籍法》为基础）：

---

### 一、国籍的取得
国籍的取得通常分为以下几种方式：

1. **出生取得**  
   - **血统主义**：根据父母的国籍决定子女的国籍。例如，中国实行血统主义原则，父母一方或双方为中国公民，其子女可以取得中国国籍。
   - **出生地主义**：根据出生地决定国籍（如美国、加拿大等国家）。

2. **归化取得**  
   - 外国人或无国籍人通过申请，满足一定条件后可以加入某国国籍。例如，中国《国籍法》第7条规定，外国人或无国籍人可以申请加入中国国籍，但需经批准。

3. **因婚姻取得**  
   - 某些国家允许因婚姻关系而取得国籍，但中国并未规定因婚姻自动取得国籍。

4. **其他特殊方式**  
   - 包括因领土变更、收养等原因取得国籍。

---

### 二、国籍的丧失
国籍的丧失通常包括以下几种情况：

1. **主动放弃**  
   - 公民自愿申请放弃本国国籍。例如，中国《国籍法》第10条规定，中国公民定居外国，可以申请退出中国国籍，经批准后丧失中国国籍。

2. **被动丧失**  
   - 某些国家规定，公民取得外国国籍后自动丧失本国国籍。例如，中国《国籍法》第9条规定，中国公民自愿加入或取得外国国籍的，自动丧失中国国籍。

3. **因法律规定丧失**  
   - 某些国家可能因特定原因（如叛国、危害国家安全等）剥夺公民的国籍。

4. **因领土变更丧失**  
   - 因国家领土变更，居民可能丧失原国籍并取得新国籍。

---

### 三、中国《国籍法》的主要规定
以下是《中华人民共和国国籍法》（1980年通过）的主要内容：

1. **中国国籍的取得**  
   - 出生时父母一方或双方为中国公民的，具有中国国籍。
   - 父母无国籍或国籍不明，且定居在中国的，出生在中国的子女具有中国国籍。
   - 外国人或无国籍人可以申请加入中国国籍，但需经批准。

2. **中国国籍的丧失**  
   - 中国公民自愿加入或取得外国国籍的，自动丧失中国国籍。
   - 中国公民定居外国，可以申请退出中国国籍，经批准后丧失中国国籍。

3. **双重国籍问题**  
   - 中国不承认双重国籍。中国公民取得外国国籍后，自动丧失中国国籍。

4. **特殊情况**  
   - 香港、澳门特别行政区居民和台湾居民的国籍问题，依据《国籍法》和相关政策处理。

---

### 四、国际法中的国籍问题
在国际法中，国籍是一个国家与个人之间的法律关系，主要由各国国内法规定，但也受到国际法的影响。国际法中涉及国籍的主要原则包括：
- **避免无国籍状态**：各国应尽量避免个人因法律冲突而成为无国籍人。
- **避免双重国籍**：部分国家通过双边或多边协议解决双重国籍问题。

---

如果您提到的“P197、198”是某本书的具体页码内容，请提供更多背景信息，我可以为您进一步解答！",(一)国籍的取得 国籍的取得是指一个人取得某一国家国民或公民的资格。根据各国的国籍立法和实践，国籍的取得主要有两种方式：一种是因出生而取得一国国籍；另一种是因加入而取得一国国籍。1.因出生而取得国籍 因出生而取得国籍，又称原始国籍、固有国籍，是指一个人由于出生而取得一国国籍。这是最主要的一种取得国籍的方式。各国国籍立法对因出生而取得国籍的规定，采取的立法原则是不相同的。(1)血统主义，就是根据血统关系取得国籍，即以父母的国籍来确定一个人的国籍。根据这一原则，凡是本国国民的子女，不论出生在国内还是国外，当然具有本国国籍。血统原则又进一步分为单系(父系)血统原则和双系(父母)血统原则两种。前者以父亲的国籍确定子女的国籍，故又称为父系血统原则；后者以父母的国籍决定其子女的国籍，亦即父母的国籍对子女的国籍均有影响。(2)出生地主义，指一个人的国籍不依其父母的国籍而取决于其出生的地方，即一个人出生在哪国，就取得哪个国家的国籍，而不问他的父母具有哪国国籍。历史上曾经大量吸收移民的国家，均曾采取过出生地主义。(3)混合主义，即依血统原则和出生地原则相结合的混合原则取得国籍，是指血统关系和出生地都是决定国籍的根据、兼而采之的一种立法模式。不过，采取混合原则的国家，立法上也有不同。有的以血统原则为主，以出生地原则为辅，而有的则平衡地兼采两种原则。目前各国实践的趋势是兼采血统主义和出生地主义，只不过在各国国籍法中侧重点有所不同。例如美国法律规定：出生在美国境外及其海外领地的人，双亲中一人是外国人，而另一人是美国公民的，在出生时即为美国国民和公民。2.因加入而取得国籍 因加入而取得国籍，又称后来国籍或继有国籍，简称入籍，指根据加入国籍者本人的意志或某种事实，并符合入籍国的法定条件和履行法定的程序而取得国籍。入籍有狭义和广义之分。狭义入籍是指外国人或无国籍人按一国法律之规定，通过本人自愿申请并经批准而取得该国国籍。广义入籍还包括基于婚姻、收养、准婚生、领土变更等原因而取得某国国籍。具体方式包括：(1)申请入籍，旧称归化，是指外国人或无国籍人按照一国法律规定，通过本人自愿申请并经批准而取得该国国籍。通常所说的入籍，是指这种狭义的入籍。一个国家是否允许外国人或无国籍人加入本国国籍，是一国主权范围内的事。国家可以根据本国法律的规定，或者批准当事人的申请而入籍，或者拒绝当事人的申请而不准入籍，别国无权干涉，任何人也没有权利主张一个国家必须接受他入籍。(2)婚姻入籍，是指一国公民与另一国公民结婚而取得另一国国籍。由于婚姻而变更国籍的问题，主要是婚姻对女子国籍产生影响的问题。关于婚姻对女子国籍的影响，各国法律规定不同，主要有三种情形：第一种情形是无条件的妻随夫籍。第二种情形是外国女子与本国男子结婚，采取妻随夫籍的原则，无条件取得本国国籍；而本国女子与外国男子结婚，采取女子国籍独立的原则，不必然变更国籍。第三种情形是有条件的妻随夫籍，即外国女子与本国男子结婚，原则上取得本国国籍，但有一定条件；而本国女子与外国男子结婚，原则上丧失本国国籍，但也有一定条件(如居住年限要求)。现代大多数国家国籍立法的倾向是，根据男女平等的原则和妇女国籍独立的原则，规定婚姻不影响国籍。3.因收养或认领非婚生子女入籍 因收养或认领非婚生子女入籍，是指一国国民收养无国籍或具有外国国籍的儿童为养子女，或者认领非婚生子女，而使被收养或认领的儿童取得收养或认领者国家的国籍。收养能否使被收养者的国籍发生变更，各国的法律规定是不同的，大致也有三种情形：第一种情形是收养影响国籍，即本国国民收养的外国国籍或无国籍的养子女，因收养而取得本国国籍。第二种情形是收养不影响国籍，即养子女不因收养而取得养父母所属国的国籍。第三种情形是收养虽不影响国籍，但养父母所属国可按优惠条件(如居住满一定年限或拥有一定的财产)给被收养人以该国国籍。4.由于交换领土入籍 两国在平等的基础上依条约交换部分领土，该领土上的居民的国籍是否随领土的交换而变更，一般是依双方的协议解决的。例如，美国兼并夏威夷后，于1900年立法宣布，所有在1898年8月12日系夏威夷居民的人均成为美国人。
91,和平共处五项原则（P97-99）,"和平共处五项原则是中国在20世纪50年代提出的一项重要外交政策原则，旨在促进国家间的和平与合作。这五项原则最早由中国、印度和缅甸在1954年共同倡导，并成为中国外交政策的重要基石。这五项原则具体包括：

1. **互相尊重主权和领土完整**  
   各国应尊重彼此的主权和领土完整，不干涉他国内政，承认各国的独立和平等地位。

2. **互不侵犯**  
   各国之间应避免使用武力或以武力相威胁，和平解决争端，维护国际和平与安全。

3. **互不干涉内政**  
   各国应尊重彼此的政治制度、社会制度和发展道路，不干涉他国内部事务。

4. **平等互利**  
   各国在交往中应本着平等的态度，追求互利共赢，促进共同发展。

5. **和平共处**  
   各国应以和平的方式共存，避免冲突和对抗，推动国际社会的和谐与稳定。

### 历史背景
和平共处五项原则最早在1954年6月28日由中国和印度在《中印关于中国西藏地方和印度之间的通商和交通协定》的序言中提出，随后在1954年12月中国、印度和缅甸三国总理会晤时被进一步确认。这一原则的提出，反映了新中国在冷战背景下寻求和平发展的外交理念。

### 现实意义
和平共处五项原则不仅是中国与周边国家处理关系的重要准则，也成为中国与世界各国交往的基本原则。它体现了中国坚持和平发展、反对霸权主义和强权政治的立场，并为国际社会提供了一种以和平与合作为核心的外交模式。

如果你需要更详细的内容或具体的案例分析，可以进一步告诉我！","和平共处五项原则作为一个开放包容的国际法原则体系，高度概括了相互尊重、公平正义、合作共赢的新型国际关系的本质特征，集中体现了主权、正义、民主、法治、和平和共赢等核心价值观。60多年来，五项原则不断被赋予新的内涵，从“和平共处”到“和平发展”,到“和谐世界”,再到“持久和平、普遍安全、共同繁荣、开放包容、清洁美丽”的“人类命运共同体”,既有传承，更有发展，具有强大的生命力和广泛的适用性。五项原则是一个相互联系、相辅相成、不可分割的统一体，适用于各种社会制度、发展水平、体量规模国家之间的关系。第一，互相尊重主权和领土完整，是五项原则中的首项，也是国际关系和国际法的一条最根本的原则。它包括两个方面的内容，即互相尊重主权和互相尊重领土完整。由于国家的主权和国家的领土完整密切相关，尊重一国主权首先意味着尊重该国的领土完整。因此，将这两个不尽相同但又密不可分的概念合并为一项原则提出来，是一种创新，具有重要意义。互相尊重主权和领土完整原则是国际法的基础和维护国际关系稳定的基石。各国有自由选择政治、法律、经济、社会及文化制度的权利，也有义务相互尊重世界文明和发展模式的多样性。各国在独立、平等的基础上享有权利，并在完全自愿和相互尊重的基础上承担义务和责任。国家有权在其领土内依法采取措施，捍卫其领土完整及自保和发展。第二，互不侵犯原则，是从互相尊重主权和领土完整原则直接引申出来的，也是第一项原则的重要保证。互不侵犯原则是国际和平与安全的根本保障。各国在国际关系中除经安理会授权或行使自卫权外，不得使用武力或以武力相威胁侵犯他国的主权、领土完整和政治独立，特别是不得发动任何形式的侵略。各国应维护以联合国安理会为核心的集体安全机制，倡导互信、互利、平等和协作的新安全观，寻求实现共同安全、综合安全、合作安全、普遍安全和可持续安全。国际社会可通过联合国安理会，根据《联合国宪章》,特别是第七章的规定，在个案基础上，采取集体行动，保护人民免遭战争罪、危害人类罪、种族清洗罪和灭绝种族罪。第三，互不干涉内政原则，也是从互相尊重主权和领土完整原则直接引申出来的，意味着，在现代国际关系中，国家不分大小、强弱均不应进行非法的武装干涉、经济干涉、外交干涉和其他方式干涉。互不干涉内政原则是确保国家独立自主、抵御霸权主义和强权政治的坚强屏障。任何国家均不得组织、协助、煽动、资助、鼓动或容许目的在于以暴力推翻另一国政权的颠覆、恐怖或武装活动，或干预他国的内政。国家或国际组织，经安理会依据《联合国宪章》授权或经他国同意，建设性地介入该国事务，不违反互不干涉内政原则。第四，平等互利原则，既是从互相尊重主权和领土完整原则直接引申出来的，又是在传统的平等原则基础上发展起来的一项新原则。和平共处五项原则倡导“互利”,抓住了国际关系的实质，注重国与国的务实合作。其新意在于：它更强调国家间的真正平等，即真正的平等应该是与互利相联系的，形式上的平等不一定是互利的，而只有互利的平等才是真正的平等。平等互利原则是国家间进行交往、开展合作的行为准则。各国不论大小、贫富、强弱，不论采取何种政治、经济、社会制度，应一律平等，相互尊重，应通过民主协商处理国际事务。各国在追求本国利益时，应兼顾他国利益和维护国际社会共同利益，谋求互利共赢。第五，和平共处原则，既是从互相尊重主权和领土完整原则直接引申出来的，又是五项原则的总称，还是一项单列的原则。《联合国宪章》在序言中规定各国必须“和睦相处”。中国和印度、缅甸将和平共处作为一个单项基本原则提出来，可以说是创新。和平共处原则的深刻含义是，各国不应因社会制度、意识形态和价值观念的不同，而在国际法律地位上有所差别，而应在同一个地球上和平地并存，友好地往来，善意地合作，并利用和平方法解决彼此间的争端。和平共处原则是维护国际秩序稳定的必要条件。"
26,国家主席的职权（P251）,"根据《中华人民共和国宪法》第三章第五节（国家主席），国家主席的职权主要包括以下内容：

1. **公布法律**：国家主席根据全国人民代表大会及其常务委员会的决定，负责公布法律。

2. **任免权**：国家主席根据全国人民代表大会及其常务委员会的决定，任免国务院总理、副总理、国务委员、各部部长、各委员会主任、审计长、秘书长等国家机关领导人员。

3. **发布命令**：国家主席根据全国人民代表大会及其常务委员会的决定，发布特赦令、宣布进入紧急状态、宣布战争状态、发布动员令等。

4. **外交职权**：国家主席代表中华人民共和国进行国事活动，包括接受外国使节、派遣和召回驻外全权代表、批准和废除同外国缔结的条约和重要协定等。

5. **荣誉职权**：国家主席根据全国人民代表大会常务委员会的决定，授予国家的勋章和荣誉称号。

需要注意的是，国家主席的职权是根据全国人民代表大会及其常务委员会的决定行使的，体现了国家主席在我国政治体制中的象征性和礼仪性职能，同时也反映了我国的人民代表大会制度和民主集中制原则。",（一）公布法律、发布命令。国家主席根据全国人大及其常委会的决定，公布法律，发布特赦令，宣布进入紧急状态，宣布战争状态，发布动员令。（二）任免权。国家主席提名国务院总理人选，根据全国人大及其常委会的决定，任免国务院总理、副总理、国务委员、各部部长、各委员会主任、审计长、秘书长。（三）外事权。国家主席代表中华人民共和国，进行国事活动接受外国使节；根据全国人大常委会的决定，派遣和召回驻外全权代表，批准和废除同外国缔结的条约和重要协定。（四）授予荣誉权。国家主席根据全国人大及其常委会的决定，授予国家的勋章和荣誉称号。
21,权利的概念（P86、87）,"您提到的“权利的概念”以及具体的页码（P86、87）可能是某本书或教材中的内容。由于您没有明确指出是哪本书或具体的资料来源，我无法直接引用或提供该书的具体内容。不过，我可以为您概述一下“权利”的一般概念。

### 权利的概念
权利是一个法律、哲学和社会学中的核心概念，通常指的是主体依法享有的某种利益或行为自由。权利的存在是为了保障个人或群体的利益，并在社会中维持秩序和正义。

#### 权利的基本特征
1. **合法性**：权利是由法律或社会规范所确认的，具有合法性。
2. **利益性**：权利的核心在于保护主体的合法利益。
3. **义务性**：权利的实现通常伴随着他人或社会的义务。
4. **可控性**：权利的行使需要在法律和道德的范围内进行。

#### 权利的分类
1. **按主体分类**：
   - 公民权利（如生命权、财产权）
   - 国家权利（如主权）
   - 集体权利（如集体所有权）

2. **按内容分类**：
   - 人身权（如生命权、健康权）
   - 财产权（如所有权、继承权）
   - 政治权利（如选举权、被选举权）

3. **按性质分类**：
   - 公法上的权利（如宪法权利）
   - 私法上的权利（如合同权利）

#### 权利与义务的关系
权利和义务是相辅相成的。一个主体的权利往往对应着另一个主体的义务。例如，公民享有受教育的权利，国家则有提供教育资源的义务。

如果您能提供更具体的书名或背景信息，我可以为您提供更有针对性的解答！",权利是指在一定的法律关系中，法律关系的主体一方对另一方所享有的可以要求一定的作为或不作为并为法律规范所认可的一种资格。它具有以下含义：第一，公民权利反映了主体之间一种对等的法律关系。在一个国家中，公民作为权利主体一方，其与另一方之间的法律地位具有对等性。在特定的法律关系中，主体一方享有一项权利，也就意味着相对应的另一方必须承担某种义务。第二，公民权利是由法律规范认可的。权利必须通过法律规范的确认才能获得法律上的正当性和有效性。而法律规范通过确认权利的内容，实现其自身的价值目标，从而获得其存在的合理性意义。第三，公民权利是一种法律上的资格。从法学的角度来看，权利意味着法律关系主体一方要求另一方作为或不作为的可能性，是一种法律上的资格，而不是这种作为或不作为本身。
17,宪法的特征（P18-20）,"宪法是国家的根本法，具有其他法律所不具备的特征。根据宪法学的基本理论，宪法的特征主要包括以下几个方面：

### 1. **宪法的根本性**
   - **内容的根本性**：宪法规定国家的根本制度和根本任务，确立国家的基本政治制度、经济制度、文化制度以及公民的基本权利和义务等。宪法是其他法律的基础和依据。
   - **效力的根本性**：宪法具有最高的法律效力，其他法律、法规不得与宪法相抵触。宪法是整个法律体系的核心和基础。
   - **制定和修改的根本性**：宪法的制定和修改程序比普通法律更加严格，通常需要更高的通过门槛和更广泛的民主参与。

### 2. **宪法的最高性**
   - 宪法是国家法律体系中效力最高的法律，其他法律、法规、规章都必须以宪法为依据，不能与宪法相违背。
   - 宪法的最高性体现在对国家权力的规范和对公民权利的保障上，任何组织和个人都必须遵守宪法。

### 3. **宪法的稳定性**
   - 宪法作为国家的根本法，具有相对的稳定性。宪法的稳定性有助于维护国家的法治秩序和社会的稳定。
   - 宪法的修改程序严格，避免频繁修改，以确保宪法的权威性和连续性。

### 4. **宪法的民主性**
   - 宪法是人民意志的集中体现，是通过民主程序制定的，反映了人民的根本利益和共同意志。
   - 宪法规定了公民的基本权利和义务，保障了人民的民主权利。

### 5. **宪法的原则性**
   - 宪法规定的是国家和社会生活中的基本原则和方向，具有高度的概括性和原则性。
   - 宪法为普通法律的制定提供了基本依据和指导。

### 6. **宪法的权威性**
   - 宪法是国家的最高权威，任何组织和个人都必须遵守宪法，任何违反宪法的行为都应受到追究。
   - 宪法的权威性是国家法治的基础，体现了国家的法治精神。

以上是宪法的主要特征，这些特征共同决定了宪法在国家法律体系中的特殊地位和重要作用。",1. 宪法规定了一个国家最根本的问题。宪法的内容涉及国家的政治、经济、文化、社会、对外交往等各方面的重大原则性问题和根本性问题。例如，我国宪法规定了国家的指导思想、根本制度、根本任务、国家性质、中国共产党的领导、政权组织形式、国家结构形式、经济制度、文化制度、外交政策和处理国际关系的基本原则、公民的基本权利和义务、中央和地方国家机构的设置以及各国家机关之间的相互关系等。这些内容是我国国家生活和社会生活中最根本、最重要的问题。而普通法律规定的内容只涉及国家生活或者社会生活中某一方面的问题。2. 宪法的制定和修改程序更为严格。为了维护宪法的尊严、保持内容的稳定性并从形式上赋予其最高法律效力，绝大多数国家在宪法的制定和修改程序上作了比普通法律更为严格的规定。与普通法律的制定相比较，宪法制定程序的特殊性主要有两点：（1）宪法的制定一般要求成立一个专门机构，如制宪会议、制宪议会等，该专门机构的职责就是起草或者制定宪法，在完成起草或者制定宪法的任务以后，该专门机构即解散。如美国由各州推选的代表在费城召集“制宪会议”，起草了1787宪法；法国为制定1791年宪法，由原来三级会议中的第三等级组成“制宪议会”；我国为制定1954年宪法，成立了以毛泽东为主席，朱德、宋庆龄等32为委员的“宪法起草委员会”。一般情况下，普通法律的制定由常设的立法机负责，尤须成立专门机构。（2）宪法的通过程序比普通法律严格。宪法的通过一般要求制宪机关成员的2/3以上或者3/4以上同意，有的国家还需要举行全民公决。在一些联邦制国家，还要求由组成联邦的各个或者多数成员国（州、邦、共和国）批准。而普通法律的通过一般只要求立法机关的议员或者代表过半数同意即可。与普通法律的修改相比较，宪法修改程序的特殊性主要有三点：（1）只有宪法规定的特定主体才可提出修改宪法的议案。如我国《宪法》第64条规定，宪法修改由全国人大常委会或者1/5以上的全国人大代表提议。而有权提议修改普通法律的主体则更广泛一些，即凡有权向立法机关提出法律草案的主体均可提议修改法律。（2）修改宪法的通过程序更严格。如我国《宪法》第64规定，修改宪法由全国人大以全体代表的2/3以上的多数通过。而普通法律的修改由立法机关以全体成员或者参加会议成员的过半数通过即可。（3）有些国家宪法中明确规定对修改宪法内容的限制。3. 宪法具有最高的法律效力。宪法调整的主要社会关系是国家与公民之间的关系。在国家与公民之间的关系上，宪法的主要功能是规范和限制国家权力。因此，宪法的最高法律效力是与国家权力相比较而言的，宪法设定、赋予了国家权力，并确定了国家权力的分配，还设定了行使国家权力的国家机构体系及其内部关系。在宪法层面上，国家权力运行的方式主要有两种，即依据宪法制定法律等规范性文件和依据宪法作出具体的宪法行为。因此，宪法的最高法律效力主要是与普通法律和直接依据宪法作出的具体宪法行为相比较而言的。其中，最基本的宪法行为是立法机关依据宪法制定法律等规范性文件。在这一意义上，宪法的最高法律效力通常是与普通法律相比较而言的。第一，宪法是普通法律制定的基础和依据。宪法确定了国家生活和社会生活中的根本制度、基本制度和基本原则，从宏观上和总体上确定规范、限制和保障国家权力运行的规则，规定公民的基本权利和义务等。立法机关通过立法将宪法的基本原则、基本精神、基本规范具体化，使之成为国家生活和社会生活的具体规范。因此，立法机关在立法时，必须依据宪法的规定，以宪法的规定为基础。无论普通法律是否明确规定其是依据宪法制定的，事实上它们都是依据宪法的规定制定的。如我国《国家赔偿法》第条规定：“为保障公民、法人和其他组织享有依法取得国家赔偿的权利，促进国家机关依法行使职权，根据宪法，制定本法。”其宪法依据主要是我国《宪法》第41条第款，即：“由于国家机关和国家工作人员侵犯公民权利而受到损失的人，有依照法律规定取得赔偿的权利。”有的法律的内容在宪法上可能没有直接的明确依据，但同样是依据宪法的规定制定的，只不过其依据的是宪法的原则和精神或者是宪法上的多项相关规定。第二，与宪法相抵触的普通法律无效。立法机关制定的任何法律都具有法律效力，但其前提是必须与宪法不相抵触，这是保证一个国家具有统一宪法秩序的需要，也是从根本上保障人权的需要。如果法律与宪法相抵触，或者全部无效，或者相抵触的部分无效。违反宪法的法律不是法律，当然也就没有法律效力。例如，日本《刑法》第200条规定，对于杀害尊亲属者一律加罚。该条款因被最高法院认定违反日本宪法关于法律面前一律平等的规定而被废止。为了保证宪法的最高法律效力，各国根据本国的具体国情，建立了各具特色的合宪性审查制度，以审查判断普通法律是否与宪法相抵触。合宪性审查机关如果认定某项普通法律违反宪法，或者直接撤销该法律，或者在具体案件中拒绝适用该法律。
27,人民法院的审判工作原则,"人民法院的审判工作原则是指在司法实践中，人民法院在审理案件时必须遵循的基本准则和指导思想。这些原则体现了我国司法制度的基本精神和价值取向，确保司法公正和权威。以下是人民法院审判工作的一些主要原则：

### 1. **依法独立审判原则**
   - 人民法院依法独立行使审判权，不受行政机关、社会团体和个人的干涉。
   - 审判工作必须严格依照法律规定进行，确保司法权的独立性和公正性。

### 2. **以事实为根据、以法律为准绳原则**
   - 审判工作必须以客观事实为基础，严格按照法律规定进行裁判。
   - 法官在审理案件时，应当全面、客观、公正地查明事实，并正确适用法律。

### 3. **司法公正原则**
   - 审判工作必须坚持公平、公正，确保案件处理结果符合正义要求。
   - 公正不仅体现在实体裁判结果上，也体现在程序的公开、公平和透明上。

### 4. **司法公开原则**
   - 人民法院的审判工作应当依法公开进行，除涉及国家秘密、个人隐私或未成年人案件等特殊情况外，审判过程和结果应向社会公开。
   - 公开审判有助于接受社会监督，增强司法公信力。

### 5. **平等原则**
   - 在审判过程中，所有当事人无论其身份、地位、性别、民族等，都应当在法律面前一律平等。
   - 法院应当平等保护各方当事人的合法权益。

### 6. **合议制原则**
   - 对于重大、复杂的案件，人民法院实行合议制，由合议庭集体讨论决定案件。
   - 合议制有助于避免个人偏见，确保裁判的公正性。

### 7. **两审终审制原则**
   - 我国实行两审终审制，当事人对一审判决不服的，可以依法提起上诉。
   - 二审法院的判决或裁定为终审裁判，具有法律效力。

### 8. **调解优先原则**
   - 在民事、经济、家庭等案件中，人民法院应当优先采用调解方式解决纠纷。
   - 调解有助于化解矛盾，促进社会和谐。

### 9. **程序公正原则**
   - 审判工作必须严格按照法定程序进行，确保程序的正当性和合法性。
   - 程序公正是实现实体公正的重要保障。

### 10. **尊重和保障人权原则**
   - 在审判过程中，人民法院应当尊重和保障当事人及其他诉讼参与人的合法权利。
   - 特别是在刑事案件中，应当保障被告人的辩护权、申诉权等基本权利。

### 11. **罪刑法定原则**
   - 在刑事审判中，必须坚持罪刑法定原则，即“法无明文规定不为罪，法无明文规定不处罚”。
   - 确保刑罚的适用严格依法进行，防止滥用刑罚权。

### 12. **疑罪从无原则**
   - 在刑事案件中，如果证据不足以证明被告人有罪，应当作出无罪判决。
   - 这一原则体现了对被告人合法权益的保护，防止冤假错案的发生。

### 13. **司法效率原则**
   - 人民法院应当在保证公正的前提下，提高审判效率，及时处理案件，避免诉讼拖延。
   - 司法效率的提高有助于维护当事人的合法权益，增强司法的权威性。

### 14. **监督制约原则**
   - 人民法院的审判工作应当接受人民代表大会及其常务委员会的监督，同时接受社会公众的监督。
   - 内部也应当通过审判委员会、上级法院等机制进行监督和制约。

以上原则共同构成了我国人民法院审判工作的基本框架，确保司法活动的合法性、公正性和权威性。",根据《宪法》和《人民法院组织法》的规定，人民法院的审判工作原则主要有依法独立行使审判权、平等适用法律、司法公正、司法民主、公开审判、司法责任制、使用本民族语言文字进行诉讼和当事人有权获得辩护等原则。1. 依法独立行使审判权原则。根据《宪法》第131条规定，人民法院依照法律规定独立行使审判权，不受行政机关、社会团体和个人的千涉。这与一些国家规定法官而不是法院独立审判有所不同。人民法院依照法律规定独立行使审判权，是指人民法院的独任法官、合议庭或者审判委员会等审判组织审判案件时，既要坚持“让审理者裁判，由裁判者负责＂的司法责任制，又要代表人民法院，以人民法院的名义行使审判权。对于特定案件的审判，还要依法坚持由合议庭、专业法官会议、审判委员会等集体讨论决策、集中法院的智慧，以保证法律统一适用，实现案件公正裁判。同时，为了保证全国法院裁判标准的统一，维护司法公正，《宪法》第132条规定，最高人民法院监督地方各级人民法院的审判工作，上级人民法院监督下级人民法院的审判工作。这里的监督，包括制定司法解释和司法政策文件、发布指导性和参考性案例、依照法律程序纠正下级法院的错误裁判等。为防止人民法院之外的机关和个人千预人民法院依法独立行使审判权，国家建立了领导干部等干预司法活动、插手具体案件处理的记录、通报和责任追究制度，以确保人民法院依法独立行使审判权原则得到落实。2. 平等适用法律原则。平等是公正的重要内容，也是司法的价值追求。人民法院审判案件，对于一切公民，不分民族、种族、性别、职业、社会出身、宗教信仰、教育程度、财产状况、居住期限等，在适用法律上一律平等，不允许任何组织和个人有超越法律的特权，禁止任何形式的歧视。3. 司法公正原则。公正是法治的生命线，更是审判工作的生命线。人民法院审理案件，以事实为根据，以法律为准绳，坚持实体公正和程序公正相统一，依法保护各个主体的诉讼权利和其他合法权益，尊重和保障人权。4. 司法民主原则。司法民主本质上是指保障人民参与司法的权利。包括：让公民担任人民陪审员参与审理案件，保障人民群众对审判活动的知情权和监督权，司法裁判要符合人民群众的公平正义观念，要让人民群众有更多的获得感和安全感等。5. 公开审判原则。公开审判是指人民法院在审理案件时，除涉及国家秘密、个人隐私、商业秘密等清形或者涉及未成年人等特殊利益保护外，一律公开进行。近年来，人民法院司法公开力度不断加大，建成了庭审公开复审判流程公开、执行信息公开和裁判文书公开四大平台，落实了《宪法》第130条关于“人民法院审理案件，除法律规定的特别情况外，一律公开进行”的规定。6. 司法责任制原则。人民法院实行司法责任制，建立健全权责统一的司法权力运行机制。2015月，最高人民法院发布《关于完善人民法院司法责任制的若干意见》，“让审理者裁判，由裁判者负责＂的司法责任制改革正式落地。2018年12月，最高入民法院发布《关千进一步全面落实司法责任制的实施意见》。根据这两个文件的规定，法官在审判丁作中独立行使职权，承担责任。故意违反法律规定的，或者因重大过失导致裁判错误并造成严重后果的，依法应当承担违法审判责任且终身追责。对于涉及群体性纠纷可能影响社会稳定的案件，疑难、复杂且在社会上有重大影响的案件，与本院或者上级法院的类案判决可能发生冲突的案件，以及有关单位或者个人反映法官有违法审判行为的案件，院长、副院长、庭长对上述案件的审理过程或者评议结果有异议的，可以决定将案件提交专业法官会议、审判委员会进行讨论，但不得强令独任法官、合议庭接受自己的意见或者直接改变独任法官、合议庭意见。全面落实司法责任制，对促进司法效能和司法公信力整体提升，推进审判体系和审判能力现代化具有重大意义。司法责任制契合了司法的基本规律，落实了司法审判的直接性和亲历性；司法责任制体现了法官员额制改革、法官职业化改革、审判权运行机制改革的价值，赋予这些改革实际意义。7. 使用本民族语言文字进行诉讼原则。为了保障少数民族公民在诉讼中更好地维护自己合法和正当的权益，《宪法》第139条规定，各民族公民都有用本民族语言文字进行诉讼的权利。人民法院对于不通晓当地通用的语言文字的诉讼参与人，应当为他们提供翻译；在少数民族聚居或者多民族共同居住的地区，应当用当地通用的语言进行审理；判决书、布告和其他文书应当根据实际需要使用当地通用的一种或者几种文字。8. 当事人有权获得辩护原则。辩护权是重要的人权。根据《宪法》和《刑事诉讼法》的规定，被告人有权获得辩护，入民法院有义务保证被告人获得辩护。犯罪嫌疑人、被告人除自己行使辩护权以外，还可以委托律师，人民团体或犯罪嫌疑人、被告人所在单位推荐的人，以及犯罪嫌疑人、被告人的监护人、亲友人作为辩护人。人民法院认为必要的时候，可以指定承担法律援助任务的律师为其辩护。近年来，随着司法改革的深入推进，法律援助范围不断扩大，刑事案件律师辩护全覆盖已经逐步推开，司法人权保障不断加强。
25,全国人民代表大会性质、地位、组成、任期和职权（P239-241）,"全国人民代表大会是中华人民共和国的最高国家权力机关，其性质、地位、组成、任期和职权如下：

### 一、性质
全国人民代表大会是国家的最高权力机关，是人民行使国家权力的机关。它是我国人民代表大会制度的核心，是体现人民民主专政和社会主义民主的重要组织形式。

### 二、地位
1. **最高国家权力机关**：全国人民代表大会在国家机构体系中居于最高地位，其他国家机关如国务院、最高人民法院、最高人民检察院等都由全国人大产生，对其负责并受其监督。
2. **立法机关**：全国人大是国家的立法机关，行使国家立法权，制定和修改宪法及其他基本法律。

### 三、组成
全国人民代表大会由全国各地选出的代表组成，代表的选举由各省、自治区、直辖市以及解放军等依照法律规定选举产生。代表的构成具有广泛的代表性，涵盖各民族、各地区、各行业和各阶层。

### 四、任期
全国人民代表大会每届任期五年。每年召开一次全体会议，称为全国人民代表大会会议。特殊情况下，可以提前或推迟换届选举，但不得超过一年。

### 五、职权
全国人民代表大会的职权主要包括以下几个方面：

1. **立法权**：
   - 修改宪法，监督宪法的实施。
   - 制定和修改刑法、民法、国家机构法等基本法律。

2. **决定权**：
   - 决定国家的重大事项，如批准国民经济和社会发展计划、国家预算等。
   - 决定战争与和平问题。

3. **选举和任免权**：
   - 选举国家主席、副主席。
   - 决定国务院总理的人选，并根据总理提名决定国务院其他组成人员的任免。
   - 选举最高人民法院院长、最高人民检察院检察长。

4. **监督权**：
   - 监督宪法和法律的实施。
   - 监督国务院、最高人民法院、最高人民检察院的工作。

5. **其他职权**：
   - 决定特别行政区的设立及其制度。
   - 决定全国或部分地区进入紧急状态等。

全国人民代表大会通过行使上述职权，体现了人民当家作主的根本政治制度，保障了国家权力的统一和高效运行。",《共同纲领》规定，国家最高政权机关为全国人民代表大会。在普选的全国人民代表大会召开以前，中国人民政治协商会议的全体会议执行全国人民代表大会的职权。根据1954年宪法的规定，全国人民代表大会是最高国家权力机关。1975年宪法改为“全国人民代表大会是在中国共产党领导下的最高国家权力机关”。1978年宪法恢复了1954年宪法的提法，规定全国人民代表大会是最高国家权力机关。根据1982年宪法的规定，全国人民代表大会是最高国家权力机关，行使国家立法权。第一，全国人民代表大会作为全国人民的代表机关，具有广泛的代表性。全国人民代表大会由省、自治区、直辖市、特别行政区和军队选出的代表组成。各少数民族都应当有适当名额的代表。宪法规定，国家的一切权力属于人民，而全国人民代表大会集中代表全国人民的根本利益和意志。第二，全国人民代表大会统一行使国家权力。全国人民代表大会有权修改宪法、监督宪法的实施；作为行使国家立法权的机关，有权制定和修改基本法律；全国人民代表大会选举或决定国家领导人；决定国家的重大事项；全国人民代表大会还行使应当由最高国家权力机关行使的其他职权。第三，全国人民代表大会在整个国家机构体系中居于最高地位。全国人民代表大会居于国务院、中央军事委员会、国家监察委员会、最高人民法院和最高人民检察院等其他中央国家机关之上，既不和它们并列，也不受它们制约；其他中央国家机关都由全国人民代表大会产生，执行它制定和修改的法律和通过的决议。全国人民代表大会作为最高国家权力机关，是从全国人民代表大会的性质和它在整个国家机构体系中的地位的角度来说的，这与坚持中国共产党对国家的全面领导是完全一致的。根据《中国共产党章程》的规定，中国共产党的最高领导机关，是党的全国代表大会和它所产生的中央委员会。全国人民代表大会与党的全国代表大会和党的中央委员会是性质不同的两种组织：前者是全国人民行使国家权力的最高政权组织，属于国家机构范畴；而后者是党的中央组织和党的最高领导机关。宪法和党章确立中国共产党领导是中国特色补会主义最本质特征，中国共产党是中国特色社会主义事业的领导核心，党政军民学，东西南北中，党是领导一切的。坚待党中央对国家最高权力机关和立法机关的领导，既是实施宪法的体现，也是贯彻落实党章的要求。以2018年《宪法修正案》为例，先由中共中央提出《关于修改宪法部分内容的建议》，后经全国人民代表大会常务委员会提出宪法修正案草案和议案，最后由全国人民代表大会通过。这是党的最高领导机关领导国家最高权力机关行使国家权力的典型范例。（二）组成、任期和职权。1. 全国人民代表大会的组成和任期。根据《宪法》和《选举法》的规定，全国人民代表大会由省、自治区、直辖市、特别行政区和军队选出的代表组成。代表名额不超过3000人。全国人民代表大会每届任期5年。2. 全国人民代表大会的职权。《宪法》第62条具体规定了全国人民代表大会的16项职权，可以归纳为六个方面：第一，修改宪法和监督宪法实施的权力。宪法的修改由全国人大常委会或1/5以上的全国人民代表大会代表提议，并由全国人民代表大会以全体代表的2/3以上的多数通过。为了维护宪法尊严、保障宪法实施，全国人民代表大会行使监督宪法实施的职权。第二，制定和修改基本法律的权力。全国人民代表大会行使国家立法权，有权制定和修改有关刑事、民事、国家机构的法律和其他基本法律。第三，对中央国家机关组成人员选举、决定人选和罢免的权力。全国人民代表大会选举并有权罢免全国人大常委会的组成人员；选举并有权罢免国家主席、副主席；根据国家主席的提名，决定国务院总理的人选，根据国务院总理的提名，决定国务院副总理、国务委员、各部部长、各委员会主任、审计长和秘书长的人选，并有权罢免国务院总理和国务院其他组成人员；选举中央军事委员会主席，根据中央军事委员会主席的提名，决定中央军事委员会其他组成人员的人选，并有权罢免中央军事委员会主席和中央军事委员会其他组成人员；选举并有权罢免国家监察委员会主任，选举并有权罢免最高人民法院院长和最高人民检察院检察长。第四，决定重大国家事项的权力。全国人民代表大会审查和批准国民经济和社会发展计划和计划执行情况的报告；审查和批准国家的预算和预算执行情况的报告；批准省、自治区和直辖市的建置；决定特别行政区的设立及其制度；决定战争和和平的问题。第五，监督其他中央国家机关的权力。全国人大常委会对全国人民代表大会负责并报告丁作，全国人民代表大会有权改变或者撤销全国人大常委会不适当的决定和法律；国务院对全国人民代表大会负责并报告工作；中央军事委员会主席对全国人民代表大会负责；国家监察委员会对全国人民代表大会负责；最高人民法院和最高人民检察院对全国人民代表大会负责。第六，应当由最高国家权力机关行使的其他职权。鉴于国家政治经济社会生活的复杂性，宪法不可能完全列举全国人大的职权，而国家的一些重大问题又必须由全国人大处理，为此，宪法赋予全国人大行使作为最高国家权力机关应当行使的其他职权。例如，为了保障经济体制改革和对外开放工作的顺利进行，1985年4月10日，六届全国人大三次会议通过决定，授权国务院对于经济体制改革和对外开放方面的问题，必要时可以根据宪法，在同有关法律和全国人大及其常委会的有关决定的基本原则不相抵触的前提下，制定暂行的规定或者条例，颁布实施，并报全国人大常委会备案。
24,我国国家机构体系和组织活动原则（P237、239）,"根据我国宪法和相关法律规定，我国的国家机构体系和组织活动原则主要包括以下内容：

---

### **一、国家机构体系**
我国的国家机构体系是按照民主集中制原则建立的，主要包括以下几个方面：

1. **全国人民代表大会及其常务委员会**  
   全国人民代表大会是我国的最高国家权力机关，行使立法权、决定权、任免权和监督权。全国人大常务委员会是全国人大的常设机关，负责在全国人大闭会期间行使部分职权。

2. **国家主席**  
   国家主席是国家的象征，依照全国人大的决定，行使国家元首的职权，包括公布法律、任免国务院总理、副总理、国务委员等。

3. **国务院**  
   国务院是最高国家行政机关，负责执行全国人大的决议，领导全国的行政工作。国务院由总理、副总理、国务委员、各部部长、各委员会主任、审计长、秘书长组成。

4. **中央军事委员会**  
   中央军事委员会是领导全国武装力量的最高军事机关，实行主席负责制。

5. **地方各级人民代表大会和地方各级人民政府**  
   地方各级人民代表大会是地方国家权力机关，地方各级人民政府是地方国家行政机关，负责管理本行政区域内的事务。

6. **监察机关**  
   国家监察委员会是最高监察机关，负责对公职人员进行监察，依法调查职务违法和职务犯罪。

7. **人民法院和人民检察院**  
   人民法院是国家的审判机关，人民检察院是国家的法律监督机关，分别行使审判权和检察权。

---

### **二、国家机构的组织活动原则**
我国国家机构的组织和活动遵循以下基本原则：

1. **民主集中制原则**  
   民主集中制是我国国家机构组织和活动的基本原则。它要求在国家机构内部实行民主基础上的集中和集中指导下的民主，既要充分发扬民主，又要保证集中统一。

2. **依法治国原则**  
   国家机构的活动必须依法进行，所有国家机关都必须在宪法和法律的范围内行使职权，做到有法可依、有法必依、执法必严、违法必究。

3. **为人民服务原则**  
   国家机构的活动必须以人民的利益为出发点和归宿，体现人民的意志，维护人民的利益。

4. **权责统一原则**  
   国家机关在行使职权的同时，必须承担相应的责任，做到权责一致。

5. **分工协作原则**  
   各国家机关之间既有明确的分工，又要相互配合、相互制约，形成整体合力。

---

以上内容是我国国家机构体系和组织活动原则的基本框架，具体内容可以参考《中华人民共和国宪法》以及相关法律的规定。",（一）党的领导原则。中国共产党是最高政治领导力量，党中央是党的最高领导机关。中国共产党按照总揽全局、协调各方的原则，在同级各种组织包括各级国家机关中发挥领导核心作用，并发挥党组在中央和地方国家机关中的领导作用。中央和地方各级人大机关、行政机关、政协机关、监察机关、审判机关、检察机关本质上都是政治机关，要彰显政治属性，始终坚持在党的领导下依法行使权力、履行职责。党领导人大、政府、政协、监察机关、审判机关、检察机关、武装力量、人民团体、企事业单位、基层群众自治组织、社会组织等，党在各种组织中必须发挥领导作用，把党的领导贯彻到党和国家所有机构履行职责全过程，推动各方面协调行动、增强合力。同时，中国共产党在宪法和法律的范围内活动，并保证国家的立法、司法、行政、监察机关积极主动地、独立负责地、协调一致地工作。（二）民主集中制原则。民主集中制原则是我国宪法的一项基本原则，同时也是国家机构的组织和活动原则。一方面，国家机构建立在充分民主的基础上，对国家重大问题的立法和决定，对国家事务和社会、经济、文化事务的管理，必须符合广大人民的利益和要求；另一方面，国家机构又在民主基础上进行集中，各级人民代表大会统一行使国家权力，产生的其他国家机关对其负责，受其监督。（三）为人民服务原则。根据宪法，国家的一切权力属千人民。人民通过人民代表大会行使国家权力。同时，人民依照法律规定，通过各种途径和形式，管理国家事务，管理经济和文化事业，管理社会事务。一切国家机关和国家机关工作人员必须依靠人民的支持，经常保持同人民的密切联系，倾听人民的意见和建议，自觉接受人民的监督，努力为人民服务。从本质上看，人民是国家的主人，而国家机关工作人员是人民的公仆。必须坚持人民主体地位，健全人民当家作主制度体系，完善体制机制，为人民依法管理国家事务、管理经济文化事业、管理社会事务提供更有力的保障。（四）权责统一原则。我国国家机构行使宪法和法律规定的对国家、社会、经济、文化等事务的管理职权，同时，一切国家机关实行工作责任制。如果国家机关违法或不当行使职权，应承担相应的法律责任。要健全党和国家监督体系，完善对权力运行的监督制约机制；各级国家机关及其工作人员要带头尊法学法守法用法，不得有超越宪法法律的特权，绝不允许以言代法、以权压法、逐利违法、徇私枉法。（五）精简和效率原则。根据宪法的规定，一切国家机关实行精简的原则，不断提高工作质量和效率。必须克服机构重叠、职责交叉、权责脱节、职责划分不够科学、职责缺位和效能不高、一些领域权力运行制约和监督机制不够完善、滥用职权、以权谋私等问题，深化国家机构改革，改革机构设置，优化职能配置，转变政府职能第二节全国人民代表大会及其常务委员会和管理方式，提高效率效能，不断提高国家机关的管理水平和服务质督，反对官僚主义。（六）法治原则。宪法最主要的功能是确认、规范和制约国家权力，保证国家机构按照宪法规定的原则、方式和程序行使权力、履行职责。要坚持依法治国、依法执政、依法行政共同推进，坚持法治国家、法治政府、法治社会一体建设，依法依规完善国家机构职能，依法履行职责，依法管理机构和编制，完善国家机构组织法，既发挥法治规范和保障作用，做到重大改革于法有据，又通过改革加强和完善法治。
23,公民的基本义务（P220-226）,"看起来您提到的是某本书或某个材料的具体页码（P220-226），并且提到了“公民的基本义务”。由于我无法直接访问具体的书籍或材料内容，但我可以为您提供关于“公民的基本义务”的一般性知识。

在中国，根据《中华人民共和国宪法》，公民的基本义务主要包括以下内容：

1. **维护国家统一和民族团结**  
   公民有义务维护国家的统一，反对分裂国家的行为，促进民族团结。

2. **遵守宪法和法律**  
   宪法是国家的根本大法，所有公民都必须遵守宪法和法律，依法行使权利和履行义务。

3. **维护国家安全、荣誉和利益**  
   公民有义务保守国家秘密，维护国家的安全、荣誉和利益，不能从事危害国家的活动。

4. **依法服兵役和参加民兵组织**  
   根据法律规定，符合条件的公民有义务服兵役，保卫国家。

5. **依法纳税**  
   公民有义务按照法律规定缴纳税款，这是国家财政收入的重要来源。

6. **受教育的义务**  
   公民有接受教育的权利，同时也有让适龄子女接受义务教育的责任。

7. **劳动的义务**  
   劳动是公民的光荣职责，公民有通过劳动为社会和国家作贡献的义务。

8. **保护环境的义务**  
   公民有义务保护自然资源和生态环境，促进可持续发展。

9. **尊重社会公德和他人权利**  
   公民在行使权利时，不得损害他人的合法权益，必须尊重社会公德。

如果您提到的内容与某本书或材料的具体内容相关，建议您提供更多背景信息，我可以更有针对性地帮助您！",一、维护国家统一和各民族团结的义务。二、维护国家统一和各民族团结的义务。三、遵守宪法和法律的义务。（一）保守国家秘密。国家秘密是指涉及党和国家的安全与利益，尚未公开或不准公开的政治、经济、军事、公安、司法等秘密事项以及应当保密的文件、资料等。《保守国家秘密法》第条规定公民有保守国家秘密的义务。违反《保守国家秘密法》的规定，故意或过失泄露国家秘密，构成犯罪的，按照刑法有关规定追究刑事责任；泄露国家秘密，不够刑事处罚的，可以酌情给予行政处分。（二）保护公共财产。公共财产是指全民所有财产和劳动群众集体所有财产。《宪法》第12条规定：“社会主义的公共财产神圣不可侵犯。国家保护社会主义的公共财产。禁止任何组织或者个人用任何手段侵占或者破坏国家的和集体的财产。”（三）遵守劳动纪律。劳动纪律是指劳动者在从事社会生产和工作时，必须遵守和执行的劳动秩序、劳动规则及其工作程序。（四）遵守公共秩序。公共秩序包括社会秩序、生产秩序、教学科研秩序。公共秩序是保证安定团结的政治局面、进行社会主义现代化建设的重要条件。每位公民必须维护公共秩序，并同一切破坏公共秩序的行为进行斗争。（五）尊重社会公德。宪法规定的社会公德指社会公共道德，是人们在社会交往和公共生活中应当遵守的道德标准和行为准则，其核心内容是爱祖国、爱人民、爱劳动、爱科学、爱社会主义。爱国主义教育的目的是要弘扬民族精神和时代精神，巩固和发展最广泛的爱国统一战线，把人民群众的爱国热情引导和凝聚到建设和发展中国特色社会主义事业上来，使之做有理想、有道德、有文化、有纪律的社会主义公民。四、维护祖国安全、荣誉和利益的义务。五、依法服兵役的义务。六、依法纳税的义务。七、宪法规定的公民其他义务。
19,我国宪法的基本原则,"我国宪法是国家的根本法，具有最高的法律效力，是治国安邦的总章程。我国宪法的基本原则主要包括以下几个方面：

### 1. **人民主权原则**
   - 我国宪法明确规定，中华人民共和国的一切权力属于人民。人民是国家的主人，国家权力来源于人民，并服务于人民。
   - 人民通过选举、民主协商等方式行使权力，体现了人民当家作主的根本地位。

### 2. **社会主义原则**
   - 我国宪法确立了社会主义制度是我国的根本制度，明确坚持中国共产党领导，走中国特色社会主义道路。
   - 宪法规定，国家坚持公有制为主体、多种所有制经济共同发展的基本经济制度，体现了社会主义的本质要求。

### 3. **法治原则**
   - 宪法强调依法治国，建设社会主义法治国家。国家机关必须依法行使权力，公民的权利和自由受法律保护。
   - 宪法是国家的根本法，具有最高法律效力，任何组织和个人都必须遵守宪法。

### 4. **尊重和保障人权原则**
   - 宪法明确规定，国家尊重和保障人权，保护公民的基本权利和自由。
   - 宪法赋予公民平等权、政治权利、宗教信仰自由、言论自由等基本权利，同时规定公民必须履行相应的义务。

### 5. **民主集中制原则**
   - 宪法规定，国家机构实行民主集中制，既体现民主，又强调集中，保证国家权力的统一和高效。
   - 民主集中制是我国国家机构组织和活动的基本原则。

### 6. **民族平等和团结原则**
   - 宪法规定，中华人民共和国是统一的多民族国家，各民族一律平等，国家保障少数民族的合法权益，促进民族团结。
   - 国家实行民族区域自治制度，尊重和保护少数民族的文化和风俗习惯。

### 7. **和平发展原则**
   - 宪法规定，我国坚持独立自主的和平外交政策，反对霸权主义和强权政治，致力于维护世界和平与促进共同发展。

### 8. **党的领导原则**
   - 宪法明确规定，中国共产党是中国特色社会主义事业的领导核心，坚持党的领导是我国宪法的基本原则之一。

以上这些基本原则共同构成了我国宪法的核心内容，体现了我国的国家性质、社会制度和治国方略。",（一）坚持中国共产党的领导。1. 坚持中国共产党的领导，是历史和人民的选择。2. 坚持中国共产党的领导，是由我国的国体决定的。3. 坚持中国共产党的领导，是由中华民族伟大复兴崇高目标和国家根本任务决定的。（二）人民主权。（三）社会主义法治。（四）尊重和保障人权。（五）权力监督与制约。1. 人民对国家权力的监督。2. 公民对国家机关和国家工作人员的监督。3. 国家机关之间的制约和监督。（六）民主集中制。
20,我国的国家性质,"我国是中华人民共和国，简称中国，是一个**社会主义国家**，由中国共产党领导，实行人民民主专政。根据《中华人民共和国宪法》，我国的国家性质主要体现在以下几个方面：

1. **社会主义国家**：  
   中国是以马克思列宁主义、毛泽东思想、邓小平理论、“三个代表”重要思想、科学发展观和习近平新时代中国特色社会主义思想为指导的社会主义国家。社会主义制度是我国的根本制度。

2. **人民民主专政**：  
   我国的国家政权性质是人民民主专政，即工人阶级领导的、以工农联盟为基础的人民民主专政。人民是国家的主人，享有广泛的民主权利，同时对极少数敌对分子实行专政。

3. **中国共产党领导**：  
   中国共产党是中国特色社会主义事业的领导核心。党的领导是中国特色社会主义最本质的特征，也是我国国家制度的最大优势。

4. **单一制国家**：  
   我国是单一制国家，实行中央统一领导，地方各级政府在中央的统一领导下开展工作。我国的行政区划包括省、自治区、直辖市、特别行政区等。

5. **多民族国家**：  
   我国是一个统一的多民族国家，由56个民族组成。各民族平等、团结、共同发展是我国民族政策的基本原则。

6. **以公有制为主体的经济制度**：  
   我国实行以公有制为主体、多种所有制经济共同发展的基本经济制度，同时坚持社会主义市场经济体制。

7. **依法治国**：  
   我国是社会主义法治国家，实行依法治国、建设社会主义法治体系，保障社会公平正义和人民权利。

总之，我国的国家性质是由社会主义制度、人民民主专政和中国共产党领导等基本特征决定的。这些性质共同构成了我国的根本政治制度和社会制度的基础。",（一）人民民主专政在我国的确立。（二）人民民主专政实质上是无产阶级专政。
74,民事诉讼证据的特征（P118、119）,"民事诉讼证据的特征主要包括以下几个方面：

1. **客观性**  
   证据必须是客观存在的事实或材料，能够真实反映案件的客观情况。证据的客观性是其最基本的特征，要求证据内容真实、可靠，不能是虚构或伪造的。

2. **关联性**  
   证据必须与案件的待证事实有实质性的联系，能够证明案件事实的存在或不存在。没有关联性的材料不能作为证据使用。

3. **合法性**  
   证据的取得、形式和来源必须符合法律规定。非法手段获取的证据（如通过胁迫、暴力等方式取得的证据）不能作为民事诉讼中的合法证据。

4. **多样性**  
   民事诉讼中的证据形式多种多样，包括书证、物证、证人证言、当事人陈述、鉴定意见、勘验笔录、视听资料、电子数据等。不同形式的证据在诉讼中具有不同的证明力。

5. **证明力的相对性**  
   证据的证明力并非绝对的，而是相对的。不同证据的证明力可能存在差异，法官需要结合案件具体情况对证据的证明力进行综合判断。

6. **时效性**  
   证据的提出和使用必须在法律规定的期限内进行。如果超过法定期限，可能会丧失其法律效力。

以上特征共同构成了民事诉讼证据的基本属性，确保了证据在诉讼过程中能够客观、公正地反映案件事实，为法官作出裁判提供依据。",(一)客观性：证据的客观性，亦称证据的真实性，是指证据的形式和内容必须是客观存在的事实，而不是捏造或虚构的东西。首先，证据必须以某种能够被人感知的形式体现出来，这就是证据的形式客观性。只有以特定的物质载体表现出来并为人们以某种方式所感知，证据才能够对案件事实起到证明作用。其次，证据必须是客观存在的事实，必须反映客观实际情况，这就是证据的内容客观性。证据的内容客观性其实强调的是证据的真实性。也就是说，证据必须是真实的，只有真实的资料和信息才可能成为法院认定案件事实的根据。证据的客观性并不意味着证据不具有丝毫主观的成分。在民事诉讼中，受主观认识或者其他因素的影响，当事人总是尽可能多地向法院提供有利于自己的证据资料、隐藏不利于自己的证据资料，甚至有可能提交伪造、篡改的事实作为证据资料。诉讼证明活动正是要从当事人提供的证据资料中去伪存真、去粗取精。但是，受法官的认识能力、个人偏见或者其他客观因素的影响，经法官认定的证据仍可能并不是或者不完全是客观事实。从这个角度来看，证据也具有主观的成分。但这并不影响、更不能否定客观性是证据的本质属性。(二)关联性：并非所有的事实都能对案件事实起证明作用。要对案件事实起证明作用，用作证据的事实必须与案件事实之间有内在的必然联系。证据的关联性，又称相关性，是指只有与待证的案件事实之间存在客观的、内在的、必然的联系的事实，才能成为民事诉讼证据。首先，从形式上看，证据与待证事实之间必须存在逻辑上的联系，即人们运用逻辑规则可以从作为证据的事实推导出案件事实。上述事实的证据在形式上就必须符合相关法律的规定。2.从取证方法看，证据必须依据法定程序和方法调查收集。无论当事人还是法院，调查收集证据的行为必须合法。《民诉法解释》第106条规定：“对以严重侵害他人合法权益、违反法律禁止性规定或者严重违背公序良俗的方法形成或者获取的证据，不得作为认定案件事实的根据。”根据这一规定，当事人用肉体折磨或精神虐待，或私自安装窃听装置等方法取得的证据就因不具有合法性而不能作为证据。3.从证据的使用程序看，当事人提供的证据必须经过法定的程序才能成为定案根据。这一法定程序主要是指证据的质证程序，即证据应当在法庭上出示，由当事人质证。未经当事人质证的证据，不能作为认定案件事实的依据。但是，当事人在审理前的准备阶段认可的证据，经审判人员在庭审中说明后，视为质证过的证据。其次，从内容上看，由于证据与案件事实之间的联系方式不同，有直接联系或间接联系，因而证据对证明案件事实的作用也不同。证据的关联性要求每一个具体的证据必须对证明案件事实具有实质性意义。也就是说，其中的联系必须是客观的、内在的、必然的联系。(三)合法性：证据的合法性，也称证据的法律性，是指某种事实在民事诉讼中作为认定案件事实根据的适格性或者容许性。证据的合法性具有以下三层含义：1.从形式上看，证据必须具备法定的表现形式。根据我国《民事诉讼法》的规定，民事诉讼证据必须表现为以下八种形式之一：(1)当事人的陈述；(2)书证；(3)物证；(4)视听资料；(5)电子数据；(6)证人证言；(7)鉴定意见；(8)勘验笔录。此外，根据其他相关法律的规定，某些法律事实或法律行为必须用某种特定形式的证据予以证明。比如，婚姻状况必须用结婚证或离婚证予以证明；保证合同和抵押合同必须用书面合同予以证明。在民事诉讼中，当事人证明上述事实的证据在形式上就必须符合相关法律的规定。2.从取证方法看，证据必须依据法定程序和方法调查收集。无论当事人还是法院，调查收集证据的行为必须合法。《民诉法解释》第106条规定：“对以严重侵害他人合法权益、违反法律禁止性规定或者严重违背公序良俗的方法形成或者获取的证据，不得作为认定案件事实的根据。”根据这一规定，当事人用肉体折磨或精神虐待，或私自安装窃听装置等方法取得的证据就因不具有合法性而不能作为证据。3.从证据的使用程序看，当事人提供的证据必须经过法定的程序才能成为定案根据。这一法定程序主要是指证据的质证程序，即证据应当在法庭上出示，由当事人质证。未经当事人质证的证据，不能作为认定案件事实的依据。但是，当事人在审理前的准备阶段认可的证据，经审判人员在庭审中说明后，视为质证过的证据。在证据的“三性”中，证据的客观性是证据的自然属性，也是最本质的属性。证据的客观性是关联性和合法性的基础。证据的关联性是在客观性的基础上对证据特征的进一步揭示，体现了证据对证明案件事实的作用和价值。它的作用在于缩小收集、调查、审查证据的范围，提高诉讼证明的效率。证据的合法性是在关联性的基础上对证据提出的法律要求，体现了诉讼证明与日常生活中普通形式的证明的本质区别，体现了证据的法律属性。
77,简易程序的特点,"简易程序通常是指结构简单、功能单一、易于理解和实现的小型程序。它们的特点包括以下几点：

1. **功能单一**  
   简易程序通常专注于解决一个特定的问题或完成一个特定的任务，功能范围有限，避免复杂的多功能设计。

2. **代码简洁**  
   程序代码通常较短，逻辑清晰，避免冗余代码，易于阅读和维护。

3. **易于实现**  
   简易程序的开发周期较短，通常不需要复杂的设计和规划，适合快速实现和测试。

4. **用户友好**  
   界面设计简单直观，操作方便，用户无需复杂的学习即可上手使用。

5. **资源占用少**  
   简易程序通常对系统资源（如内存、CPU）的需求较低，运行效率高，适合在低配置设备上使用。

6. **可移植性强**  
   由于程序简单，依赖较少，通常可以轻松移植到不同的平台或环境中运行。

7. **易于扩展**  
   由于结构简单，后续如果需要增加功能或优化性能，修改起来相对容易。

8. **适合初学者**  
   简易程序通常是编程初学者学习和练习的良好选择，因为它们可以帮助理解基本的编程概念和逻辑。

总的来说，简易程序的核心特点是“简单”和“实用”，它们通常用于快速解决问题或作为更复杂系统的原型。",(一)起诉方式简便：《民事诉讼法》第158条规定，对于简单的民事案件，原告可以口头起诉。口头起诉是指原告本人不能书写起诉状，委托他人代写起诉状又确有困难时，将自己的诉讼请求、事实与理由、相关证据以口述方式诉至法院并由法院记录、登记、核对的一种起诉方式。简易程序的口头起诉方式应当注意以下几个方面：1.原告指的是自然人，法人或其他组织的起诉必须采用书面形式。2.原告本人不能书写起诉状，主要包括两种情形：其一，原告本人是文盲或半文盲，不能亲自书写诉状；其二，原告本人因肢体残疾不能书写起诉状。3.委托他人代写确有困难，是指原告不能委托家人或朋友代写，又因经济困难不能委托法律服务机构有偿代写的情况。(二)受理程序简便：受理程序简便，是指法院审查起诉和决定是否受理的程序简便。在审查原告的起诉时，经审查认为符合条件的，可以当即通知原告予以受理；认为不符合受理条件的，则可以当即告知原告不予受理，并说明理由。当事人双方同时到基层法院或者它的派出法庭请求解决纠纷的，基层法院和它的派出法庭可以当即进行审理。如果案件不具备当即审理条件的，也可以另定日期审理。(三)传唤方式简便：简易程序简化了法院传唤当事人、通知证人和其他诉讼参与人的程序和方式。法院可以采取捎口信、打电话、发短信、发传真、发电子邮件等简便方式传唤双方当事人、通知证人。传唤的时间，不受普通程序规定必须在开庭3日前通知当事人和其他诉讼参加人的限制。《民诉法解释》第261条规定，以简便方式送达的开庭通知，未经当事人确认或者没有其他证据证明当事人已经收到的，法院不得缺席判决。(四)审判组织采用独任制：适用简易程序审理的案件，一律实行独任制，即由审判员一人独任审判，书记员担任记录。按照普通程序审理案件时，必须由审判员、陪审员共同组成合议庭，或者由审判员组成合议庭进行审理，实行合议制。(五)庭审程序简化：适用简易程序审理案件时，在庭审程序上不受《民事诉讼法》第136条、第138条和第141条规定的限制，即：不必在开庭3日前公布当事人姓名、案由和开庭的时间、地点；法庭调查和法庭辩论可以合并进行，也可以穿插进行，灵活掌握；案件应当一次开庭审结，但法院认为确有必要再次开庭的除外。(六)审理期限较短：《民事诉讼法》第161条规定，法院适用简易程序审理案件，应当在立案之日起3个月内审结。《民诉法解释》第258条第1款规定：“适用简易程序审理的案件，审理期限到期后，双方当事人同意继续适用简易程序的，由本院院长批准，可以延长审理期限。延长后的审理期限累计不得超过六个月。”
78,公益诉讼的特征（P219）,"公益诉讼是指为了维护社会公共利益而提起的诉讼，其具有以下几个主要特征：

1. **公共性**：  
   公益诉讼的核心特征是其目的在于保护社会公共利益，而非个人或特定群体的私益。诉讼的关注点是社会整体利益或特定领域的公共利益，例如环境保护、消费者权益、食品药品安全等。

2. **主体的特殊性**：  
   公益诉讼的原告通常具有特殊性，可能是法律明确授权的机关、组织或个人。例如，在环境公益诉讼中，环保组织或检察机关可以作为原告提起诉讼，而普通个人通常无权单独提起公益诉讼。

3. **客体的广泛性**：  
   公益诉讼涉及的客体范围较广，通常包括环境保护、食品药品安全、消费者权益保护、文化遗产保护等领域。这些客体都与社会公共利益密切相关。

4. **程序的特殊性**：  
   公益诉讼的程序设计通常与普通民事诉讼有所不同。例如，法律可能对公益诉讼的起诉条件、举证责任、诉讼费用等作出特殊规定，以降低诉讼门槛，鼓励更多主体参与保护公共利益。

5. **救济的社会性**：  
   公益诉讼的救济措施通常具有社会性，其目的是恢复或保护公共利益，而非单纯追求对个体的赔偿。例如，环境公益诉讼的目标可能是修复被破坏的生态环境，而不是直接赔偿某一特定个人。

6. **法律依据的明确性**：  
   公益诉讼通常需要有明确的法律依据支持，相关法律会对公益诉讼的范围、主体资格、程序规则等作出具体规定。例如，《中华人民共和国民事诉讼法》《环境保护法》等法律中对公益诉讼有明确规定。

以上特征共同构成了公益诉讼的独特性质，使其在维护社会公共利益方面发挥重要作用。",1.原告与案件无直接利害关系。民事诉讼一般涉及的是私人利益，原告因自己的民事权益受到被告的侵害，为保护自己依法享有的权利而提起诉讼。因此，原告与所提起的诉讼之间具有直接的利害关系。《民事诉讼法》第119条把“原告是与本案有直接利害关系的公民、法人和其他组织”作为提起诉讼的条件之一。在公益诉讼中，原告并未受到被告行为的直接侵害，与所提起的诉讼之间并无直接的利害关系。如经营者在合同中规定的格式条款，虽然损害了不特定的多数消费者利益，但并未对消费者协会的利益造成损害，但消费者协会有权提起公益诉讼。也就是说，在公益诉讼中，法律放宽了对原告资格的限制，允许与本案无直接利害关系的人作为原告提起公益诉讼。2.原告起诉的目的是维护社会的公共利益。民事诉讼是为保护私人利益，解决私人之间的民事权益争议而设立的制度，原告起诉的目的在于保护其本人的民事权益。公益诉讼则不同，原告本人的权益并未受到被告的损害或者直接损害，原告起诉也不是为维护本人的权益，而是旨在维护受到损害的社会公共利益。
75,法院调解的原则（P154、155）,"法院调解是人民法院在审理民事案件过程中，依据法律规定，促使当事人自愿达成协议，从而解决纠纷的一种方式。法院调解的原则主要包括以下几点：

### 1. **自愿原则**
   - 调解必须建立在当事人自愿的基础上，法院不能强迫当事人接受调解或达成协议。
   - 当事人有权选择是否接受调解，也有权在调解过程中随时终止调解。

### 2. **合法原则**
   - 调解协议的内容必须符合法律、法规的规定，不能违反社会公共利益和社会公德。
   - 法院在调解过程中应当依法进行，确保调解结果的合法性。

### 3. **平等原则**
   - 调解过程中，法院应当保障当事人地位平等，充分听取双方的意见。
   - 法院不得偏袒任何一方，确保调解过程公平、公正。

### 4. **自愿与合法相结合原则**
   - 调解既要尊重当事人的意愿，又要确保调解协议的合法性。
   - 法院应在尊重当事人意愿的基础上，依法引导当事人达成合法的调解协议。

### 5. **调解与裁判相结合原则**
   - 调解是法院解决纠纷的一种方式，但如果调解不成，法院应当依法作出裁判。
   - 调解与裁判的结合可以提高纠纷解决的效率，同时保障当事人的合法权益。

### 6. **保护当事人权益原则**
   - 调解应当以保护当事人的合法权益为核心，避免因调解损害一方的正当权益。
   - 法院应当关注弱势群体的权益，防止因信息不对称或其他原因导致不公平的调解结果。

法院调解的这些原则旨在确保调解过程的公正性、合法性和有效性，同时促进社会和谐与稳定。","(一)自愿原则：自愿原则，是指法院进行调解时，必须以双方当事人的自愿为前提，不得违背当事人的自主意志强行启动调解程序，以及强迫当事人接受调解方案。自愿原则具体表现在程序与实体两个方面。1.在程序方面，自愿表现为法院采用调解的方式解决民事纠纷。除离婚等必须进行调解的案件以外，对于任何案件进行调解，都必须首先征得当事人双方同意，即不论是调解的启动还是调解的进行，都需要征得当事人双方的同意，在当事人双方自愿的条件下进行，不得强迫调解。2.在实体方面，自愿表现为当事人双方对调解协议的内容，即实体民事权益的处分必须自愿，且属于真实意思表示。《民事诉讼法》第96条规定：“调解达成协议，必须双方自愿，不得强迫……”《民诉法解释》第145条第1款规定：“人民法院审理民事案件，应当根据自愿、合法的原则进行调解。当事人一方或者双方坚持不愿调解的，应当及时裁判。”在法院调解中，审判人员可以根据法律与民事政策对当事人进行引导，说服教育，向当事人提出调解的建议，但不能将自己对案件的处理意见强加给当事人，双方当事人能否达成协议，不仅完全取决于双方当事人的自愿，而且当事人在是否同意调解意愿的表达上必须是明示的，不能采取默示的方式。(二)合法原则：合法原则，是指法院调解不仅必须依法进行，而且调解的过程以及调解中达成协议的内容也要符合法律的规定。所谓符合法律的规定也具体表现在程序和实体两个方面。1.在程序方面，法院调解的启动、方式、步骤以及调解协议的达成与调解书的制作、送达，均应符合法律规定。不能为追求调解结案而省略若干程序，即调解必须按照《民事诉讼法》以及最高人民法院有关调解程序的规定进行。2.在实体方面，调解协议的内容不得违反法律、行政法规的强制性规定，不得损害国家利益、社会公共利益和他人的合法权益。在法院调解过程中，主持调解的审判人员应当认真审查、引导当事人正确达成调解协议，如果调解协议内容违反法律规定，即使是出于当事人的自愿而达成的，也不应当允许。(三)查明事实、分清是非的原则：查明事实、分清是非的原则，是指法院调解应当在事实清楚、是非分明的基础上进行。《民事诉讼法》第93条规定：“人民法院审理民事案件，根据当事人自愿的原则，在事实清楚的基础上，分清是非，进行调解。”即法院调解不是无原则地“和稀泥”,应当以事实为依据，以法律为准绳，体现对社会公平正义的追求。换言之，事实清楚，是非分明，不仅是衡量调解结果正当与否的基础，查明案件事实，分清双方当事人之间的是与非，也是促使当事人达成协议的重要手段。如果当事人双方在案件事实和是非判断上认识不清，就不可能对事实的法律后果有正确的理解，也很难对实体权利作出令人接受的方案。同时，只有查明案件事实，分清是非，才能使审判人员抓住当事人争议的焦点，找准解决纠纷的切入点，实施合理的调解措施，为正确进行调解、达成调解协议提供依据。在理论上有观点认为，既然调解是当事人之间通过相互协商、让步的方式解决纠纷而不是通过判决解决纠纷，就无须查明案件事实，分清是非。同时，从节约司法成本、提高调解成功率的角度主张在法院调解中取消查明事实、分清是非的原则。但本书认为，法院调解作为审判权和当事人处分权相结合条件下解决纠纷的一种方式，其中审判权力的行使必须保证其合法性。法院调解虽然对案件事实清楚的要求程度不像判决那么高，但也应做到事实基本清楚、是非基本明确，否则调解方案的提出和内容的审查就没有依据，既难以使当事人接受，也无法保证其合法性，因而法院调解应当遵循查明事实、分清是非的原则。"
79,对民事裁判案件的再审（P255、256）,"您提到的“P255、256”可能是某本书或资料的页码，涉及民事裁判案件的再审内容。以下是关于民事裁判案件再审的一些通用法律知识，供您参考：

### 一、民事裁判案件再审的概念
民事裁判案件的再审是指在民事诉讼中，当事人或利害关系人对已经发生法律效力的判决、裁定或调解书不服，依法向法院申请重新审理案件，或者由法院依职权决定重新审理案件的程序。再审程序是对生效裁判的纠错机制，旨在保障司法公正。

### 二、再审的启动方式
1. **当事人申请再审**：
   - 当事人对已经生效的判决、裁定或调解书不服，可以在法定期限内向法院申请再审。
   - 根据《中华人民共和国民事诉讼法》第208条，当事人申请再审的期限为判决、裁定发生法律效力后6个月内。

2. **检察机关抗诉**：
   - 检察机关认为生效的民事裁判存在错误，可以依法向法院提出抗诉。

3. **法院依职权决定再审**：
   - 法院发现生效裁判确有错误，可以依职权决定启动再审程序。

### 三、再审的法定情形
根据《民事诉讼法》第207条，以下情形可以申请再审：
1. 有新的证据，足以推翻原判决、裁定的；
2. 原判决、裁定认定的基本事实缺乏证据证明的；
3. 原判决、裁定认定事实的主要证据是伪造的；
4. 原判决、裁定认定事实的主要证据未经质证的；
5. 当事人在诉讼中因不可抗力或者其他正当理由未能参加诉讼的；
6. 原判决、裁定适用法律确有错误的；
7. 审判人员在审理案件时有贪污受贿、徇私舞弊、枉法裁判行为的；
8. 其他依法应当再审的情形。

### 四、再审的程序
1. **申请再审**：
   - 当事人向原审法院或上一级法院提出再审申请。
   - 再审申请书应当载明申请再审的理由、事实和法律依据。

2. **审查再审申请**：
   - 法院对再审申请进行审查，决定是否受理。
   - 如果决定再审，法院可以中止原判决、裁定的执行。

3. **再审审理**：
   - 再审案件可以由原审法院审理，也可以由上一级法院审理。
   - 再审程序中，法院可以重新审查案件事实和适用法律。

4. **再审裁判**：
   - 再审法院可以维持原判，也可以撤销或变更原判。

### 五、再审的法律效果
1. 如果再审裁判维持原判，原判决继续有效。
2. 如果再审裁判撤销或变更原判，新的裁判结果具有法律效力。

如果您提到的“P255、256”是某本书的具体内容，建议您提供更多背景信息，我可以为您更有针对性地解答。",对原审法院以裁判的方式审结的案件，再审法院经过再审审理后，可以依法作出裁判文书，对原审裁判内容的正确与否予以判定。由于再审程序的目的是纠正确有错误的生效法律文书，因此再审审理后的裁判文书应当对原生效的裁定书或判决书的效力作出回应，确认是否撤销原生效裁判。法院对民事裁判案件的再审审理后，按下列情形予以处理：1.原判决、裁定认定事实清楚、适用法律正确的，应用判决、裁定的方式予以维持。2.原判决、裁定在认定事实、适用法律、阐述理由方面虽有瑕疵，但裁判结果正确的，法院应在再审判决、裁定中纠正上述瑕疵后予以维持。3.原判决、裁定认定事实、适用法律错误，导致裁判结果错误的，再审法院应当依法改判、撤销或者变更原裁判。4.在再审中发现案件一审起诉就不符合受理条件或不符合起诉条件的，应当裁定撤销原审各判决，驳回起诉。就原生效判决所涉及的案件，如果双方当事人在再审中达成调解协议，法院在确认其不违背自愿和合法原则后，应当制作调解书。由于调解书是根据当事人的调解协议制作而成，故调解书一经各方当事人签收生效后，原判决视为被撤销。
80,申请支付令的条件（P277）,"申请支付令的条件通常适用于中国《民事诉讼法》第三编特别程序中的相关规定。根据《民事诉讼法》第214条的规定，申请支付令需要满足以下条件：

1. **债权债务关系明确**：申请支付令的债权人和债务人之间必须存在明确的债权债务关系，且债权人能够提供充分的证据证明该关系的存在。

2. **债务人未履行到期债务**：债务人未按照约定履行到期的金钱债务或交付有价证券的义务。

3. **债权不涉及其他争议**：债权债务关系清楚，不涉及其他争议。如果债务人对债权提出异议，法院将不适用支付令程序，而可能转入普通诉讼程序。

4. **支付令适用范围**：支付令仅适用于金钱债务或有价证券的交付，不适用于其他类型的债务。

5. **管辖法院**：申请支付令应向有管辖权的基层人民法院提出。

6. **债权人提出申请**：支付令程序必须由债权人主动向法院申请，法院不会主动启动支付令程序。

如果债务人在收到支付令后15日内未提出书面异议，也未履行债务，债权人可以申请法院强制执行。

以上是申请支付令的基本条件，具体操作可能因实际情况有所不同，建议结合具体案件咨询专业律师或查阅相关法律条文。",根据《民事诉讼法》第214条和《民诉法解释》第429条的规定，债权人申请支付令，应当符合下列条件：(1)请求给付的是金钱或者是有价证券，有价证券包括汇票、本票、支票、股票、债券、国库券、可转让的存款单等；(2)请求给付的金钱或者有价证券已到期并且数额确定；(3)债权人没有对待给付义务；(4)债务人在我国境内且未下落不明；(5)支付令能够送达债务人；(6)收到申请书的法院有管辖权；(7)债权人未向法院申请诉前保全。
73,确定管辖的原则（P101）,"“确定管辖的原则”通常是指在法律领域中确定某一案件或事项应由哪个司法管辖区或机构处理的规则和标准。以下是确定管辖的主要原则（P101）：

1. **属地管辖原则**  
   根据案件发生的地点或行为实施的地点确定管辖权。通常，案件发生地的法院或机构具有优先管辖权。

2. **属人管辖原则**  
   根据当事人的国籍、住所或居所确定管辖权。例如，一个国家的公民即使在国外犯罪，也可能受到本国法律的管辖。

3. **属物管辖原则**  
   根据案件所涉及的财产或物品的所在地确定管辖权。例如，不动产纠纷通常由不动产所在地的法院管辖。

4. **协议管辖原则**  
   当事人可以通过协议选择某一特定法院或仲裁机构作为争议的管辖机构。这种选择通常在合同中明确规定。

5. **专属管辖原则**  
   某些案件只能由特定的法院或机构管辖，其他法院无权受理。例如，涉及国家安全、外交事务或特定领域（如专利、海事）的案件可能适用专属管辖。

6. **级别管辖原则**  
   根据案件的性质、复杂程度或争议金额，确定由哪一级法院管辖。例如，基层法院、中级法院或高级法院的分工。

7. **连接点原则**  
   在国际私法中，常根据案件与某一国家或地区的“连接点”来确定管辖权。连接点可以是行为地、结果地、当事人住所地等。

8. **公共秩序原则**  
   如果某一案件的管辖权可能违反某国的公共秩序或基本法律原则，该国可以拒绝承认或执行其他国家的管辖权。

以上原则在不同的法律体系中可能有所不同，具体适用取决于相关法律法规和案件的具体情况。",(一)两便原则：便于当事人进行诉讼、便于法院行使审判权，是我国民事诉讼立法的指导思想，也是确定管辖应遵循的原则。(二)保障公正审判原则：公正是民事诉讼的首要价值。管辖的确定应当有利于实现审判公正。在确定管辖时，首先应当根据各级法院的职权范围和案件种类的不同，合理确定不同法院的管辖范围，排除和预防各种可能影响公正审判的因素。其次要合理平衡原告、被告、第三人之间的程序利益。在允许原告选择管辖法院的同时，赋予被告提出管辖异议的权利，并允许当事人通过协议的方式选择管辖法院，正是这一原则的体现。(三)兼顾各级法院职能和均衡各级法院工作负担原则：管辖的确定还应兼顾各级法院职能，适当均衡最高、高级、中级、基层四级法院之间的工作负担，建立起金字塔形的案件管辖分布格局。中级、高级、最高人民法院除了审判第一审民事案件，还有对下级法院的审判活动进行法律监督的职能，不宜过多管辖第一审民事案件。居于塔底的基层法院数量多，又最接近当事人，且没有上诉审职能，大多数第一审民事案件应当由其管辖。同时，在设立最高人民法院巡回法庭以及跨行政区划的法院之后，还可协调其与现有四级法院之间管辖上的分工。(四)确定性与灵活性相结合原则：管辖的确定性，即法定性；管辖的灵活性，即裁量性。作为起诉条件之一的管辖，首先强调其确定性，即由立法加以明文规定，以方便当事人进行诉讼和避免法院之间因管辖发生争议。在确定性之外，又要有一定的灵活性，以便于法院根据案件的特殊情形，在少数情况下对管辖权进行变通裁量。(五)维护国家主权原则：司法权是国家主权的重要组成部分，在涉外民事诉讼中，应尽可能拓宽我国法院对涉外民事案件的管辖权，以维护国家主权。
81,案外人异议之诉（P316、317）,"案外人异议之诉是中国民事诉讼法中的一项重要制度，主要是为了保护案外人的合法权益，防止因法院的执行行为对案外人造成不当侵害。以下是关于案外人异议之诉的相关内容（参考《民事诉讼法》第316条和第317条）：

---

### **一、案外人异议之诉的概念**
案外人异议之诉是指在执行程序中，案外人对执行标的主张实体权利，认为法院的执行行为侵害了其合法权益，依法提起的诉讼。

---

### **二、法律依据**
根据《中华人民共和国民事诉讼法》第316条和第317条的规定：

1. **第316条**  
案外人对执行标的提出书面异议的，人民法院应当自收到异议之日起十五日内审查。异议成立的，裁定中止执行、解除对执行标的的查封、扣押、冻结等措施；异议不成立的，裁定驳回。

2. **第317条**  
案外人、当事人对前条裁定不服的，可以自裁定送达之日起十五日内向人民法院提起诉讼。

---

### **三、案外人异议之诉的适用情形**
案外人异议之诉主要适用于以下情形：
1. 案外人对执行标的享有所有权或其他实体权利（如抵押权、质权等）。
2. 案外人认为法院的执行行为侵害了其合法权益。
3. 案外人已经向法院提出书面异议，但异议未被法院支持，案外人不服裁定，依法提起诉讼。

---

### **四、案外人异议之诉的程序**
1. **提出异议**  
案外人首先应当向执行法院提出书面异议，说明其对执行标的享有的实体权利。

2. **法院审查异议**  
法院在收到异议后，应当在十五日内进行审查，并作出裁定：
   - 如果异议成立，法院应中止执行或解除对执行标的的查封、扣押、冻结等措施；
   - 如果异议不成立，法院裁定驳回。

3. **提起异议之诉**  
如果案外人对法院的裁定不服，可以在裁定送达之日起十五日内向法院提起案外人异议之诉。

4. **法院审理**  
法院受理案外人异议之诉后，将对案外人主张的实体权利进行审理，并作出判决。

---

### **五、案外人异议之诉的特点**
1. **主体特殊性**  
提起异议之诉的主体是案外人，即未参与原执行案件的第三人。

2. **权利基础**  
案外人异议之诉的基础是案外人对执行标的享有的实体权利。

3. **程序衔接性**  
案外人异议之诉是执行程序与诉讼程序的衔接机制，旨在通过诉讼程序解决执行中的争议。

---

### **六、案外人异议之诉的法律效果**
1. 如果法院判决支持案外人的诉讼请求，执行程序将被中止或终结，案外人的权利将得到保护。
2. 如果法院判决驳回案外人的诉讼请求，执行程序将继续进行。

---

### **七、相关案例**
例如，甲公司与乙公司之间存在债务纠纷，法院判决乙公司向甲公司支付债务。执行过程中，法院查封了某一财产，但案外人丙公司主张该财产属于其所有，并提出异议。如果法院裁定驳回丙公司的异议，丙公司可以提起案外人异议之诉，要求确认其对该财产的所有权。

---

案外人异议之诉是执行程序中的重要救济手段，能够有效平衡执行效率与案外人权益保护之间的关系。",案外人异议之诉，是指在执行程序中，案外人为维护自己的合法权益，向执行法院提出的对有关执行标的实体法律关系进行审理与裁判，以纠正执行错误的请求。根据《民事诉讼法》第227条的规定，案外人提起异议之诉应当符合三个条件：(1)在主体上，只能由案外人提起。(2)在内容上，必须以不服执行机构对案外人异议所作裁定为前提，与作为执行依据的判决、裁定无关。(3)在时间上，必须在执行机构对案外人异议作出的裁定送达之日起15日内提起。《民诉法解释》将上述第(2)个条件细化为两个条件：第一，案外人的执行异议申请已经被执行机构裁定驳回；第二，有明确的排除对执行标的执行的诉讼请求，且诉讼请求与原判决、裁定无关。法院审理案外人异议之诉的目的，是解决案外人与执行当事人之间因执行标的产生的实体权利义务纠纷。因此，案外人异议之诉必须以案外人和执行当事人为诉讼主体。具体来说，案外人异议之诉的原告是案外人，被告应当是申请执行人。被执行人反对案外人对执行标的所主张的实体权利，申请执行人和被执行人为共同被告。法院适用普通程序对案外人异议之诉进行审理和裁判。经审理，案外人异议之诉的理由不成立的，法院判决驳回其诉讼请求；案外人异议之诉理由成立的，法院判决不准对执行标的进行执行。案外人在提起异议之诉时，同时提出确认其权利的诉讼请求的，法院可以在判决中一并作出裁判。法院判决支持案外人的诉讼请求，即判决不得对执行标的进行执行的，执行异议裁定失效。当事人对裁判不服的，依法享有上诉权，即可以向上一级法院提起上诉。在案外人异议之诉的诉讼期间，执行机构不得对执行标的进行处分。申请执行人请求继续执行并提供相应担保的，法院可以准许。案外人请求停止执行，请求解除查封、扣押、冻结，或者申请执行人请求继续执行有错误，给对方当事人造成损失的，应当予以赔偿。
76,强制措施的种类（P175、176）,"强制措施是指公安机关、人民检察院和人民法院在刑事诉讼过程中，为了保证刑事诉讼的顺利进行，对犯罪嫌疑人、被告人采取的限制或剥夺其人身自由的各种方法。根据《中华人民共和国刑事诉讼法》的规定，强制措施的种类包括以下几种：

1. **拘传**  
   拘传是指公安机关、人民检察院和人民法院依法强制犯罪嫌疑人、被告人到案接受讯问的一种强制措施。拘传的时间不得超过12小时，特殊情况下不得超过24小时。

2. **取保候审**  
   取保候审是指公安机关、人民检察院和人民法院责令犯罪嫌疑人、被告人提供保证人或者交纳保证金，并出具保证书，保证其不逃避侦查、起诉和审判的一种强制措施。取保候审的期限一般不得超过12个月。

3. **监视居住**  
   监视居住是指公安机关、人民检察院和人民法院责令犯罪嫌疑人、被告人在指定的居所或者特定的地点接受监视和限制活动的一种强制措施。监视居住的期限一般不得超过6个月。

4. **拘留**  
   拘留是指公安机关对现行犯或者重大嫌疑分子，在紧急情况下依法临时剥夺其人身自由的一种强制措施。拘留的期限一般为3日，特殊情况下可以延长至7日，重大犯罪嫌疑人可以延长至30日。

5. **逮捕**  
   逮捕是指公安机关、人民检察院和人民法院依法对有证据证明有犯罪事实、可能判处徒刑以上刑罚，并有逮捕必要的犯罪嫌疑人、被告人采取的剥夺其人身自由的一种强制措施。逮捕需要经过严格的批准程序。

以上是刑事诉讼中规定的五种强制措施，每种措施的适用条件和程序都有严格的法律规定，以保障刑事诉讼的顺利进行，同时保护犯罪嫌疑人、被告人的合法权益。",针对妨害民事诉讼行为的不同类别及严重程度，《民事诉讼法》规定了以下五种强制措施：1.拘传，指法院派出司法警察，强制当事人等到庭参加诉讼和到场接受询问。2.训诫，指法院以口头方式训斥实施妨害诉讼行为的人，指出其行为的违法性，责令其改正并保证不得再犯。训诫是一种较轻的强制措施，适用于性质较轻的妨害行为。3.责令退出法庭，指法院命令违反法庭纪律的人离开法庭，如不服从命令，则由司法警察强制带离法庭。4.罚款，指法院责令妨害民事诉讼的人在规定的期限内向国家交一定数额的货币。根据《民事诉讼法》第115条的规定，罚款的限额是：对个人为人民币10万元以下，对单位为人民币5万元以上100万元以下。5.拘留，指法院决定在一定期限内限制妨害民事诉讼行为人的人身自由。拘留的期限为15日以下。
72,民事诉讼法的基本原则（P54-64）,"《中华人民共和国民事诉讼法》的基本原则是指导民事诉讼活动的基本准则，贯穿于民事诉讼的全过程。这些原则不仅体现了民事诉讼法的基本精神，也为具体法律条文的适用提供了指导。根据《民事诉讼法》的规定和相关理论，以下是民事诉讼法的基本原则（对应教材P54-64的内容）：

---

### 1. **当事人平等原则**
- **内容**：民事诉讼中的当事人无论是自然人、法人还是其他组织，其诉讼地位一律平等，享有平等的诉讼权利。
- **法律依据**：《民事诉讼法》第8条规定：“民事诉讼应当遵循当事人平等原则。”
- **意义**：体现了法律面前人人平等的宪法原则，保障了当事人在诉讼中的公平地位。

---

### 2. **处分原则**
- **内容**：当事人有权依法处分自己的民事权利和诉讼权利，包括是否起诉、诉讼请求的范围、是否和解等。
- **法律依据**：《民事诉讼法》第13条规定：“当事人有权在法律规定的范围内处分自己的民事权利和诉讼权利。”
- **意义**：尊重当事人的意思自治，体现了民事诉讼的私权性。

---

### 3. **辩论原则**
- **内容**：当事人在诉讼中有权对案件事实、证据和法律适用问题进行辩论，法院应当保障当事人的辩论权。
- **法律依据**：《民事诉讼法》第12条规定：“人民法院审理民事案件，应当根据当事人自愿和合法的原则，进行调解；调解不成的，应当及时判决。”
- **意义**：保障当事人充分表达意见，促进案件事实的查明和法律的正确适用。

---

### 4. **诚实信用原则**
- **内容**：当事人及其他诉讼参与人应当诚实守信，不得滥用诉讼权利或妨碍诉讼秩序。
- **法律依据**：《民事诉讼法》第13条规定：“当事人进行民事诉讼，应当遵循诚实信用原则。”
- **意义**：维护诉讼秩序，防止恶意诉讼和滥用诉讼权利。

---

### 5. **法院调解原则**
- **内容**：人民法院在审理民事案件时，应当在自愿和合法的基础上进行调解，调解不成的再依法判决。
- **法律依据**：《民事诉讼法》第9条规定：“人民法院审理民事案件，应当根据当事人自愿和合法的原则，进行调解。”
- **意义**：有助于化解矛盾，节约司法资源，促进社会和谐。

---

### 6. **支持起诉原则**
- **内容**：对法律规定的特定主体（如无民事行为能力人、弱势群体等），人民法院、检察机关、有关组织可以支持其提起诉讼。
- **法律依据**：《民事诉讼法》第15条规定：“机关、社会团体、企业事业单位对损害国家、集体或者个人民事权益的行为，可以支持受害人向人民法院起诉。”
- **意义**：保护弱势群体的合法权益，体现司法的公平正义。

---

### 7. **两审终审原则**
- **内容**：民事案件实行两审终审制，当事人对一审判决不服的，可以依法上诉；二审判决为终审判决。
- **法律依据**：《民事诉讼法》第10条规定：“人民法院审理民事案件，实行两审终审制度。”
- **意义**：既保障当事人的救济权，又提高诉讼效率，维护法律的权威性和稳定性。

---

### 8. **公开审判原则**
- **内容**：人民法院审理民事案件，除涉及国家秘密、个人隐私或法律另有规定外，应当公开进行。
- **法律依据**：《民事诉讼法》第11条规定：“人民法院审理民事案件，除涉及国家秘密、个人隐私或者法律另有规定的以外，应当公开进行。”
- **意义**：保障公众的知情权，增强司法的透明度和公信力。

---

### 9. **依法审判原则**
- **内容**：人民法院审理民事案件，必须严格依照法律规定，依法作出裁判。
- **法律依据**：《民事诉讼法》第6条规定：“人民法院审理民事案件，必须以事实为根据，以法律为准绳。”
- **意义**：确保司法公正，维护法律的权威性和统一性。

---

以上是《民事诉讼法》的基本原则的主要内容。这些原则相互联系，共同构成了民事诉讼活动的基本框架和指导思想。",当事人平等原则、处分原则、辩论原则、诚实信用原则、自愿合法调解原则、民事检察监督原则、支持起诉原则
88,结婚的条件（P343、344）,您提到的“结婚的条件（P343、344）”似乎是某本书或资料中的内容，但您并未具体说明是哪本书或资料。如果您能提供更多背景信息或具体问题，我会尽力为您解答！如果您是想了解结婚的法律条件或相关知识，我也可以为您提供相关信息。,(一)结婚的实质要件 结婚实质要件，包括结婚的必备条件和结婚的禁止条件。1.结婚的必备条件 必备条件，又称结婚的积极要件，指当事人结婚时必须具备的法定条件。根据我国《婚姻法》的规定，结婚必须具有以下三个条件：(1)男女双方完全自愿。结婚必须男女双方完全自愿，不许任何一方对他方加以强迫或任何第三者加以干涉。这是婚姻自由原则在结婚制度中的具体体现。男女双方完全自愿包括：第一，双方本人自愿，不是父母或他人代为同意；第二，双方真实自愿，无因受胁迫而违反真实意愿的情形；第三，双方完全自愿，不勉强，无保留，无附加条件。(2)达到法定婚龄。法定婚龄是指法律规定的最低结婚年龄，在我国为男性满22周岁，女性满20周岁。法定婚龄属于强制性规范。(3)符合一夫一妻制度。一夫一妻制要求结婚双方均处于无配偶状态。(二）结婚的形式要件 符合结婚实质要件的当事人，只有履行法定的结婚程序，其婚姻关系才被国家和社会承认，产生法律效力。婚姻法要求结婚的当事人必须向婚姻登记机关提出结婚申请，接受婚姻登记机关的审査，履行登记手续，婚姻才能有效成立。
84,所有权的种类（P155-158）,"您提到的“所有权的种类”内容可能是某本书或教材中的内容，具体是指哪本书或哪门课程的内容呢？如果您能提供更多背景信息，我可以更好地帮助您总结或解释相关内容。

一般来说，在法律或经济学中，所有权的种类可能包括以下几种常见分类：

1. **按所有权主体分类**：
   - **国家所有权**：指由国家作为所有权主体的财产所有权。
   - **集体所有权**：指由特定集体组织作为所有权主体的财产所有权。
   - **私人所有权**：指由个人或家庭作为所有权主体的财产所有权。

2. **按所有权客体分类**：
   - **动产所有权**：指对动产（如车辆、家具等）的所有权。
   - **不动产所有权**：指对不动产（如土地、房屋等）的所有权。

3. **按所有权的权能分类**：
   - **完全所有权**：指所有权人对财产享有占有、使用、收益和处分的完整权利。
   - **限制所有权**：指所有权人在某些方面受到限制，如共有财产中的部分所有权。

4. **按所有权的形式分类**：
   - **单一所有权**：指某一财产仅由一个主体拥有。
   - **共有所有权**：指某一财产由两个或多个主体共同拥有，包括按份共有和共同共有。

如果您需要更详细的解释或具体的内容，请提供更多信息，我会尽力为您解答！",(一)国家所有权 国家所有权作为社会主义条件下的一种所有权形式，是指国家对国有财产的占有、使用、收益和处分的权利，它是全民所有制在法律上的表现。①依据《物权法》第45条的规定，法律规定属于国家所有的财产，即属于全民所有，从而确定了国有财产全民所有的性质。《物权法》确认和保护国家所有权，对于维护国家基本经济制度、保障国有财产的保值增值和防止国有财产流失具有重要意义。国家所有权具有如下特征：一是主体的特殊性。国家既是主权的享有者、政权的承担者，也是国有财产的归属者。国家代表全体人民行使所有权，实现全体社会成员的利益需要。在我国现行体制下，国家所有权是通过国务院代表国家来行使的。二是客体的特殊性。国家所有权的客体具有广泛性。我国的国家所有权客体范围相当广泛，既包括了土地及其他自然资源的所有权，也包括了各类动产和不动产。根据《物权法》第41条的规定，依照法律规定专属于国家所有的不动产和动产，任何单位和个人都不能取得所有权。例如，城市的土地、矿藏、水流、森林、山岭、草原、荒地、滩涂等自然资源属于国家专有，禁止侵占或以买卖及其他方式非法转让。三是取得方式的特殊性。由于国家本身是主权的享有者和政权的承担者，国家可以凭借其公共权力通过征收、国有化、没收等方式，在符合法定程序和条件的前提下，强制性地将公民个人或集体的财产收归国有。四是行使方式的特殊性。国家所有权要由国务院代表国家统一行使。同时，国家作为一个抽象的实体，它难以直接行使所有权，必须通过法律法规授权的国家机关、企业事业单位以及国家投资的企业，在法律规定的范围内行使。此外，国家可以直接以国库的财产为基础，以特殊的民事主体的身份，发行国债、国库券。国家也可以设立专门的机构对国家的外汇储备进行管理和投资。国家所有权是我国全民所有制的法律形式，保护国家所有权是维护国家基本经济制度的要求。尤其是在我国公有制仍然占主体地位的情况下，国家所有权直接关系到国家的经济安全和经济命脉，决定了国家宏观调控的基础和能力。所以，保护国家所有权对于保障我国社会主义市场经济的健康有序发展也具有重要意义。(二)集体所有权 集体所有权是指集体组织以及集体组织全体成员对集体财产享有的占有、使用、收益和处分的权利，它是劳动群众集体所有制在法律上的表现。1.集体所有权的主体。它包括农村和城镇的各类集体组织。依据《物权法》第61条的规定，城镇集体所有的不动产和动产由本集体享有占有、使用、收益和处分的权利。集体所有权没有全国性的统一的主体，各个劳动群众集体组织都是独立的集体所有权的主体。农村集体所有权，是指农村集体经济组织成员对于本集体所有的动产和不动产所享有的所有权。依据《物权法》第59条第1款的规定，农村集体所有权在性质上应当属于本集体成员所有。集体成员对集体财产享有共同的支配权、平等的民主管理权和共同的收益权，涉及成员重大利益的事项必须经过成员集体决定。当然，本集体经济组织成员所有，是指本集体成员集体所有，而集体所有并不意味着就是集体成员共有。2.集体所有权的客体。它是指属于该集体所有的不动产和动产。我国实行土地全民所有和集体所有两种形式。农村和城市郊区的土地，除由法律规定属于国家所有的以外，属于集体所有；宅基地和自留地、自留山，也属于集体所有。但就集体所有权的客体而言，不包括专属于国家所有的自然资源等专属性的财产。3.集体所有权的内容。它是指集体对其所有的财产享有占有、使用、收益和处分的权利。①集体所有权的内容包括了所有权的各项权能，但是某些权能(如对土地所有权的处分权)又是受限制的，也就是说，集体的土地不能直接进入市场进行转让。4.集体所有权的行使，要依据法律、法规和有关规约，并且依照法定的程序。集体所有权的行使必须要依法实行民主管理，对于一些重大的事务必须由集体的成员依法民主作出决定。集体组织的负责人只是代表集体组织来行使权利，必须对集体成员负责，并接受他们的监督。一般来说，集体所有权的各项权能都是由集体自己行使的，但是根据生产和经营活动的需要，某个集体组织也可以将其所有权的权能转移给个人行使。为了充分保障农村集体经济组织的成员的权利，促进集体经济的稳定发展，《物权法》规定了农村集体组织的成员权，它是指集体经济组织成员依据法律和章程对集体经济组织的财产权的行使和其他重大事务处理所享有的管理权和收益分配权等权利。《物权法》第59条第2款规定：“下列事项应当依照法定程序经本集体成员决定：(一)土地承包方案以及将土地发包给本集体以外的单位或者个人承包；(二)个别土地承包经营权人之间承包地的调整；(三)土地补偿费等费用的使用、分配办法；(四)集体出资的企业的所有权变动等事项；(五)法律规定的其他事项。”因此，对于涉及集体成员的重大利益的事项，应由集体经济组织成员依照法定程序共同决定。如果集体经济组织及其负责人作出的决定侵害了集体成员的合法权益，受侵害的集体成员可以请求法院予以撤销。集体所有的财产是我国社会主义公共财产的重要组成部分，受国家法律的保护，禁止任何单位和个人侵占、哄抢、私分、破坏。(三)私人所有权 所谓私人所有权，是指公民个人依法对其所有的动产或者不动产享有的权利，以及私人投资者投资到各类企业中所依法享有的出资人的权益。私人所有权具有如下几个特征：第一，私人所有权的主体主要是自然人。私人所有权的主体范围不限于自然人，还包括个体工商户、合伙企业中的合伙人、个人独资企业的投资者等。第二，私人所有权的客体范围是非常宽泛的。《物权法》对私人所有权的客体采取了具体列举和抽象概括相结合的方式。从具体列举的角度来看，《物权法》列举了私人对其合法的收入、房屋、生活用品、生产工具、储蓄、投资等各类财产所享有的权利。《物权法》第66条还规定，私人的合法财产受法律保护，这实际上是一个概括性条款，也就是说，任何私人取得的合法财产都是其所有权的客体，并受到法律保护。第三，私人所有权的取得方式是多样的。私人所有权的取得方式既可以是合法的劳动，也可以是投资以及继承、赠与等。我国法律不禁止财产取得方式，但要求财产的取得合法。第四，私人所有权的内容广泛。私人所有权的内容包括私人对其动产与不动产所享有的占有、使用、收益和处分的权利。在合法的范围内，私人对其财产可以随意地处理，但是个人行使其所有权不得滥用权利，损害他人的利益。任何人不得以违反公序良俗的方式行使私人财产权。私人所有权是私人所有制在法律上的反映。按照物权平等保护原则，《物权法》不仅要保护老百姓的财产，而且要对老百姓的财产予以同等保护，这对于保障民生，鼓励私人投资兴业，创造社会财富具有重要意义。但私人所有权的行使应当遵守法律规定和社会公德，不得损害国家利益、社会公共利益和他人利益。公民利用其财产从事生产经营和投资活动，必须遵守国家的法律和政策，依法纳税，服从有关国家机关的监督管理，不得通过非法手段获取财产。(四)社会团体所有权 所谓社会团体所有权，是指各类社会团体依法对其所有的不动产和动产所享有的权利。《民法通则》第77条规定：“社会团体包括宗教团体的合法财产受法律保护。”《物权法》第69条规定：“社会团体依法所有的不动产和动产，受法律保护。”社会团体所有权是指各类社会团体对其财产享有的占有、使用、收益和处分的权利。①在我国，社会团体种类很多，包括人民群众团体、社会公益团体、文艺团体、学术研究团体、宗教团体等。②任何组织和个人都不得随意侵占、破坏社会团体的合法财产。《物权法》在国家、集体和私人所有权之外专门规定社会团体所有权，不仅有利于确认各种财产的归属，解决产权的争议，而且有利于促进我国文化、教育、宗教等事业的发展。当然，社会团体在行使所有权时，必须遵循国家的法律和政策，不得超越登记批准的业务范围及活动地区进行活动。
90,一般侵权责任的概念和构成要件（P415、416）,"一般侵权责任是指行为人因其过错侵害他人民事权益，或者因法律规定应当承担侵权责任的情形而依法承担的民事责任。它是民法中调整侵权行为及其法律后果的重要制度。

根据《中华人民共和国民法典》的规定，一般侵权责任的构成要件主要包括以下几个方面：

### 1. **损害事实**
   - 损害事实是侵权责任成立的前提条件。损害可以表现为财产损害（如财产的毁损、灭失）或人身损害（如身体伤害、精神损害）。
   - 如果没有损害事实，一般不构成侵权责任。

### 2. **违法行为**
   - 行为人实施了违反法律规定或者社会一般行为准则的行为。
   - 违法行为可以是作为（积极的行为）或不作为（未履行法定义务）。

### 3. **因果关系**
   - 行为人的违法行为与损害事实之间必须存在因果关系，即损害是由行为人的行为直接或间接导致的。
   - 因果关系的认定通常需要结合具体情况进行分析。

### 4. **主观过错**
   - 行为人主观上存在过错，包括故意或过失。
   - 但在某些特殊情况下，法律规定即使行为人没有过错，也需要承担侵权责任（如无过错责任原则）。

### 5. **法律规定的责任**
   - 一般侵权责任的承担必须有法律依据，行为人只有在法律规定的情形下才需要承担侵权责任。

### 总结
一般侵权责任的构成要件可以概括为：**损害事实、违法行为、因果关系和主观过错**。在具体案件中，需结合实际情况和法律规定来判断是否符合这些要件，从而确定是否需要承担侵权责任。","一般侵权责任是指适用过错责任原则的侵权责任。依据《侵权责任法》第6条第1款与《民法通则》第106条第2款，我国法律规定的一般侵权责任应具备以下构成要件：第一，存在加害行为。没有加害行为，就不会产生侵权责任。完全与人无关的自然事件，如地震导致人员伤亡和财产损失，虽然也会发生一定的法律效果，如保险法上保险赔偿金的给付、国家的救灾行为等，但不发生侵权责任。第二，侵害了他人的民事权益。侵权责任法保护的是民事权益。如果受侵害的并非民事权益，则可能发生其他法律责任，但是不会产生侵权责任。第三，加害行为与民事权益被侵害之间存在因果关系。如果民事权益被侵害的后果并非该加害行为所致，而是由于其他原因造成的(如受害人故意),则行为人无须承担侵权责任。第四，行为人具有过错，即主观上为故意或过失。否则，即便侵害了他人的民事权益、存在因果关系，原则上也不产生侵权责任。"
86,债权的法律特征（P254）,"债权的法律特征主要包括以下几个方面：

1. **相对性**  
   债权是一种相对权，仅在特定的债权人与债务人之间发生法律效力。债权人只能向特定的债务人主张权利，而不能对第三人主张。

2. **请求权**  
   债权的本质是请求权，债权人可以依法请求债务人履行特定的义务，如支付金钱、交付物品、提供服务等。

3. **平等性**  
   债权人与债务人之间的法律地位是平等的，双方的权利义务是基于合同或法律规定而产生的，任何一方不得单方面强制对方履行义务。

4. **财产性**  
   债权通常具有财产性，表现为债权人可以通过债务人的履行获得一定的财产利益。

5. **相对独立性**  
   债权与物权不同，它不直接支配物，而是通过债务人的履行间接实现对物的控制或利益的获取。

6. **可转让性**  
   在法律允许的范围内，债权可以依法转让给第三人，但某些特定的债权（如基于人身关系产生的债权）可能具有不可转让性。

这些特征共同构成了债权在法律上的基本属性。",(1)债权为请求权。债权是债权人得请求债务人为特定行为的权利，在债务人作出给付之前，债权人既不能直接支配债务人应给付的标的物，也不能支配债务人的人身以强制其为给付，而只能通过请求债务人履行债务以实现其利益。在民法概念体系中，债权与请求权不能完全等同：一方面，请求权除债权请求权外，还包括物权请求权、知识产权请求权等；另一方面，请求权只是债权的权能之一，债权还包括其他类型的权能，如债权人代位权、债权人撤销权等。(2)债权为相对权。债权的效力范围仅及于债务人，故债权人只能向债务人主张权利，请求其履行债务，除法律有规定外，即使因第三人的原因导致债权不能实现，债权人也不能基于债之关系向第三人主张权利。在现代民法中，作为相对权的债权同样受法律保护，任何人均不得侵害债权，否则应承担侵权的民事责任。(3)债权具有非排他性。债权人只能向债务人提出给付的请求，而不能直接支配债务人应交付的标的物或者债务人的行为，因此，以同一给付为标的可以成立数个内容相同的债权，而各债权相互之间不会发生权利上的冲突。在此种情形下，虽然可能只有一个债权最终得以实现，但其他债权仍然有效，其转变为债务不履行的责任。(4)债权具有平等性。同一债务人先后发生数个债权时，无论这些债权成立时间的先后，其效力一律平等。某债权人先申请强制执行以实现债权时，其他债权人享有的债权即使发生在前，也只能就债务人的剩余财产受偿。如果债务人陷入破产，数个债权人则根据债权数额的比例接受清偿。
87,债的发生原因（P256）,"根据《民法典》及相关法律理论，债的发生原因主要包括以下几种：

1. **合同**  
   合同是债的最主要的发生原因。合同是当事人之间基于合意设立、变更、终止民事权利义务关系的协议。通过合同，当事人一方负有给付义务，另一方享有请求权。例如，买卖合同、租赁合同、借款合同等。

2. **侵权行为**  
   因侵权行为导致他人权益受到损害时，侵权人负有赔偿损失的义务，受害人享有请求赔偿的权利，从而形成债。例如，因交通事故导致他人财产或人身损害，侵权人需承担赔偿责任。

3. **无因管理**  
   无因管理是指没有法定或约定的义务而为他人管理事务的行为。管理人因管理他人事务而产生的必要费用或损失，可以向受益人请求偿还。

4. **不当得利**  
   不当得利是指一方没有合法依据取得利益，导致他人利益受损的情形。受损方可以请求不当得利方返还其取得的不当利益。

5. **单方意思表示**  
   在某些情况下，单方意思表示也可以引起债的发生。例如，悬赏广告中，发布悬赏广告的一方承诺支付报酬，完成悬赏条件的人可以请求支付报酬。

6. **法律规定**  
   某些债的发生直接基于法律的规定。例如，法定的抚养义务、赡养义务等。

以上是债的主要发生原因，具体适用需结合实际情况和法律规定进行分析。",现代大陆法系国家中债的发生原因主要有合闻、侵权行为、不当得利、无因管理、缔约过失以及法律规定的能够在当事人之间导致债关系产生的其他事由。
82,民法的基本原则（P26-32）,"《民法》的基本原则是民法体系的核心和灵魂，贯穿于整个民法的立法、解释和适用过程。根据《中华人民共和国民法典》的规定，民法的基本原则主要包括以下几个方面：

---

### 1. **平等原则**
- **内容**：民事主体在民事活动中的法律地位一律平等。
- **意义**：平等原则是民法的核心原则之一，体现了民法调整平等主体之间的财产关系和人身关系的特点。无论是自然人、法人还是非法人组织，在民事活动中都享有平等的法律地位。
- **适用**：任何一方不得因身份、地位等原因享有特权或受到歧视。

---

### 2. **自愿原则**
- **内容**：民事主体从事民事活动，应当遵循自愿原则，意思表示真实。
- **意义**：自愿原则是市场经济的基础，体现了民法对个人自由和意思自治的尊重。民事主体可以根据自己的意愿决定是否参与民事活动以及如何参与。
- **适用**：合同的订立、履行等都应基于双方的真实意思表示。

---

### 3. **公平原则**
- **内容**：民事主体从事民事活动，应当遵循公平原则，合理确定各方的权利和义务。
- **意义**：公平原则要求在民事活动中，权利和义务的分配应当合理，不能显失公平。
- **适用**：在合同履行、损害赔偿等领域，公平原则起到重要的指导作用。

---

### 4. **诚信原则**
- **内容**：民事主体从事民事活动，应当遵循诚信原则。
- **意义**：诚信原则是民法的“帝王条款”，贯穿于民事活动的全过程。它要求民事主体在行使权利和履行义务时，应当诚实守信，不得滥用权利。
- **适用**：合同订立、履行、解释等环节，以及侵权行为的认定中，诚信原则都具有重要作用。

---

### 5. **守法与公序良俗原则**
- **内容**：民事主体从事民事活动，不得违反法律，不得违背公序良俗。
- **意义**：该原则要求民事活动不仅要符合法律的具体规定，还要符合社会的公共秩序和善良风俗，维护社会的基本伦理和道德。
- **适用**：例如，禁止从事违法犯罪活动，禁止违反社会公德的行为。

---

### 6. **绿色原则**
- **内容**：民事主体从事民事活动，应当有利于节约资源、保护生态环境。
- **意义**：绿色原则是《民法典》新增的基本原则，体现了我国对生态文明建设的高度重视，推动可持续发展。
- **适用**：在土地使用、环境保护、资源开发等领域，绿色原则具有重要指导意义。

---

### 总结
民法的基本原则是民法体系的指导思想和核心价值，贯穿于民法的各个具体制度和规则之中。在实际适用中，这些原则不仅为民事活动提供了基本的行为准则，也为司法机关解决具体案件提供了裁判依据。","(一)民事权益受法律保护原则的内涵 《民法总则》第3条规定：“民事主体的人身权利、财产权利以及其他合法权益受法律保护，任何组织或者个人不得侵犯。”这就确立了民事权益受法律保护的原则，该原则包括如下几方面内涵：第一，民法主要保护人身、财产等权益。《民法总则》系统全面地规定了民事主体所享有的各项人身、财产权益。例如，该法对知识产权的客体进行了详尽地列举，扩张了知识产权的保护范围，进一步强化了对知识产权的保护。当然，从《民法总则》的规定来看，其所保护的民事权益范围虽然非常宽泛，但并非所有的权益都受到民法的保护，一些公法上的权利，如劳动权、受教育权，主要受公法保护，民法保护的主要是私权，其中以人身、财产权益为基本内容。第二，民法不仅保护权利，而且保护利益。《民法总则》第3条采用“其他合法权益”这一表述，这就意味着，不论是权利还是利益，都受到法律保护。这为将来对新型民事权益的保护预留了空间，保持了民法总则规则的开放性。第三，对新型民事权益进行保护。在民事权益受法律保护原则的指导下，《民法总则》强化了对新型民事权益的保护，体现了当代中国的时代特征，回应了当今社会的现实需求。例如，该法针对互联网和大数据等技术发展带来的侵害个人信息现象，《民法总则》规定了个人信息的保护规则，维护了个人的人格尊严，并将有力遏制各种“人肉搜索”、非法侵入他人网络账户、贩卖个人信息、网络电信诈骗等现象。第四，在民事权益受到侵害时，民法主要通过民事责任对权利人进行救济。在权利人的权利受到侵犯时，权利人可以依法请求有关行政机关给予保护，也可以诉请人民法院或仲裁机关予以判决或仲裁。(二)平等原则 所谓平等原则，是指民事主体的法律地位是平等的，其合法权益应当受到法律的平等保护。《民法总则》第4条规定：“民事主体在民事活动中的法律地位一律平等。”民法的平等原则集中反映了民法所调整的社会关系的本质特征，体现了民法的调整对象和调整方法的特点，也充分反映了市场经济的本质要求。因为市场经济最本质的特征就体现在主体之间的平等性上。同时，平等原则也充分体现了现代法治的基本精神，有助于社会主义的政治文明建设。平等原则主要包括如下内容：第一，人格平等。人格平等就是在法律上不分尊卑贵贱、财富多寡、种族差异、性别差异，而一律认为人与人的抽象人格是平等的。民事权利能力与生俱来，为公民终身享有，并且在范围上是平等的。《民法总则》第14条规定：“自然人的民事权利能力一律平等。”除法律特别规定的以外，任何单位和个人不得限制和剥夺公民的民事权利能力。第二，当事人在具体的法律关系中的法律地位平等。在民事法律关系中，尤其是在合同关系中，当事人的法律地位是完全平等的。平等原则还表现在民事主体在民事法律关系的产生、变更和消灭上必须平等协商，任何一方当事人不得将自己的意志强加给另一方当事人。民法规则应当平等地对待所有的民事主体，当然，在特定的法律关系中，法律也可能对特定主体的利益进行倾斜保护，例如，在消费者保护领域，法律一般会侧重保护消费者的合法权益。第三，在补救方法上，也要充分贯彻平等性。无论民事主体在所有制、经济实力等方面存在何种差异，当其权利受到侵害时，法律都给予一体保护。民事主体地位的平等性决定了在民事责任方式上，应当贯彻损失填补原则，以弥补受害人的损失为宗旨，一般不能对加害人的行为施以类似于公法上的惩罚性措施。当然，在追究了民事责任以后，并不影响追究违法者其他公法上的责任，这两种责任并行不悖。应该指出，民事主体在法律地位上的平等，不等于在具体的民事法律关系中，每个当事人所享有的具体的民事权利和承担的民事义务都是一样的。在具体的民事法律关系中，各个当事人根据法律和自身的意志，享有不同的权利和义务。(三)意思自治原则 意思自治也称为私法自治，是指民事主体依法享有在法定范围内广泛的行为自由，并可以根据自己的意志产生、变更、消灭民事法律关系。在《民法总则》中，该原则被称为“自愿原则”,该法第5条规定：“民事主体从事民事活动，应当遵循自愿原则，按照自己的意思设立、变更、终止民事法律关系。”尽管该原则在民法的各部分(如身份法和财产法、物权法和债权法)中的体现程度不同，但意思自治原则作为民法的一项基本原则，贯彻于整个民法之中，体现了民法最基本的价值理念。在私法领域，“法无禁止皆自由”。所有公法不加以禁止的范围，均由私法主体进行意思自治。意思自治原则是私法任意性特点的集中体现。也就是说，当事人可以约定相互之间的权利义务，只要不违反法律的强制性规定和公序良俗，这一约定就是有效的。由于民法贯彻意思自治原则，所以，其大多数规范都属于任意性规范。这种任意性的特点赋予市场主体以法定范围内广泛的行为自由，减少了国家的干预，从而能够激发市场主体的活力，使其能够广泛地从事各种交易和创造财富的活动。因此，这一原则奠定了民法作为市民社会基本法的地位。意思自治的实质就是允许当事人在法律规定的范围内，自主决定自己的事务，自由从事各种民事行为，最充分地实现自己的利益。它具体包括如下几个方面：一是当事人有权依法从事某种民事活动和不从事某种民事活动。也就是说，在民事领域中，除了法律另有规定之外，当事人是否从事某种行为，是否行使某种权利，应当完全由当事人自由安排。二是当事人有权选择其行为的内容和相对人。当事人可以通过平等协商的方式，为自己设定权利和承担义务，当客观情况发生变化以后，可以依法变更权利和义务的内容。当事人之间的协议一经合法成立，就具有法律效力，并可以改变民法的任意性规定。三是民事主体有权选择其行为的方式。除法律另有规定之外，民事主体有权选择自己从事民事法律行为的方式。四是民事主体有权选择救济方式。通常情况下，受害人能够选择对自己最为有利的责任方式，即便受害人选择不适当，除非其受到了不正当的影响，否则也应当由该受害人自己负担不利的后果。当然，任何意思自治都不是绝对的自由，而是相对的、有限制的自由。在19世纪，由于个人主义思潮的盛行，意思自治原则曾经被绝对化，但自20世纪以来，随着国家加强了对经济领域的干预，私法自治原则受到了越来越多的限制。近代民法的三大原则①都已经受到不同程度的限制，尤其是对合同自由或契约自由的限制表现得尤为突出。(四)公平原则 所谓公平原则，是指民事主体应本着公平的观念实施民事行为，司法机关应根据公平的观念处理民事纠纷，民事立法也应该充分体现公平的理念。《民法总则》第6条规定：“民事主体从事民事活动，应当遵循公平原则，合理确定各方的权利和义务。”这就在法律上明确确认了公平原则。公平原则的特点表现为：第一，公平原则本身是民事活动的一项基本原则。民事主体在从事民事活动的过程中，应当按照公平的观念正当行使权利和履行义务。例如，在合同订立后，应当从顾及对方当事人的利益的角度出发，进行充分的准备。在权利的行使过程中，要充分顾及他人的利益，不得滥用权利。第二，公平原则是民事活动的目的性的评价标准。这就是说，任何一项民事活动，是否违背了公平原则，需要从结果上根据是否符合公平的要求来进行评价。如果交易的结果造成当事人之间极大的利益失衡，除非当事人自愿接受，否则法律应当作出适当的调整。所以公平原则更多地体现了实质正义的要求。第三，公平原则是法官适用民法应当遵循的重要理念。法谚云：“法律是善良公平之术”,而民法最充分地体现了公平正义的要求，这是民法最基本的价值理念。法官应当依据社会的一般公平正义观念进行司法活动。不过，正是因为公平原则过于抽象，所以它只能作为一种理念，而不能替代具体的民法规则。公平原则作为一种基本的价值理念，应当体现在立法、司法及法学研究中。公平原则也是一项重要的司法原则，既适用于合同责任，也适用于侵权行为责任。公平原则也是一项“弹性”很强的原则，该原则给予司法人员一定的自由裁量权，使其能够针对案件的具体情况，公平合理地处理民事纠纷。(五)诚实信用原则 诚实信用原则是指民事主体在民事活动中应当诚实、恪守信用，并依照善意的方式行使权利、履行义务。该原则常常被称为民法(特别是债法)中的最高指导原则或“帝王规则”。诚实信用原则从道德规范到被确认为法律原则以后，已成为法律上一项重要原则。《民法总则》第7条规定：“民事主体从事民事活动，应当遵循诚信原则，秉持诚实，恪守承诺。”这就在法律上确认了诚信原则。诚实信用原则具有如下内容和功能：一是确立行为规则的功能。所谓秉持诚实，是指当事人要真实、真诚，在合同订立中，要如实披露相关订约信息，告知相关真实情况，不坑蒙拐骗，不欺诈他人。在物权的行使中，也要秉持诚信原则，不得滥用物权。所谓恪守承诺就是指严守契约和允诺。严守合同、信守允诺曾被认为是自然法的基本规则，也是基本的商业道德。诚实信用原则也是一项抽象的法律原则，依据该原则可以产生各种具体的民事义务。例如，在合同订立过程中，当事人应当依据诚实信用原则履行契约义务，否则应当承担缔约过失责任。合同履行期到来以后，当事人不仅应当按照法律和合同的规定履行义务，而且应当按照诚实信用原则的要求，作出履行和接受履行，并负担附随义务。二是解释的功能。这就是说，诚实信用原则可以用于解释法律规则的内涵，例如，在适用法律方面，诚实信用原则要求司法工作人员能够依据诚实信用、公平的观念正确解释法律、适用法律，弥补法律规定的不足。在比较法上，一些国家的法官，依据诚实信用原则解释民法典，从而创设了缔约过失、情事变更、禁止滥用权利、附随义务等一系列规则。在合同发生争议时，诚实信用原则也可以用于解释合同条款的内涵，为解释合同确定准则。三是衡平的功能。诚实信用原则要求平衡当事人之间的各种利益冲突和矛盾。在民事活动中，各方当事人之间的利益常常会发生冲突或矛盾，甚至发生当事人利益与社会利益之间的冲突，这就需要借助诚实信用原则加以平衡。因此，当事人在从事民事活动过程中，要充分尊重他人和社会的利益，不得滥用权利，损害国家、集体和第三人的利益。四是填补法律和合同漏洞的功能。诚实信用原则也可以运用于填补法律和合同的漏洞。例如，当事人在合同中没有对相关内容作出约定(如缺少对标的物质量的约定),或者约定不明确，则可以依诚实信用原则加以完善，填补合同漏洞。五是降低交易费用和增进效率的功能。诚实信用原则有助于强化人们诚实守信的观点，督促当事人认真履行合同，这既有助于维护交易安全、交易秩序，也有助于降低交易费用，节约交易成本。诚然，诚实信用原则是对伦理观念的法律确认，但这并不是说诚实信用原则只是一项道德原则。诚实信用原则将道德规范确认为法律原则以后，已成为法律上一项重要原则。在法律上，诚实信用原则属于强行性规范，当事人不得通过协议加以排除和规避。(六)符合法律和公序良俗原则1.合法原则 在狭义上讲，合法是指所有民事法律行为都不得违反法律的强制性规定。而在广义上说，合法还包括民事法律行为不得违反公序良俗。因为本条就公序良俗作出了特别的规定，所以，此处所说的合法原则是从狭义上理解的。《民法总则》第8条规定：“民事主体从事民事活动，不得违反法律，不得违背公序良俗。”该条将合法原则表述为“不得违反法律”,但其应当仅仅理解为不得违反法律的强制性规定。2.公序良俗原则 依据《民法总则》第8条的规定，民事主体从事民事活动，不得违背公序良俗。如前所述，在广义上理解，违法也包括违背公序良俗。《民法总则》第153条第2款也规定：“违背公序良俗的民事法律行为无效。”因此，任何违背公序良俗的行为，应当宣告其无效。我国民法所规定的公序良俗原则，不仅适用于财产关系，也适用于人身关系。它是社会主义核心价值观的体现，与《民法总则》第1条所确立的“弘扬社会主义核心价值观”的目的是一致的，对于维护社会伦理，维护社会秩序，都具有重要意义。所谓公序，主要包括社会公共秩序和生活秩序。对公共秩序的维护，在法律上大都有明确的规定，危害社会公共秩序的行为通常也就是违反强行法规定的行为。但法律的强制性规定不可能涵盖无余，需要以公序良俗作为补充，依公序良俗原则，凡订立的合同危害国家公共安全和秩序，即使没有违反现行的法律规定，也应当被宣告无效。例如，购买“洋垃圾”、有损人格尊严、不当限制人身自由的合同等，都是无效的。所谓良俗，也称为社会公共道德，它是指由社会全体成员所普遍认可、遵循的道德准则。善良风俗的含义包含两个方面：一是指社会所普遍承认的伦理道德，二是指某个区域社会所普遍存在的风俗习惯。尊重社会公德的原则不仅适用于财产关系，也适用于人身关系。例如，借腹生子协议、包养协议等，都属于违反善良风俗的协议，应宣告无效。在我国，善良风俗不仅应该成为规范民事法律行为的准则，而且应该成为整个民法的原则。公序良俗原则，既有助于弥补强行法规定的不足，也有助于对私法自治进行必要的限制。此外，该原则还有助于弘扬社会公共道德，建立稳定的社会秩序。(七)绿色原则 所谓绿色原则，是指民事活动中应当遵循节约资源、保护生态环境的原则。《民法总则》第9条规定：“民事主体从事民事活动，应当有利于节约资源、保护生态环境。”这就从基本原则的层面，提出了生态环境保护的要求。绿色原则是我国民法典积极回应现代社会问题的体现，也是我国传统法律文化的传承。它既传承了天地人和、人与自然和谐共生的我国优秀传统文化理念，又体现了党的十八大以来的新发展理念，与我国是人口大国、需要长期处理好人与生态资源的矛盾的国情是相适应的。《民法总则》规定绿色原则，将其作为民法的基本原则，将对民法典各编的制度、规则产生重大影响，对法院正确解释合同、确立侵害环境和生态的责任等，都具有重要的指导意义。绿色原则包括如下两方面内容：一是有效率地利用资源。绿色原则要求人们的生产、生活等活动要与资源、环境相协调，要实现人与自然的和谐相处，有效率地利用资源、节约资源。我国民法确认和保护产权本身，也是为了有效利用资源，因为只有产权界定明晰，才能更好地发挥资源的经济效用。二是保护环境和生态。我们要建设的小康社会，应当是环境友好、人与自然充分和谐的社会。因此，民法也必须承担保护环境、维护生态的功能，对财产权的客体、权能、属性、用益物权、相邻关系以及征收等制度进行完善，强化不动产所有人、使用人负有保护环境、维护生态的义务。对破坏生态环境的，应当追究其侵权责任。"
83,人格权的概念与特征（P109-110）,"人格权是民法中的一项重要权利，指自然人依法享有的与其人格不可分离的基本权利。人格权是基于人格尊严和人格自由而产生的，旨在保护自然人的人格利益。以下是人格权的概念与特征的具体内容：

---

### **一、人格权的概念**
人格权是指民事主体依法享有的，以人格利益为内容，具有不可让与、不可转让性质的民事权利。人格权的核心是保护自然人的人格尊严和人格自由，确保其基本人格利益不受侵害。

人格权包括生命权、身体权、健康权、姓名权、肖像权、名誉权、隐私权等具体权利。这些权利共同构成了人格权的体系。

---

### **二、人格权的特征**
人格权具有以下几个主要特征：

1. **专属性**
   - 人格权与权利主体的人格密切相关，具有专属性。它是基于自然人的人格利益而产生的，不能与主体分离。
   - 人格权不能转让、继承或放弃。例如，姓名权、肖像权等都具有专属性。

2. **非财产性**
   - 人格权的核心是保护人格利益，而非直接的财产利益。虽然某些人格权可能具有财产属性（如肖像权的商业使用），但其本质仍是非财产性的。

3. **绝对性**
   - 人格权是一种绝对权，权利人可以对抗任何侵害其人格权的行为。任何人不得非法侵犯他人的人格权。

4. **不可剥夺性**
   - 人格权是基于自然人的人格尊严和自由而产生的基本权利，具有不可剥夺性。即使权利人同意，也不能完全放弃或剥夺其人格权。

5. **终身性**
   - 人格权贯穿于自然人的整个生命过程，从出生到死亡都受到法律保护。某些人格权（如名誉权）在自然人死亡后仍可能受到一定的保护。

6. **法定性**
   - 人格权的内容和范围由法律明确规定，权利人只能依法享有和行使人格权。

---

### **三、人格权的分类**
人格权可以分为以下几类：
1. **一般人格权**：指自然人基于人格尊严和人格自由而享有的基本权利。
2. **具体人格权**：指法律明确规定的具体人格权利，如生命权、健康权、隐私权等。

---

人格权的保护是现代民法的重要内容，其核心在于维护自然人的人格尊严和自由，促进社会的公平与正义。","依据现代民法学的主流认识，所谓人格权，是指以主体固有的人格利益为客体，以维护和实现人格平等、人格尊严、人身自由为目标的权利。①党的十九大报告提出“保护人民人身权、财产权、人格权”。人格权是一项基本的民事权利，与其他民事权利相比较，人格权主要具有以下特征：1.人格权是民事主体依法所固有的基本权利。人格权是人身权的一种。所谓固有，是指从自然人出生、非自然人成立之日起，就享有人格权，其取得无需民事主体积极作为，而是由法律直接赋予。作为一种固有权利，人格权与民事主体相伴始终。当然，肯定人格权为一种固有权利并非对所谓“天赋人权”理论的延续和扩展，也并不意味着可以将人格权视为一种超越法律而存在的自然权利。人格权在性质上仍是一种法定权利，人格利益的保护范围和方式等也皆因法律的肯定才得以为权利人所实际享有。2.人格权是民事主体专属享有的民事权利。一方面，人格权是民事主体资格得以维持的前提，人格权的阙如，将导致民事主体资格的虚化；另一方面，从其权利要素来看，任何一项人格权皆须以具体的民事主体为依托，并借此表现其价值和个性，否则人格权就没有价值可言。在具体的法律效果上，人格权的专属性特征则集中体现于对权利继承和转让的限制中。当今域内外主流的民法学理论都认为，人格权由权利人专有，不得让与或继承，也和权利能力一样，不得抛弃，并不得由他人代为行使。3.人格权以民事主体的人格利益为其客体。作为人格权客体的人格，是应受法律保护的利益。与有形的财产利益不同，作为人格权客体的人格利益，无论是抽象的抑或具体的，在很大程度上皆体现于精神范畴，都是行为与精神活动的自由和完整的利益，且以人的精神活动为核心而构成。如果说法律对财产利益的保护旨在维持主体的生存发展以及提供其从事各种活动的物质基础，那么,对无形的人格利益的保护则旨在维持主体作为人的存在，并且为主体从事财产活动提供前提条件。在这个意义上讲，人格利益是人的最高利益。作为一种受法律保护的利益，人格是以权利主体与他人建立起来的社会关系的存在为前提的。作为权利义务具体指向的人格利益，也就因此呈现出多样化的姿态。人格权是人权的具体化和制度化体现。人权实质上是对人基于其自然属性所产生的诸多基本需求的高度抽象和理念化表达，其内涵丰富且具有浓厚的道德权利色彩。人格权以人权为其价值基础，是人权理念和思想在民事法律领域的延续和具体表现。人权的主要内容如人格尊严、人格平等和人身自由等，也借由人格权的规范形式获得制度化的表达，进而获得了更加充分的保护和实现。当然，作为两个不同法域的概念，两者之间也存在明显的区别。首先，人权是一个十分复杂和多元的概念，既有作为自然权利(道德权利)的一面，又有作为法律权利的一面。即便是在法律的语境内，人权的内容也并不以人格权所指向的生命、健康、人格尊严等人格利益为限，还包括言论自由、选举权与被选举权、监督权等公法权利的内容，其概念所涵摄的范围十分广泛。人格权作为一项以维护民事主体人格利益为目的的权利，虽然借助一般人格权之类的框架性权利而具备了较大的开放性，但仍是一个具有明确范围限制的民事权利。所以，人格权仅是人权的一个组成部分。其次，人格权作为一项民法权利，其救济主要依靠法律手段，由各国法院通过行使司法权实现。而人权中具有很多道德权利内容，而且常常成为政治团体乃至国际社会各方处理相互关系的口号和工具。虽然对于人权保护而言，法律的手段不可或缺，但因其内容十分复杂，权利的保护形式也是多种多样的。"
85,担保物权的主要特点（P218、219）,"担保物权的主要特点包括以下几点：

1. **从属性**：  
   担保物权是为担保债权的实现而设立的，具有从属于主债权的性质。担保物权的存在和效力依赖于主债权的存在，当主债权消灭时，担保物权也随之消灭。

2. **优先性**：  
   担保物权人对担保财产享有优先受偿权。在债务人或担保人不履行债务时，担保物权人可以通过变卖、拍卖或折价担保财产的方式优先于普通债权人受偿。

3. **物上代位性**：  
   如果担保财产因毁损、灭失或被征收而产生赔偿金、保险金等代位物，担保物权人可以对代位物行使担保物权。

4. **不可分性**：  
   担保物权具有不可分性，即担保物权在债权未完全清偿之前，担保财产的全部都负担担保责任，不能因部分债权的清偿而解除部分担保。

5. **对抗性**：  
   担保物权是一种物权，具有对抗第三人的效力。经过依法登记或交付的担保物权，可以对抗债务人的其他债权人或第三人。

这些特点共同构成了担保物权的法律特性，使其在债权保障中发挥重要作用。",1.担保物权的设定以担保主债权的实现为目的。顾名思义，担保物权就是为担保债权而设定的物权。担保物权不同于用益物权就在于，权利人通过支配担保财产的交换价值，在债务人不履行债务或者发生了当事人约定的实现担保物权的情形时，就可以拍卖、变卖担保财产并从中优先受偿，从而保障其债权的实现。2.担保物权是一种从属性的物权。担保物权是为了担保主债权的实现而设立的，因此它必须以主债权的存在为前提。正因如此，担保物权在学理上通常被称为从权利。在例外情况下，虽然设定担保物权时，主债权可以不特定，但在实现担保物权之前，主债权必须特定，如最高额抵押。①担保物权的从属性还体现为，担保物权的效力随主债权的变动而变动：主债权移转，担保物权也随同移转；主债权消灭，担保物权也相应消灭。3.担保物权以债务人或第三人一定的财产为客体。担保物权不同于保证之处，就在于它是以一定的财产为权利标的而担保债权的实现，而不是以担保人的一般责任财产或信用财产为基础。担保物权的客体既可以是物，也可以是权利。当然，并非任何物和权利都可以成为担保物权的客体。其中，能够成为担保物权的客体的物必须是有体的、特定化、可流通的物；能够成为担保物权的客体的权利必须是具有可让与性的财产权利。以上物和权利合称财产。4.担保物权人所支配的是交换价值。所有权是对物的全面支配，用益物权则是对物的使用价值的支配，而担保物权所支配的则是物的交换价值。担保物权以获取担保财产的交换价值为目的而设定，注重支配的是担保财产在拍卖、变卖时的价值。因此，同一物之上可以基于对交换价值的分割而设立多个担保物权，例如，在同一物之上设立多个抵押权。5.担保物权是一种定限物权。担保物权人不能对财产予以全面支配，不能像所有权人那样依照自己的意志和利益行使所有权的全部权能，而只能支配标的物的交换价值。6.担保物权人依法享有对担保标的物的变价权。对其他物权而言，权利人不仅可以直接支配标的物，而且可以直接依法享有对物的占有、使用等权能，并可以排除他人的非法干涉。但对担保物权来说，权利人一般不能直接自力实现担保物权，必须通过约定和法定的方式，如依据拍卖、变卖程序就担保财产进行变价，并就所得价款优先受偿。在《物权法》颁行之前，我国民法尚未正式使用“担保物权”这一术语，但司法实务以及学理均普遍认同“担保物权”所具有的内涵。我国《物权法》设专编规定了抵押权、质权、留置权等担保物权。与《担保法》相比，《物权法》担保物权编实现了以下突破：第一，完善了担保物权体系，不仅承认了金融创新中出现的公路桥梁收费权质权、高等学校公寓收费权质权等，还规定了浮动抵押权、最高额质权制度，使得担保物权体系渐趋完善，融资担保渠道大大拓宽。第二，扩充了担保财产的范围，除了对《担保法》中担保物的范围予以确定之外，新增了原材料、半成品、产品，正在建造的建筑物、船舶、航空器，应收账款，并且允许“法律、行政法规未禁止抵押的其他财产”均可作为担保财产，广泛承认了可交易财产的金融价值。第三，修正了担保物权的实现规则，不仅完善了担保物权的实现条件，将“发生当事人约定的实现担保物权的情形”也规定于其中，而且完善了担保物权实现的途径，无须经过普通诉讼程序，可直接请求人民法院拍卖或者变卖担保财产。此外，《物权法》还根据《担保法》及其相关司法解释施行以来的经验，完备了最高额抵押制度，分别统一规定了不动产和动产抵押登记的效力，完善了有关担保物权设定、效力等其他方面的规则。
89,遗嘱继承的概念和特征（P394）,"遗嘱继承是指被继承人通过立遗嘱的方式，将其个人合法财产在其死亡后按照遗嘱的内容由遗嘱指定的继承人继承的一种继承方式。遗嘱继承是法定继承的补充形式，是被继承人处分其财产意愿的体现。

### 遗嘱继承的特征：
1. **以遗嘱为依据**：遗嘱继承是基于被继承人生前依法立下的遗嘱进行的，遗嘱是遗嘱继承的法律依据。
   
2. **体现被继承人的意愿**：遗嘱继承以被继承人的个人意愿为核心，充分尊重被继承人对其财产处分的自由。

3. **优先于法定继承**：在遗嘱合法有效的情况下，遗嘱继承优先于法定继承，遗嘱的内容具有优先效力。

4. **具有单方性**：遗嘱是被继承人单方面的法律行为，不需要其他人的同意或协商。

5. **以被继承人死亡为生效条件**：遗嘱继承只有在被继承人死亡后才会发生法律效力。

6. **受法律限制**：遗嘱继承必须符合法律规定，不能侵犯法律规定的特留份（如未成年子女、无劳动能力的配偶等的合法权益）。

遗嘱继承是我国继承法中的重要内容，旨在保障被继承人对其财产的处分权，同时兼顾继承人的合法权益。","遗嘱继承是指于继承开始后，继承人按照被继承人的有效遗嘱继承被继承人遗产的法律制度。在遗嘱继承中，生前立有遗嘱的被继承人称为遗嘱人或立遗嘱人，依据遗嘱的指定享有遗产继承权的人为遗嘱继承人。遗嘱继承与法定继承相比，具有以下特征：第一，遗嘱继承的发生以有效遗嘱的存在为前提。引起法定继承发生的法律事实只有一个，即被继承人的死亡。但是，仅有被继承人的死亡并不能引起遗嘱继承的发生，还须有被继承人所设立的有效遗嘱。正是从这个意义上说，遗嘱继承以遗嘱为前提。第二，遗嘱继承直接体现着被继承人的遗愿。遗嘱继承是在继承开始后按照遗嘱进行的继承。遗嘱体现了被继承人的意愿，因此，继承人按照被继承人的遗嘱继承遗产，也就直接体现了被继承人的遗愿。在遗嘱继承中，继承人、继承份额等都是由被继承人在遗嘱中指定的。按照遗嘱进行继承，也就是充分尊重被继承人对自己财产处分的自由。第三，遗嘱继承是对法定继承的一种排斥。遗嘱继承的效力优于法定继承，在继承开始后，有遗嘱的，先要按照遗嘱进行继承。由于遗嘱中所指定的继承人对遗产的继承不受法定继承时法律对继承顺序、继承人应继份额规定的限制，因此，遗嘱继承实际上是对法定继承的一种排斥。遗嘱继承也不同于遗嘱信托。遗嘱信托是指委托人以立遗嘱的方式，将其财产交付信托。在遗嘱生效时，信托财产将被转移给受托人，由受托人依据信托的内容(即委托人遗嘱所交办的事项),管理处分信托财产。在遗嘱信托中，委托人死亡后信托合同才生效。通过遗嘱信托，可以使财产顺利地传给后代，同时，也可以借助受托人的理财能力弥补继承人无力理财的缺陷。当然，在实质意义上使继承人取得了遗产方面，两者具有相同之处。"
101,法官职业伦理具体要求（P116-124）,很抱歉，我无法直接访问或引用具体书籍的内容，包括您提到的第116-124页的内容。如果您需要关于法官职业伦理的相关信息，我可以为您提供一些通用的概述和解释，或者帮助您理解相关的法律和道德要求。请告诉我您具体需要了解的内容！,保障司法公正；提高司法效率；保持清正廉洁；遵守司法礼仪；加强自身修养；约束业外活动
102,中国律师职业伦理的基本要求（P241、242）,"根据中国律师职业伦理的基本要求，律师在执业过程中应当遵守以下基本原则和要求（参考相关法律法规和职业道德准则）：

1. **忠于宪法和法律**  
   律师应当忠实于宪法和法律，维护法律的正确实施，依法维护当事人的合法权益，维护社会公平正义。

2. **诚实守信**  
   律师应当诚实守信，不得欺骗、误导当事人或其他相关人员，不得伪造证据或隐瞒事实。

3. **勤勉尽责**  
   律师应当勤勉尽责地履行职责，认真对待每一个案件，尽最大努力维护当事人的合法权益。

4. **保守秘密**  
   律师应当严格保守在执业过程中知悉的国家秘密、商业秘密以及当事人的隐私和其他不愿公开的信息。

5. **独立执业**  
   律师应当独立履行职责，不受任何单位或个人的非法干涉，依法独立地为当事人提供法律服务。

6. **维护公平正义**  
   律师应当以维护社会公平正义为己任，不得利用执业便利损害国家利益、社会公共利益或他人合法权益。

7. **遵守职业纪律**  
   律师应当遵守律师职业纪律和行业规范，服从律师协会的管理和监督。

8. **禁止不正当竞争**  
   律师不得以不正当手段争揽业务，不得诋毁同行或扰乱法律服务市场秩序。

9. **尊重同行和司法人员**  
   律师应当尊重同行、司法人员及其他法律从业者，维护法律职业的尊严和形象。

10. **社会责任**  
    律师应当积极参与公益法律服务，履行社会责任，促进法治建设和社会和谐。

以上是中国律师职业伦理的基本要求，具体内容可能会因法律法规的更新而有所调整。建议参考《律师法》及相关职业道德规范的最新版本。",（一）坚定信念；（二）执业为民；（三）维护法治；（四）追求正义；（五）诚实守信；（六）勤勉尽责
8,法律事实可以根据不同标准进行分类（P134-136）,"根据法律事实的不同性质和特点，可以按照不同的标准对其进行分类。以下是常见的分类方式：

### 一、根据法律事实是否由人的意志所决定
1. **事件**  
   事件是指不以人的意志为转移的客观事实。事件的发生或结果不受人的主观意志的支配，但可能引起法律关系的产生、变更或消灭。  
   - **自然事件**：如地震、洪水、火灾等自然现象。
   - **社会事件**：如战争、罢工、社会动乱等。

2. **行为**  
   行为是指以人的意志为转移的活动或不活动。行为是由人的主观意志支配的，能够引起法律后果。  
   - **合法行为**：符合法律规定的行为，如签订合同、结婚登记等。  
   - **违法行为**：违反法律规定的行为，如犯罪行为、违约行为等。

---

### 二、根据法律事实是否符合法律规范的要求
1. **合法事实**  
   合法事实是指符合法律规范要求的事实，能够引起法律关系的产生、变更或消灭。例如，依法订立的合同、合法的婚姻登记等。

2. **违法事实**  
   违法事实是指违反法律规范的事实，通常会引起法律责任的产生。例如，犯罪行为、侵权行为等。

---

### 三、根据法律事实是否直接引起法律后果
1. **法律事实本身**  
   直接引起法律关系产生、变更或消灭的事实。例如，签订合同直接引起合同关系的产生。

2. **法律事实的状态**  
   需要与其他事实结合才能引起法律后果的事实。例如，债务人未履行债务的事实需要结合债权人的催告行为才能引起违约责任。

---

### 四、根据法律事实的表现形式
1. **积极事实**  
   指以积极的行为或事件为表现形式的法律事实。例如，签订合同、履行义务等。

2. **消极事实**  
   指以不作为或不发生某种事件为表现形式的法律事实。例如，未履行合同义务、未缴纳税款等。

---

### 五、根据法律事实的作用
1. **权利事实**  
   引起权利产生、变更或消灭的事实。例如，签订合同引起债权的产生。

2. **义务事实**  
   引起义务产生、变更或消灭的事实。例如，侵权行为引起赔偿义务的产生。

---

以上是法律事实的常见分类方式，不同的分类标准可以帮助我们更好地理解法律事实在法律关系中的作用和意义。",（一）行为和事件行为是以权利主体的意志为转移、能够引起法律后果的法律事实。事件是不以权利主体的意志为转移的法律事实。事件以是否由人们的行为而引起可以划分为绝对事件和相对事件。绝对事件不是由人们的行为而是由某种自然原因而引起的事件，例如人的自然死亡和出生、时间的流逝等自发性质的现象。人的死亡引起婚姻法律关系消灭；人的出生引起父母与子女的法律关系产生；等等。相对事件是由人们的行为引起的事件，但它的出现在该法律关系中并不以权利主体的意志为转移。例如，死亡可能由于自然死亡，也可能由于凶杀所致，但都是人的生命的终止。就终止死者与其生前所在单位的劳动法律关系而言，都是不以权利主体的意志为转移的事件。相对事件表明，行为与事件之间的界限不是绝对的。以人的意志为转移的法律事实，对于由行为人直接引起的法律后果来讲属于行为，而对于不是行为人直接引起的法律后果来讲则属于事件。例如，交通事故，对于由肇事者所直接引起的保护性法律关系而言是行为，肇事者应该承担相应的法律责任；但对于由于交通事故而死亡，从而使死者与其生前所在单位的劳动法律关系解除而言，则属于相对事件。（二）肯定的法律事实和否定的法律事实按照产生法律后果是否要求某些现象存在，法律事实可分为肯定的法律事实和否定的法律事实。肯定的法律事实表明法律后果的产生要求有一定的现象出现，如果不存在该现象，就不可能产生该法律后果。如服兵役要求达到一定年龄，担任某一公职需要有主管机关的任命，都属于此类。否定的法律事实表明法律后果的产生要求不存在一定现象，如果存在该现象，就不可能产生这一法律后果。例如，婚姻登记的当事人之间不能存在某种亲属关系，被任命为政府官员的人不能是被剥夺政治权利的人，都属于此类。（三）一次性作用的法律事实和连续性作用的法律事实 按照作用时间的长短，法律事实可分为一次性作用的法律事实和连续性作用的法律事实（状态）。绝大多数法律事实（行为、事件）都是一次性作用的，即法律规范仅仅在该具体情况下将它与法律后果相联系。状态，是长时间地、连续地或定期地存在的并产生法律后果的情况，如国籍、婚姻。状态区别于其他法律事实的特点在于它的长期性和连续性。同时，状态本身往往又是由其他法律事实引起的法律后果，所以它也是一种长期发生作用的法律关系。（四）单一的法律事实和事实构成 按照产生法律后果所需要法律事实的数量，法律事实可分为单一的法律事实和由足够法律事实构成的系统，即事实构成。单一的法律事实说明法律后果的产生要求有单一的现象出现，如出生是建立父母与子女间法律关系的单一法律事实。但有些法律关系则必须具备两个或两个以上的法律事实，在这些法律事实之间形成了一个法律事实的系统，即事实构成。如我国《法官法》规定，担任法官必须具有中华人民共和国国籍，拥护中华人民共和国宪法，拥护中国共产党领导和社会主义制度，具有良好的政治、业务素质和道德品行并具备相应学历等条件。违法构成是事实构成的特殊形式，它是形成保护性法律关系、使违法者承担法律责任的法律事实系统。
7,解决法律冲突的一般原则（P118）,"解决法律冲突的一般原则通常是指在法律适用过程中，当出现法律之间的冲突或矛盾时，依据一定的原则来确定优先适用的法律规则。这些原则在法律理论和实践中具有重要意义。以下是解决法律冲突的一般原则的核心内容：

1. **特别法优于普通法原则**  
   - 当特别法与普通法发生冲突时，优先适用特别法。  
   - 特别法是针对特定领域、特定事项制定的法律，而普通法是适用于一般领域的法律。  
   - 例如，《公司法》作为特别法，在公司事务中优先于《民法典》的普通规定。

2. **新法优于旧法原则**  
   - 当新颁布的法律与旧法律发生冲突时，优先适用新法。  
   - 新法反映了立法机关的最新意图和社会发展的新需求，因此具有优先性。  
   - 例如，若某领域的法律在2020年修订，则应优先适用修订后的法律。

3. **上位法优于下位法原则**  
   - 当上位法与下位法发生冲突时，优先适用上位法。  
   - 上位法是指法律效力层级较高的法律，如宪法、法律、行政法规等；下位法是指效力层级较低的法律，如地方性法规、部门规章等。  
   - 例如，地方性法规不得与全国性法律相抵触。

4. **法律不溯及既往原则**  
   - 一般情况下，法律不具有溯及力，即新法只适用于法律生效之后发生的行为或事件，不适用于法律生效之前的行为或事件。  
   - 但在某些情况下，法律可以明确规定具有溯及力。

5. **国际法优先原则（在特定领域）**  
   - 在国际条约与国内法发生冲突时，通常优先适用国际条约的规定（但需符合国家的法律和宪法原则）。  
   - 例如，中国《民法典》规定，国际条约与国内法不一致时，优先适用国际条约，但保留的条款除外。

6. **程序法优先于实体法原则（在程序问题上）**  
   - 在程序性问题上，程序法优先于实体法。  
   - 例如，在诉讼过程中，程序法的规定优先于实体法的规定。

这些原则在法律适用中具有指导意义，能够帮助解决法律冲突，维护法律体系的统一性和权威性。",1.根本法优于普通法。在成文宪法国家，宪法是国家根本法，具有最高法律效力，普通法必须以宪法为依据，不得同宪法相抵触。这是国家法制统一的必然要求。2.上位法优于下位法。不同位阶的法之间发生冲突，就应按上位法优于下位法的原则，适用上位法。3.新法优于旧法。同一国家机关在不同时期颁布的法产生冲突时，应按照新法优于旧法的原则处理。4.特别法优于一般法。这一原则的适用是有条件的，这就是要求必须是同一国家机关制定的法，并包括以下两种情况：一是指在适用对象上，对特定主体和特定事项的法，优于对一般主体和一般事项的法；二是指在适用时间、空间上，对特定时间和特定区域的法，优于对平时和一般地区的法。
2,法系的概念？（P72、73）,"法系是指在历史发展过程中，由于法律传统、法律文化、法律制度和法律思想的差异而形成的具有共同特征的法律体系或法律家族。法系的划分通常基于法律的历史渊源、法律的基本原则、法律的结构和法律的运作方式等因素。

### 法系的主要分类
1. **大陆法系（民法法系）**  
   - 起源：以罗马法为基础，主要发展于欧洲大陆。
   - 特点：以成文法为主，法律条文具有高度的系统性和逻辑性，法典化程度高。
   - 代表国家：法国、德国、日本、中国等。

2. **普通法系（英美法系）**  
   - 起源：以英国普通法为基础，主要发展于英美国家。
   - 特点：以判例法为主，法官通过判决形成法律规则，强调司法判例的先例约束力。
   - 代表国家：英国、美国、加拿大、澳大利亚等。

3. **宗教法系**  
   - 起源：以宗教教义为基础，法律与宗教密切相关。
   - 特点：法律规则来源于宗教经典，法律与宗教规范难以分离。
   - 代表国家：伊斯兰法系（如沙特阿拉伯、伊朗等）。

4. **混合法系**  
   - 特点：融合了多种法系的特点，形成独特的法律体系。
   - 代表国家：南非（大陆法系与普通法系的结合）、苏格兰等。

### 法系的意义
法系的划分有助于理解不同国家和地区法律制度的差异，促进国际法律交流与合作，同时也为比较法研究提供了理论框架。

如果你提到的“P72、73”是某本书的具体页码，请提供书名或更具体的背景信息，我可以更有针对性地回答！",在法律文明的发展历史上有一个普遍的现象，即在整个世界的空间范围内，通常存在若干法律文明区域，不同文明区域的法律制度和法律文化呈现出差别较大的面貌，而同一文明区域中不同国度的法律制度和法律文化则往往具有较大的类似性，似乎属于同一个“家族”。在法学理论上，用来概括不同区域和国度之间法律文明差别化和类似性的概念就是法系。法系是比较法学家在对世界不同区域和国度的法律制度和法律文化进行比较研究中形成和使用的概念，其英文表达为legal genealogy、legal family，意为法的族系，中文通常译作“法系”。
16,法律适用的基本原则（P338-341）,"您提到的内容似乎是某本书的具体页码内容，可能与法律适用的基本原则相关。以下是关于法律适用基本原则的一般性总结，供您参考：

### 法律适用的基本原则
法律适用是指在具体案件中，司法机关或其他有权机关根据法律规定解决争议或处理事务的过程。法律适用的基本原则是指导法律适用活动的基本准则，通常包括以下几个方面：

---

#### 1. **法律优先原则**
   - 法律优先原则是指在适用法律时，法律的效力高于其他规范性文件，必须优先适用法律。
   - 具体表现：
     - 在法律与行政法规、地方性法规等其他规范性文件发生冲突时，应优先适用法律。
     - 宪法作为根本法，具有最高法律效力，所有法律法规都不得与宪法相抵触。

---

#### 2. **法律面前人人平等原则**
   - 法律面前人人平等是法治的基本要求，指所有公民、法人和其他组织在适用法律时，享有平等的权利，履行平等的义务。
   - 具体表现：
     - 不因性别、种族、宗教信仰、社会地位等差异而受到歧视。
     - 国家机关及其工作人员在适用法律时，不得有任何特权。

---

#### 3. **法律适用公正原则**
   - 公正是法律适用的核心价值目标，要求司法机关在适用法律时做到程序公正与实体公正。
   - 具体表现：
     - 程序公正：案件处理过程必须符合法定程序，保障当事人的合法权益。
     - 实体公正：案件的裁判结果必须符合事实和法律，做到公平合理。

---

#### 4. **法律适用合法性原则**
   - 合法性原则是指法律适用必须严格依照法律规定进行，不能超越法律授权或违反法律规定。
   - 具体表现：
     - 司法机关和行政机关必须在法律授权范围内行使职权。
     - 不得以习惯、道德或其他非法律规范代替法律。

---

#### 5. **法律适用效率原则**
   - 效率原则要求在适用法律时，既要保证公正，又要注重效率，及时解决争议，维护社会秩序。
   - 具体表现：
     - 在符合法律规定的前提下，尽量简化程序，提高办案效率。
     - 避免因拖延或不当程序导致当事人权益受损。

---

#### 6. **法律适用与社会效果相统一原则**
   - 在适用法律时，既要严格依法办事，又要注重法律适用的社会效果，做到法律效果与社会效果的统一。
   - 具体表现：
     - 在裁判案件时，既要维护法律的权威性，又要考虑社会的接受程度。
     - 通过法律适用促进社会和谐与稳定。

---

#### 7. **法律适用中的比例原则**
   - 比例原则要求在适用法律时，权利的限制与保护之间应保持适当的平衡。
   - 具体表现：
     - 对公民权利的限制必须有正当理由，且限制的程度不得超过必要范围。
     - 在处罚或制裁时，应当与违法行为的性质、情节和危害程度相适应。

---

以上是法律适用基本原则的一般性概述。如果您提到的内容来自某本具体的书籍或教材，建议您结合书中的具体内容进行学习和理解。如需更详细的解释或具体案例分析，请提供更多背景信息，我将尽力为您解答！",（一）司法为民原则 司法为民是社会主义法治的本质要求，是中国共产党以人为本、执政为民的执政理念对法律适用的必然要求，是“一切权力属于人民”的宪法原则在司法工作中的具体体现，是司法工作始终保持正确政治方向的重要保证。“人民法院”“人民检察院”的称谓表明，社会主义司法机关与资本主义司法机关有着本质区别。“在资本主义社会里，法院主要是压迫机构，是资产阶级的剥削机构。”十月革命推翻了官僚……建立了苏维埃。……把法院变成了人民的法院。”坚持司法为民原则，是社会主义法治的本质要求，是法律适用的社会主义性质的重要特征。在法律适用过程中坚持司法为民，就是要坚持以人为本，尊重和保障人权，努力做到一切为了人民，一切依靠人民，对法律负责，让人民满意，坚持法律效果与社会效果的统一。人民法院在依法办案时，应怀着对人民群众的深厚情感去落实司法为民的原则，始终把人民群众的冷暖放在心上，诚心诚意地为人民群众排忧解难，让人民群众切实感受到社会主义司法制度的温暖。（二）依法独立行使职权原则 司法机关依法独立行使职权是司法机关适用法律的一项重要原则。我国《宪法》规定，人民法院、人民检察院分别依照法律规定独立行使审判权、检察权，不受行政机关、社会团体和个人的干涉。人民法院组织法、人民检察院组织法、民事诉讼法、刑事诉讼法和行政诉讼法也作了类似的规定。其基本内容是：国家的司法权只能由国家的司法机关统一行使，其他任何组织和个人都无权行使此项权力；司法机关行使司法权时，必须严格依照法律规定，准确地适用法律。我国司法机关依法独立行使职权原则与西方“三权鼎立”模式下的“司法独立”有着本质区别。在我国宪法体制下，坚持司法机关依法独立行使职权原则，并不意味着司法机关可以脱离党的领导和人大监督，不受任何约束。恰恰相反，司法机关必须始终坚持党对司法的绝对领导，把党的政策作为司法的指导；要自觉接受人大及其常委会的监督，与其他国家权力互相配合、互相制约，共同维护社会主义法治的尊严、权威和统一。（三）司法平等原则 司法平等原则是法律面前人人平等原则在司法活动中的具体体现，是适用法律的重要原则。正如恩格斯指出的那样：“一切官吏对自己的一切职务活动都应当在普通法庭面前遵照普通法向每一个公民负责。”在我国，司法平等原则具体地体现为“公民在法律面前一律平等”的原则。它是指各级国家司法机关及其司法人员在行使司法权、处理案件时，对于任何公民，无论其民族、种族、性别、职业、宗教信仰、教育程度、财产状况、居住期限等有何差别，也无论其出身、政治历史、社会地位和政治地位有何不同，在适用法律上一律平等，不允许有任何的特殊和差别。具体表现为：司法机关及其司法人员，对于任何公民的违法犯罪行为，都必须同样地追究法律责任；对于所有诉讼参与人都应当平等地、公平地对待，切实保障诉讼参与人充分行使诉讼权利和履行诉讼义务。这一原则不仅适用于公民个人，也适用于法人和其他各种社会组织。司法平等原则是我国司法的一项重要原则。实现这一原则，对于切实保障公民在适用法律上的平等权利，反对特权思想和行为，惩治司法腐败行为，维护社会主义法治的尊严、权威和统一，调动广大人民的积极性，都有重要意义。 （四）司法公正原则 司法公正原则是指司法机关及司法人员在司法活动的过程中应坚持和体现公平和正义的原则。司法公正是社会正义的重要组成部分，它包括实体公正和程序公正。实体公正主要是指司法裁判的结果公正，当事人的权益得到了充分的保障，违法犯罪者受到了应有的惩罚和制裁。程序公正主要是指司法过程的公正。司法程序具有正当性，当事人在司法过程中受到公平的对待。司法活动的合法性、独立性、有效性，裁判人员的中立性，当事人地位的平等性以及裁判结果的公正性，都是司法公正的必然要求和体现。司法公正是司法的生命和灵魂，是司法的本质要求和价值准则。追求司法公正是司法的永恒主题，也是公众对司法的期望。当今中国正在深入推进司法体制改革，其目的就是为了实现司法公正，让人民群众在每一个司法案件中都感受到公平正义，并通过司法公正维护和促进社会公平正义。 （五）司法公开原则 法谚有云，公平正义必须要以看得见的方式实现。司法公开是公正司法的必然要求。司法越公开，就越有权威和公信力。如果司法权运行不公开，或有选择地公开，司法公信力就无法树立。司法机关要增强主动公开、主动接受监督的意识，完善机制、创新方式、畅通渠道，依法及时公开执法司法依据、程序、流程、结果和裁判文书。除法律规定的情形外，一般都要公开。司法机关要努力做到“以至公无私之心，行正大光明之事”，对公众关注的案件，要提高透明度，让暗箱操作没有空间，让司法腐败无法藏身，让公平正义的阳光照进人民心田。
11,法律解释的原则（p181-183）,"您提到的内容似乎是某本书的具体页码内容，可能与法律解释的原则相关。虽然我无法直接访问或引用具体书籍的内容，但可以为您概述法律解释的一些常见原则。如果您需要更具体的内容，请提供更多上下文或问题。

### 法律解释的基本原则
法律解释是指对法律条文的含义、范围和适用进行阐释和说明的过程。以下是一些常见的法律解释原则：

#### 1. **文义解释原则**
   - 文义解释是法律解释的首要方法，要求根据法律条文的字面含义进行解释。
   - 解释时应尊重法律条文的语法结构和通常含义，避免随意扩大或缩小其范围。

#### 2. **体系解释原则**
   - 体系解释要求将法律条文放在整个法律体系中进行理解，确保其与其他条文和法律的整体逻辑一致。
   - 通过分析法律条文之间的关系，避免孤立地理解某一条文。

#### 3. **目的解释原则**
   - 目的解释是根据法律的立法目的和意图来解释法律条文。
   - 这种方法强调法律的社会功能和价值目标，确保解释结果符合立法者的初衷。

#### 4. **历史解释原则**
   - 历史解释是通过研究法律的立法背景、历史发展和相关资料来理解法律条文的含义。
   - 这种方法有助于理解法律在特定历史条件下的意义。

#### 5. **社会效果解释原则**
   - 社会效果解释关注法律解释的实际效果，要求解释结果能够实现公平正义，促进社会和谐。
   - 这种方法强调法律解释的现实意义和社会价值。

#### 6. **合宪性解释原则**
   - 合宪性解释要求在解释法律时，确保其符合宪法的基本原则和精神。
   - 如果某种解释可能导致法律条文违宪，应选择符合宪法的解释方式。

#### 7. **补充解释原则**
   - 当法律条文存在漏洞或不明确时，可以通过补充解释的方法弥补不足。
   - 这种方法通常结合法律原则、习惯法或司法判例进行补充。

#### 8. **禁止类推原则**
   - 在刑法领域，禁止类推解释，以避免扩大刑法的适用范围，保护公民的合法权益。
   - 但在民法等领域，类推解释在一定条件下是允许的。

#### 9. **比例原则**
   - 在涉及权利限制或利益平衡的情况下，解释应遵循比例原则，确保限制措施与目标之间的合理性。

这些原则在法律解释中通常是综合运用的，具体选择取决于案件的实际情况和法律条文的特点。如果您有更具体的问题或需要更详细的解释，请随时告诉我！",（一）合法性原则这里所称的“法”既指宪法、法律、法规等法律文件关于解释主体及其解释权限和程序的规定，又指法之成为法的效力标准。贯彻合法性原则，首先，符合法定权限和程序。法律解释是严肃的国家活动，因此必须依照法定的权限和程序进行。我国宪法、立法法和其他有关规定分别就全国人大常委会、最高人民法院、最高人民检察院、国务院及其部门、有地方立法权的地方人大常委会和人民政府的解释权限和程序作了明确的规定。任何国家机关都不得越权解释。其次，符合上位法及其法律规范，并最终符合宪法规范、宪法原则和宪法精神。在法律规范体系中，低位阶的规范不得同高位阶的规范相抵触，对低位阶的规范的解释也不得同高位阶的规范相抵触。最后，与法律原则保持一致。法律原则是法律基本精神的体现，法律解释是对法律的补充性说明，必须符合被解释法律的本意。（二）合理性原则这里所说的“理”，包括情理、公理、道理。其一，符合社会现实和社会公理。法律解释必须解决现实问题，根据现实需要提出、确定解决办法。法律解释只有符合社会现实需要和社会公理要求，才会具有针对性和说服力。其二，尊重公序良俗。公序良俗是人们在长期的共同生活与生产过程中形成的具有广泛群众基础的行为规范，是经过长期的历史积淀才确立起来的。法律解释应尊重这些规范并要体现社会主义的价值观。其三，顺应客观规律和社会发展趋势。在充分尊重本国法律传统和现实的同时，法律解释应具有一定的超前性，能够对社会发展和法律进步起引导作用。同时，在法律原则的范围内，法律解释应有一定的变革性，从发展的角度解释法律。其四，坚持以党和国家政策为指导。与法律相比，政策更具有灵活性和针对性，更能够及时反映社会发展的实际情况和实际需要。因此，在解释法律时，将实践证明正确的政策性规定及时转化为具有法律效力的解释性文件，不仅是坚持合理性原则的体现，也是法治的内在要求。（三）整体性原则法是由众多规范构成的有机整体。每个规范的功能和价值都取决于法的整体功能和价值，每个概念、术语、条款都受制于法的整体意义。所以，无论对法律规范的解释，还是对概念、术语、条款的解释，都必须贯彻整体性原则。整体性原则既是准确理解法律规范的内在要求，也是维护法制统一性的题中应有之义。首先，要把法律规范置于它所处的规范性法律文件之中进行解释，根据该法律、法规总的指导思想和目标来把握其含义，而不能断章取义。其次，要把法律规范置于它所处的法律部门之中来理解。法律规范依其调整对象和方法被划归于不同的法律部门。每个法律部门都是法的一个子系统，有其总的原则和目标。这些原则和目标及该法律部门内各规范之间的关系决定着单个规范的目标和含义。因此，对单个规范的解释要与对该法律部门的理解联系起来。最后，要把法律规范置于它所处的单项制度之中来理解。法律体系内部存在着由很多数量不等的法律规范构成的单项制度，如选举制度、法人制度、审判监督制度、代理制度、破产制度等。这些单项制度内部各规范之间的关系是横向关系、纵向关系和交叉关系的复合体，往往跨越两个甚至多个法律部门，贯穿若干层次。因此，对单项制度内部的规范进行解释，就不能局限于它所处的法律、法规和法律部门。（四）历史与现实相统一的原则 任何法律、法规都是立法者在某一时刻制定的，都有其特定的历史背景。法律解释不能脱离法律规范产生时的立法环境、立法政策、立法动机，甚至还要考虑当时的立法程序。为此，要研究法律、法规制定时的草案及其说明，审议过程中各有关方面的发言、社会舆论的反应以及表决结果，对被解释的法律规范与已废止的同类法律规范进行比较研究。说明被解释的法律规范产生的历史背景是必要的，但这对法律解释的目的来说是不够的。法律解释不是为了说明过去，而是为了服务现在、指导未来。被解释的法律规范产生于过去的某一时刻，但其效力延伸到现在，直到将来被废止。因此，法律解释必须在考虑法律规范产生的历史背景的同时，充分考虑已经变化了的社会情况和现实的需要。（五）国内法与国际法相协调的原则 在全球化时代，国内法与国际法的联系越来越密切。在处理国内法与国际法的关系问题时，一般有两种方式：一是按照法律规定，除了声明保留的条款之外，当国内法与我国缔结或参加的国际条约出现冲突时，适用国际条约的规定。二是通过将国际法转化为国内法的方法适用国际法。在这种情况下，如果国际法没有转化为国内法，那么即便两者出现冲突，也不直接适用国际法。但是，在进行法律解释时，既要考虑我国制定的国内法的背景、目的，也要考虑国际条约及其内容在国内的适用性，以保证法律解释既能与国内法保持一致，又能实现我国所缔结和参加的国际条约的目的。
1,法产生的一般规律是什么？（P60、61）,"法产生的一般规律主要是指法律作为一种社会规范，其产生和发展的基本规律性特征。根据马克思主义法学理论，法的产生一般与社会经济基础、阶级关系以及国家的形成密切相关。以下是法产生的一般规律的核心内容：

1. **法的产生是社会经济发展的结果**  
   法的产生与社会生产力的发展密切相关。当社会生产力发展到一定阶段，出现了剩余产品和私有制，社会分化为不同的阶级，利益冲突加剧，原有的习惯和道德规范已不足以调节复杂的社会关系，这时需要一种新的、更为强制性的规范来维护社会秩序，法便应运而生。

2. **法的产生与国家的形成密不可分**  
   法的产生是与国家的形成同步的。国家作为阶级统治的工具，需要通过法律来确立和维护统治阶级的利益和权威。因此，法是国家意志的体现，是国家治理社会的重要手段。

3. **法的产生具有阶级性**  
   法的本质是统治阶级意志的体现。它以规范的形式表现出来，并通过国家强制力保障实施。法的产生和发展始终服务于统治阶级的利益，同时也反映了社会中不同阶级之间的利益博弈。

4. **法的产生经历了从习惯到成文法的演变**  
   在原始社会，社会关系主要依靠习惯和道德来调整。当社会发展到一定阶段，习惯逐渐被国家认可并上升为法律，形成了成文法。成文法的出现标志着法的正式产生。

5. **法的产生具有历史性和地域性**  
   法的产生和发展受到特定历史条件和地域文化的影响。不同社会、不同历史时期的法律制度具有各自的特点，但其产生的基本规律具有普遍性。

以上内容是法产生的一般规律的核心要点，具体内容可以参考相关法学教材的第60、61页。",第一，法律制度是在私有制和阶级逐渐形成的社会背景下孕育、萌芽，并与国家组织相伴发展和确立起来的。第二，法律制度的形成过程是一个行为的调整方式从个别调整发展为一般调整的过程。第三，法律制度的形成经历了由习惯演变为习惯法再发展成为成文法的长期过程。第四，法律、道德和宗教等社会规范从混沌一体逐渐分化为各自相对独立的规范系统。第五，法是一种历史的现象，它有着产生、发展和灭亡的一般规律。
14,法与道德的联系和区别（P280、281）,"法与道德是社会规范体系中的两个重要组成部分，它们在功能、作用和表现形式上既有联系也有区别。以下是法与道德的联系和区别的简要分析：

### 一、法与道德的联系
1. **共同的社会基础**  
   法与道德都产生于一定的社会关系和社会需要，都是为了维护社会秩序、促进社会和谐而存在的。它们共同反映了社会的价值观念和利益需求。

2. **相互影响**  
   法律的制定和实施往往受到道德的影响，许多法律规范体现了社会的道德要求。例如，禁止杀人、盗窃等法律规定与道德观念一致。同时，道德也会受到法律的影响，法律的实施可以促进道德观念的形成和巩固。

3. **目标一致性**  
   法与道德的最终目标都是维护社会秩序，促进社会的公平正义和人类的幸福。

### 二、法与道德的区别
1. **表现形式不同**  
   - 法是以国家意志为基础的规范体系，具有明确的文字形式和强制性。
   - 道德是以社会舆论、传统习俗和内心信念为基础的规范体系，通常没有明确的文字形式。

2. **实施方式不同**  
   - 法律由国家制定并通过国家强制力保障实施，具有外在的强制性。
   - 道德主要依靠社会舆论、传统习俗和个人的内心信念来维持，更多依赖于自觉性和社会压力。

3. **调整范围不同**  
   - 法律主要调整社会中具有外在行为表现的关系，特别是涉及公共利益和社会秩序的行为。
   - 道德调整的范围更广，既包括外在行为，也包括内心活动，更多关注个人的思想和意图。

4. **强制性和约束力不同**  
   - 法律具有国家强制力的保障，违反法律会受到法律制裁。
   - 道德主要依靠社会舆论和个人良心的约束，违反道德通常不会受到法律制裁，但可能会受到社会谴责。

### 三、总结
法与道德既有区别又有联系，它们共同构成了社会规范体系。法律是道德的最低限度，而道德是法律的基础和补充。两者相辅相成，共同维护社会秩序和促进社会发展。",作为人类社会中两种主要的行为规范，法与道德有着十分密切的联系。一方面，法律和道德相辅相成、相得益彰。法律是成文的道德，道德是内心的法律。法安天下，德润人心。法律调整人的行为，道德调整人的心灵。法律通过确立特定的道德原则和规范，为道德理念的贯彻提供法律支持，同时也影响着道德观念的发展。另一方面，法与道德相互制约。法律可以剔除道德观念中不合时宜的成分，道德可以通过对法律的实质内容进行公正与否的评价，推动法律的制定、修改甚至废除，使法律与主流道德相一致。作为两种不同的行为规范，法与道德的区别主要表现在以下六个方面。第一，产生方式不同。道德是人们在长期的共同生产和生活中逐渐产生的，依赖教育培养而积累形成。就此而言，道德是自发的，有时是无形的，一般不需要通过专门的公共机构和人员来制定，也不一定非要通过专门的组织和制度来实现。法律是自觉的、确定的、有形的，一般是通过特定的机构、程序、方式而形成和实现的。在时间上，道德具有先在性，它的产生早于法律，是法律产生、形成、发展、运作和实现的基础。第二， 表现形式不同。在现代文明社会中，法律通常是以成文的方式表现出来的，它的存在形式主要是法典、单行法律法规、判例、条约等规范性文件或国家认可的习惯法。而道德则不同，它主要体现在人们的意识、信念和心理之中，通过人们的言论、行为、内心信念、社会舆论、风俗习惯等形式表现出来，一般是不成文的。第三， 实现方式不同。法律和道德作为人们的行为准则，都具有一定约束性和强制性，然而两者间约束性和强制性的方式、程度有极大的差别。法律具有较强的约束性，它往往以国家的强制力为坚强后盾，主要表现为一种外在的强制力。道德没有设定明确的行为模式，它主要依靠社会舆论、社会评价的力量，依靠人们的内心信念、内在修养和社会教育的力量来维持。第四，调整对象不完全相同。道德所调整的对象、内容、范围远比法律广泛得多，它几乎涉及人们在社会生产、生活中的一切领域，涉及人的外在行为和内在思想、动机。法律所调整的对象、内容和范围主要是人的外在行为，而且通常都是与建立和维护正常的社会秩序息息相关的人的行为。法律所调整的绝大多数对象、内容、范围，同样也可以由道德来调整，而道德所调整的对象、内容和范围并不完全能够通过法律来调整。第五，评价尺度和标准不同。道德评价人的行为的尺度和标准主要是一定社会的价值观念体系，是一定社会、一定人群集合体的善恶观、公正观、是非观、美丑观、荣辱观。人们的行为只要符合一定的道德标准，就是正当的、有效的和合理的。法律评价人的行为的尺度和标准是合法与不合法、罪与非罪、有效与无效、正当与不正当。行为只要符合法律，就是合法的、有效的和正当的。法律标准比道德标准狭窄，是道德的底线，但更加明确和规范。第六，权利和义务的特点不同。道德的内容主要是以义务为主的。道德体系主要是义务体系，其中虽有权利的内容，但其在同一主体身上不具有对称性。在法律的内容中，权利和义务是对等的。道德的权利和义务具有应然性，是一种应有的权利和义务。法律的权利和义务是法定的，是以法律规范为根据和基础的，是法律化、制度化、规范化的权利和义务，在社会中主要体现为一种实在形态，具有确定性、可预测性的特征。
4,论述法的秩序价值是什么？（p91、92）,"法的秩序价值是法的核心价值之一，指通过法律的制定、实施和遵守，维护社会的稳定和有序运行。法的秩序价值主要体现在以下几个方面：

1. **维护社会稳定**：法通过明确行为规范和权利义务，减少社会成员之间的冲突和矛盾，防止无序状态的出现，从而保障社会的稳定运行。

2. **提供行为指引**：法律为社会成员提供明确的行为准则，使人们在社会交往中能够预见自己的行为后果，避免因不确定性而导致的混乱。

3. **保障权利和义务的平衡**：通过法律的实施，明确个人与社会、个人与国家之间的权利和义务关系，防止权力滥用和权利侵害，促进社会的和谐与有序。

4. **促进社会合作**：法律通过建立公平、公正的规则体系，协调社会成员之间的利益关系，促进合作与共同发展。

5. **应对社会变迁**：在社会发展和变迁中，法律通过调整和完善规则体系，适应新的社会需求，防止因变革而导致的混乱。

总之，法的秩序价值在于通过法律的规范性和强制性，保障社会的有序运行，为社会的其他价值（如自由、公平、正义等）的实现提供基础条件。",（一）秩序作为法的价值的意义第一，社会的秩序需求和秩序维持是法律产生的初始动机与直接目的。一方面，法律有助于解决社会纠纷和矛盾，减少冲突和混乱，维护社会秩序。另一方面，法律作为阶级分化、阶级斗争的产物，它必然成为维护阶级统治秩序的重要方式之一。第二，秩序是消解、缓和社会矛盾和冲突的一个基本参照标准。一般说来，社会矛盾和冲突的发生总是表现为秩序被破坏。这就要求社会管理者从中思考如何解决矛盾和冲突以维护现存秩序，或改善制度建立新的秩序。第三，秩序作为法律的价值，不只从消极的角度来协调和解决社会矛盾和纠纷，而且还从积极的角度，即作为社会的一种理想状态，鼓励社会合作，促进社会和谐。（二）法律有助于社会秩序的建立在现代社会，社会秩序的建立在很多情况下需要通过法律的方式实现，主要表现为以下三点。第一，法律制度的设计本身就是在描绘人们所向往的社会秩序的基本蓝图，它也当然地成为某个特定的社会所追求的目标，成为该社会建立其社会秩序的标准与参照。第二，法律通过赋予社会主体一定的权利和自由引导社会主体的各种行为，使这些行为主体在行为方式上和行为结果上能够彼此协调和顺应，从而使相应的社会秩序得以建立。第三，法律通过给社会主体施加一定的义务与责任的方式，使主体对自身的行为加以必要的克制与自我约束，从而建立相应的社会秩序。（三）法律有助于社会秩序的维护第一，维护阶级统治秩序。在任何社会，法律作为国家的重要统治手段，首先必然要维护以统治阶级整体的根本利益为核心而形成的阶级统治秩序，使阶级统治合法化、制度化，从而最大限度地实现统治阶级的根本利益。其次是出于把阶级矛盾和冲突有效地控制在社会秩序所许可的范围之内的政治需要，统治阶级也会适当地考虑被统治阶级的某些利益和需求，以减少其统治的社会阻力。 第二，维护权力运行秩序。社会秩序的存在离不开权力的存在与有效运行，但权力运用不当也很可能会给社会带来危害甚至灾难。因此，必须对权力的运行加以规范和约束，建立和维护有效的权力运行秩序，使权力运行始终处于可预期与可控制的范围之内。权力运行秩序主要是针对社会的管理者而建构的，如果管理者中的某些个人利用公共权力为自己牟取利益，破坏公共权力的运行规则，导致社会秩序的破坏，那么最终必然会危及整个社会秩序。第三，维护经济秩序。法律本身就是首先从人们的现实生活特别是经济生活的规范性需求中产生出来的。恩格斯说过：“在社会发展的某个很早的阶段，产生了这样一种需要：把每天重复着的产品生产、分配和交换用一个共同规则约束起来，借以使个人服从生产和交换的共同条件。这个规则首先表现为习惯，不久便成了法律。”这里的“生产和交换的共同条件”事实上就是经济秩序。这说明，法律既是一定经济秩序的内在需求，同时又是一定经济秩序的体现，法律对经济秩序的维护体现为使人们的经济活动摆脱偶然性与随意性，并使之逐渐地趋于稳定并获得相应的连续性和可预测性。第四，维护正常的社会生活秩序。在任何社会，最起码的社会生活秩序以及相应的社会基本安全的保障与维护，都始终是国家的首要职责。而国家履行这一职责的典型方式就是通过法律来进行的。一方面，法律通过在各种社会利益及其需求的基础上确定主体相应的权利和义务，最大限度地避免社会矛盾和社会纠纷的产生；另一方面，法律也明确地规定相应的、文明的纠纷解决程序与机制。
3,大陆法系与英美法系的区别？（P76、77）,"大陆法系与英美法系是两大主要的法律体系，它们在法律渊源、法律适用、司法制度等方面存在显著差异。以下是两者的主要区别：

---

### 1. **法律渊源**
- **大陆法系**  
  - 以成文法为主要法律渊源，法律规则主要来源于制定法（如宪法、法律、法规等）。
  - 法典化程度高，法律条文系统化、结构化。
  - 法官的任务是解释和适用法律，而不是创造法律。

- **英美法系**  
  - 以判例法为主要法律渊源，法官的判决（尤其是上级法院的判例）具有法律约束力。
  - 判例与成文法并存，但判例法占主导地位。
  - 法官在审判中具有较大的自由裁量权，可以通过判例发展法律。

---

### 2. **法律适用**
- **大陆法系**  
  - 强调法律的普遍性和统一性，法官严格按照成文法的规定裁判案件。
  - 法律条文具有高度的抽象性和概括性，法官通过解释法律来适用具体案件。
  - 判例不具有法律约束力，但可以作为参考。

- **英美法系**  
  - 强调法律的灵活性和具体性，法官通过判例解决具体案件。
  - 遵循“先例原则”（Stare Decisis），下级法院必须遵循上级法院的判例。
  - 判例具有法律约束力，成文法通常用于补充判例法。

---

### 3. **司法制度**
- **大陆法系**  
  - 司法权与立法权、行政权分离，法官的地位较为被动。
  - 法官通常是职业化的，由法律专业人士通过考试或任命产生。
  - 审判程序以书面审理为主，注重程序的规范性。

- **英美法系**  
  - 司法权在法律发展中占据重要地位，法官具有较大的主动性。
  - 陪审团制度是英美法系的重要特色，普通公民参与审判。
  - 审判程序以对抗制为主，注重庭审的公开性和辩论性。

---

### 4. **法学理论**
- **大陆法系**  
  - 受罗马法和法学理论的深刻影响，注重法律的体系化和理论化。
  - 法学家在法律发展中具有重要作用，法学理论对立法和司法有较大影响。

- **英美法系**  
  - 更注重法律的实践性和经验性，强调通过具体案例解决实际问题。
  - 法学理论的作用相对较弱，法律的发展更多依赖于判例的积累。

---

### 5. **历史渊源**
- **大陆法系**  
  - 起源于罗马法，经过中世纪的法学研究和近代法典化运动发展而成。
  - 代表国家：法国、德国、日本、中国等。

- **英美法系**  
  - 起源于中世纪的英国普通法，逐渐发展为以判例法为核心的法律体系。
  - 代表国家：英国、美国、加拿大、澳大利亚等。

---

### 总结
大陆法系注重成文法的权威性和法律的体系化，而英美法系则强调判例法的灵活性和司法的实践性。这两种法律体系在各自的历史背景和社会需求下发展，形成了不同的法律文化和制度特点。",大陆法系(Continental Law System)又称罗马法系、民法法系、法典法系或罗马—日耳曼法系，是承袭古罗马法的传统，以《法国民法典》和《德国民法典》为代表的各国法律制度的总称。英美法系又称海洋法系、英国法系、普通法系或判例法系，是承袭英国中世纪的法律传统而发展起来的各国法律制度的总称。大陆法系与英美法系的主要区别包括以下几个方面。第一，法律渊源的不同。大陆法系是成文法系，其法律以成文法即制定法的方式存在，它的法律渊源包括立法机关制定的各种规范性法律文件、行政机关颁布的各种法规以及本国参加的国际条约，但不包括司法判例。英美法系的法律渊源既包括各种制定法，也包括判例，而且，判例所构成的判例法在整个法律体系中占有非常重要的地位。第二，法律结构的不同。大陆法系承袭古罗马法的传统，习惯于用法典的形式对某一法律部门所包含的规范作统一的系统规定，法典构成了法律体系结构的主干。英美法系很少制定法典，习惯用单行法的形式对某一类问题作专门的规定，因而，其法律体系在结构上是以单行法和判例法为主干而发展起来的。第三，法官权限的不同。大陆法系强调法官只能援用成文法中的规定来审判案件，法官对成文法的解释也需受成文法本身的严格限制，故法官只能适用法律而不能创造法律。英美法系的法官既可以援用成文法也可以援用已有的判例来审判案件，而且，也可以在一定的条件下运用法律解释和法律推理的技术创造新的判例，从而，法官不仅适用法律，也在一定的范围内创造法律。第四，诉讼程序的不同。大陆法系的诉讼程序以法官为重心，突出法官的职能，具有纠问程序的特点；为体现司法民主，在某些司法程序上实行参与制，即由人民中的代表作为陪审员与法官共同组成法庭来审判案件，陪审员具有与法官同等的权力。英美法系的诉讼程序以原告、被告及其辩护人和代理人为重心，法官只是双方争论的“仲裁人”而不能参与争论，与这种对抗式（也称“诉辩式”）程序同时存在的是陪审团制度，陪审团代表人民参加案件审理，但主要负责作出事实上的结论和法律上的基本结论（如有罪或无罪），法官负责作出法律上的具体结论，即判决。
15,法律执行的基本原则（P332-335）,"您提到的内容似乎是某本书或教材中的具体页码内容，可能与法律执行的基本原则相关。由于我无法直接访问具体书籍或教材的内容，我可以为您提供关于法律执行基本原则的一般性概述。如果您需要更具体的内容，请提供更多背景信息或问题细节。

以下是法律执行的一些基本原则的概述：

1. **依法执行原则**  
   法律执行必须严格依据法律规定，确保执行行为的合法性。执行机关和人员不得超越法律授权范围，也不得滥用职权。

2. **平等原则**  
   在法律执行过程中，所有人都应当在法律面前平等，不得因性别、种族、宗教信仰、社会地位等因素而受到歧视或特殊优待。

3. **正当程序原则**  
   法律执行必须遵循正当程序，保障当事人的合法权益。执行机关应当依法告知当事人相关权利，并给予其陈述、申辩和救济的机会。

4. **比例原则**  
   法律执行应当注重手段与目的的适当性，避免采取过度或不必要的措施，确保执行行为与实现法律目的之间的合理平衡。

5. **公开原则**  
   法律执行应当在一定范围内公开，接受社会监督，增强执行的透明度和公信力。但涉及国家秘密、商业秘密或个人隐私的事项除外。

6. **效率原则**  
   法律执行应当注重效率，及时、迅速地实现法律的目的，避免拖延或不必要的程序繁琐。

7. **权利保障原则**  
   在法律执行过程中，应当充分尊重和保护当事人的合法权益，防止权利受到不当侵害。

如果您提到的内容与某本书的具体内容相关，请提供更多背景信息，我将尽力为您解答！",法律执行的基本原则，是指行政执法主体在执法活动中所应遵循的基本准则，主要包括依法行政原则、合理性原则、信赖保护原则、效率原则等。（一）依法行政原则 依法行政原则，是指行政机关必须根据法律法规的规定取得、行使行政权力，并对行政行为的后果承担相应的责任。在法治国家，依法行政之“法”不仅包括法律规范，还应包括法律的一般原则、法律精神和法律目的。依法行政包括以下基本内容：行政主体合法。行政主体必须依法设立并具备相应的资格和条件。该项内容包括行政机关和其他依法行使行政权的组织都必须符合法律规定的主体地位、资格和组织条件。如果进行行政活动的主体不是依法成立的或不具备行政主体资格，其行为不具有法律效力。行政权的行使合法。行政权的行使必须符合法律法规的规定。行政活动必须有法律法规的依据，否则不得作出影响公民权利与义务的行为；行政主体必须在法定权限范围内活动，越权无效。行使行政权必须承担相应的责任，权责统一。具体包括：行政主体的职权与职责相统一；行为主体与责任主体相一致；责任与违法相对应，违法必须受追究。依法行政的本质是依法规范、约束行政权力。具体来说，依法行政是依法治权，依法治官，这是因为：行政权在本质上是一种超越于个人之上的公共力量，具有巨大的规模效益。但行政权是柄双刃剑，既可以成为维护公共利益最有效的工具，也可能成为侵害公民个人权利最厉害的工具。为了保证行政机关既有权又有责，既不越权又不失职，一方面，宪法和法律授予行政机关充分而又必要的行政权力，以确保其能够有效履行职责；另一方面，宪法和法律又明确规定行政机关的责任和对行政权力的制约与监督，以防止行政权力被滥用。 （二）合理性原则 法律执行的合理性原则，是指法律执法中正确行使自由裁量权，所采取的措施、作出的决定合乎理性，符合案件事实、情节、执法对象本身的情况，符合公平的原则。法律设定自由裁量权，旨在使执法机关能够对具体情况作具体分析，既遵守一般要求又体现个别化，按照合理而公正的原则作出正确的选择和判断，从而更加准确地贯彻法律的意图，体现公正的要求。但自由裁量权不等于任意裁量权，同样也要受到制约和监督。要使执法行为符合合理性的原则，一是权力行使应符合法律赋予该项权力的目的。执法人员必须按照法律设定此项权力的目的行使，从公共利益出发，全面考量法律规定所考虑的因素，充分尊重公民的权利。如果执法权被用于非法目的，就是滥用职权。二是案件与处理结果轻重幅度相当。根据合理性原则，在作出行政处罚等行政行为的过程中，要充分考虑必要、适度、比例、相称的要求。三是类似情况类似处理。如果两个同样情形的案件不能得到同样处理，就会导致当事人失去对行政机关和法律制度的信任。（三）信赖保护原则 信赖保护原则的具体要求是：由于行政行为具有确定力，行为一经作出，如无法定事由和未经法定程序，就不得随意撤销、废止或改变；对行政管理相对人的授权行政行为作出后，事后即便发现有轻微违法，或产生不利后果，只要该行为不是因相对人过错造成的，也不得撤销、废止或改变；行政行为作出后，如事后发现有较严重的违法情形或可能给国家、社会公共利益造成重大损失，必须撤销或改变此种行为时，行政机关对因撤销或改变此种行为而给无过错的行政管理相对人造成的损失，应给予补偿。（四）效率原则法律执行的效率原则，是指在依法行政的前提下，行政机关在对社会提供管理和服务的过程中，应尽可能简捷快速，以尽可能低的成本取得尽可能大的效益，从而获取最大的执法效益。具体有三方面要求：一是提高时间效率，减少工作拖延；二是节约执法成本，以最低的成本投入、资源消耗取得最佳的法律和社会效果；三是提高制度的科学性，减少不合理制度的负面作用。与国家立法机关、司法机关相比，行政机关更强调效率。执法主体要从保护公民权利和维护国家利益出发，对各种行政事务以及行政管理对人的各项请求及时作出反应。执法主体必须严格按照法定程序和法定时限执法，积极履行法定职责，提高办事效率，既不能借口效率而违反法律规定，也不能以损害行政管理相对人的利益为代价满足效率的需要。效率原则应当建立在合法的基础上，在保证执法质量、公平公正的前提下适用。各执法主体要相互配合、相互协调，保证执法活动有序、正常地进行。
35,行政法的基本原则,"行政法的基本原则是行政法的核心和指导思想，贯穿于行政法的制定、实施和解释的全过程。这些原则为行政机关的行为提供了基本的规范和准则，同时也为公民、法人和其他组织提供了保护其合法权益的依据。以下是行政法的基本原则：

### 1. **依法行政原则**
   - **含义**：行政机关必须严格按照法律规定行使职权，履行职责，不能超越法律的授权范围。
   - **要求**：
     - 行政行为必须有法律依据。
     - 行政机关不得滥用职权或超越权限。
     - 行政机关应遵守程序法的规定。
   - **意义**：确保行政权力受到法律的约束，防止行政专断和滥用权力。

### 2. **行政合理性原则**
   - **含义**：行政机关在行使自由裁量权时，应当符合理性和公平的要求，避免显失公正。
   - **要求**：
     - 行政行为应当符合社会公共利益。
     - 行政裁量应当公平、公正，避免偏私或不当。
   - **意义**：防止行政机关滥用自由裁量权，保护公民的合法权益。

### 3. **行政公开原则**
   - **含义**：行政机关的决策和行为应当公开透明，便于公众知晓和监督。
   - **要求**：
     - 行政机关应当依法公开行政信息。
     - 涉及公众利益的重大事项应当听取公众意见。
   - **意义**：增强行政行为的透明度，促进公众参与和监督。

### 4. **行政效率原则**
   - **含义**：行政机关应当高效履行职责，及时作出行政决定，避免拖延和低效。
   - **要求**：
     - 行政行为应当及时、迅速。
     - 行政资源应当合理配置，避免浪费。
   - **意义**：提高行政管理的效率，满足社会和公众的需求。

### 5. **比例原则**
   - **含义**：行政机关在采取措施时，应当在实现行政目的与对公民权利的限制之间保持适当的平衡。
   - **要求**：
     - 行政措施应当必要且适度。
     - 不得采取过度或不必要的限制措施。
   - **意义**：保护公民的合法权益，防止行政机关采取过度干预。

### 6. **正当程序原则**
   - **含义**：行政机关在作出行政行为时，应当遵守法定程序，保障当事人的程序性权利。
   - **要求**：
     - 行政行为应当符合法定程序。
     - 当事人有权获得听证、申辩和救济的机会。
   - **意义**：保障行政行为的合法性和公正性，维护当事人的合法权益。

### 7. **信赖保护原则**
   - **含义**：行政机关应当尊重和保护公民、法人和其他组织对其合法行政行为的合理信赖。
   - **要求**：
     - 行政机关不得随意撤销或变更已经生效的行政行为。
     - 如果撤销或变更会损害相对人的合法权益，应当给予合理补偿。
   - **意义**：维护行政行为的稳定性和公信力，保护相对人的合法权益。

### 8. **公平与公正原则**
   - **含义**：行政机关在行使职权时，应当平等对待所有行政相对人，避免歧视或偏袒。
   - **要求**：
     - 行政行为应当一视同仁。
     - 不得因种族、性别、宗教、地域等因素歧视相对人。
   - **意义**：维护社会的公平正义，增强公众对行政机关的信任。

### 9. **权责统一原则**
   - **含义**：行政机关行使职权的同时，应当承担相应的法律责任。
   - **要求**：
     - 行政机关应当对其违法或不当行为承担责任。
     - 行政机关应当接受法律和公众的监督。
   - **意义**：防止行政机关滥用权力，强化行政责任。

### 总结
行政法的基本原则是行政法体系的核心内容，体现了法治国家的基本要求。这些原则不仅约束行政机关的行为，也为公民、法人和其他组织提供了法律保护的依据，有助于实现行政权力的合法性、公正性和高效性。",1.依法行政原则：一、职权法定二、法律优先三、法律保留2.行政合理性原则：一、比例原则二、平等对待、3.程序正当原则：一、行政公开二、程序公正公众参与4.诚信原则：一、诚实守信二、信赖保护六节效使民原则5.高效便民原则：一、高效原则二、便民原则6.监督与救济原则：一、监督原则二、救济原则
33,行政诉讼和民事诉讼的区别,"行政诉讼和民事诉讼是两种不同的法律诉讼类型，它们在性质、目的、主体、审理程序等方面存在显著区别。以下是两者的主要区别：

### 1. **性质不同**
   - **行政诉讼**：是公民、法人或其他组织认为行政机关或其工作人员的具体行政行为侵犯其合法权益，依法向法院提起的诉讼。其本质是解决行政机关与相对人之间的行政争议。
   - **民事诉讼**：是平等主体之间因民事权利义务发生争议而提起的诉讼，主要解决民事、经济、婚姻家庭等方面的纠纷。

---

### 2. **诉讼主体不同**
   - **行政诉讼**：一方是公民、法人或其他组织，另一方是行政机关或法律法规授权的组织。行政机关在诉讼中通常处于被告地位。
   - **民事诉讼**：双方当事人是平等的民事主体（如自然人、法人或其他组织），不存在行政机关作为一方当事人的情况。

---

### 3. **争议的内容不同**
   - **行政诉讼**：争议的内容是行政机关的具体行政行为是否合法，例如行政处罚、行政许可、行政强制等。
   - **民事诉讼**：争议的内容是民事权利义务关系，例如合同纠纷、侵权纠纷、婚姻家庭纠纷等。

---

### 4. **法律依据不同**
   - **行政诉讼**：主要依据《中华人民共和国行政诉讼法》及相关行政法律法规。
   - **民事诉讼**：主要依据《中华人民共和国民事诉讼法》及相关民事法律法规。

---

### 5. **审查重点不同**
   - **行政诉讼**：法院主要审查行政机关的具体行政行为是否合法，是否存在滥用职权或程序违法等问题。
   - **民事诉讼**：法院主要审查当事人之间的民事权利义务关系是否明确，事实是否清楚，证据是否充分。

---

### 6. **举证责任不同**
   - **行政诉讼**：被告（行政机关）负有举证责任，需证明其具体行政行为合法。
   - **民事诉讼**：一般遵循“谁主张，谁举证”的原则，即主张权利的一方需提供证据支持自己的主张。

---

### 7. **诉讼结果不同**
   - **行政诉讼**：法院可以判决维持、撤销、变更行政行为，或者确认行政行为违法或无效。
   - **民事诉讼**：法院通常判决当事人履行义务、赔偿损失、返还财产等，以解决民事权利义务争议。

---

### 8. **调解适用不同**
   - **行政诉讼**：一般不适用调解，因为行政诉讼的核心是审查行政行为的合法性。
   - **民事诉讼**：调解是民事诉讼中常用的纠纷解决方式，法院可以主持调解，促成双方达成和解。

---

### 9. **程序启动方式不同**
   - **行政诉讼**：通常需要先经过行政复议程序（在某些情况下可以直接起诉），然后才能向法院提起诉讼。
   - **民事诉讼**：当事人可以直接向法院提起诉讼，无需经过其他程序。

---

### 总结
行政诉讼和民事诉讼的核心区别在于：行政诉讼是解决公民与行政机关之间的行政争议，重点在于审查行政行为的合法性；而民事诉讼是解决平等主体之间的民事权利义务争议，重点在于保护当事人的合法权益。",1.诉讼的目的和任务不同民事诉讼的处理对象是民事争议民事诉讼的目的和任务是通过审理民事案件，解决民事争议，确认民事权利义务关系，制裁民事违法行为，保护以财产关系为核心的民事权利，维护民事主体的合法权益，维护国家正常的民事法律秩序而行政诉讼的处理对象为行政争议行政争议产生于国家行政管理的过程之中，行政诉讼的目的和任务是通过司法机关对行政主体行政行为的合法性进行审查，从而方面保护公民、法人或者其他组织等行政相对人的合法权益;另一方面，监督行政机关依法行政，保证国家的行政权合法运行，维护国家正常的行政法律秩序。2. 诉讼当事人不同在民事诉讼中，原、被告的资格是不固定的，这是由于在民事法律关系中主体双方的法律地位是平等的。行政诉讼中原、被告资格则是固定的，这是由在行政实体法律关系中当事人双方不平等法律地位所决定的。行政诉讼的原告恒定为行政相对人，而被告恒定为行政主体，是“民告官”的诉讼。3. 诉讼权利不同。第一，起诉权、反诉权和撤诉权在民事诉讼中，由于原、被告的资格是不固定的，因此，在民事诉讼中双方当事人都享有起诉权、反诉权和撤诉权而在行政诉讼中，由于原、被告的资格是固定的，原、被告的地位不能发生变位，因此，起诉权和撤诉权只归属于行政相对人，即认为行政机关的行政行为侵犯其合法权益的公民、法人或其他组织作为被告的行政机关不享有起诉权、反诉权和撤诉权。第二，处分权。在民事诉讼中，民事诉讼的双方当事人对自己的民事权利享有处分权这是由于民事案件争执的内容是民事权利，是民事主体自己享有的权利，当事人完全可以依法进行处分而在行政诉讼中，作为被告的行政机关不享有处分权，包括对合法行政职权和诉讼权利的处分权作为被告的行政机关只是国家行政权力的行使者，不享有对行政权的支配权，并且行政行为一经作出便有确定力，非经法定程序，行政机关不得变更。4.举证责任不同。诉讼当事人双方都负有举证责任，这是行政诉讼和民事诉讼的共同之处，但在举证责任的分配上二者存在着差异在民事诉讼中，实行“谁主张，谁举证”，即当事人双方谁提出诉讼上的主张，谁就承担提出证据的责任。可以说，举证责任对于原、被告双方都是对等和平均的而在行政诉讼中，作为被告的行政机关负举证责任《行政诉讼法》第34条第1款规定“被告对作出的行政行为负有举证责任，应当提供作出该行政行为的证据和所依据的规范性文件”行政诉讼法作出这一规定是由于行政机关在国家行政管理中占有特殊地位，行政机关的举证能力比作为原告的行政相对人更为优越。5.二者所适用的原则不同。行政诉讼遵循以下特殊原则:(1)行政诉讼与行政复议相衔接，司法最终裁决的原则;(2)行政诉讼一般不适用调解的原则;(3)行政诉讼实行有限变更原则;(4)人民法院实行特定管辖的原则;(5)人民法院对行政行为实行合法性审查的原则、6.诉讼范围不同。民事诉讼的范围广泛而又复杂，除了适用普通程序和简易程序的各种权益争议案件外，还有适用特别程序的非权益争议的案件而我国目前行政诉讼的范围相对来说较为狭小，<行政诉讼法》第12条对人民法院的受案范围作了列举式的规定结案方式不同在民事诉讼中，人民法院审理和解决民事案件的结案方式通常有种:调解结案、判决结案和裁定结案而在行政诉讼中，人民法院审理行政案件，一般不用调解的方式结案，主要用裁定或判决的方式结案。
34,属于行政诉讼受案范围的行政行为,"行政诉讼是指公民、法人或者其他组织认为行政机关及其工作人员的具体行政行为侵犯其合法权益，依法向人民法院提起诉讼的法律制度。根据《中华人民共和国行政诉讼法》的规定，属于行政诉讼受案范围的行政行为主要包括以下几类：

### 1. **具体行政行为**
具体行政行为是指行政机关针对特定的公民、法人或者其他组织作出的具有法律效力的行为。以下是常见的具体行政行为类型：
- **行政处罚**：如罚款、拘留、吊销许可证或执照等。
- **行政强制措施**：如查封、扣押、冻结财产等。
- **行政许可**：如颁发许可证、批准申请等。
- **行政确认**：如确认某种法律地位或权利的行为。
- **行政征收**：如征税、征地等。
- **行政裁决**：如行政机关对民事纠纷作出的裁决。
- **行政不作为**：行政机关未依法履行职责，如未颁发许可证、未履行法定职责等。

### 2. **侵犯合法权益的行为**
公民、法人或者其他组织认为行政机关及其工作人员的行为侵犯其合法权益，可以提起行政诉讼。例如：
- 行政机关违法实施行政行为，导致权利受损。
- 行政机关超越职权作出决定。
- 行政机关滥用职权，损害公民、法人或其他组织的合法权益。

### 3. **法律、法规规定可以提起行政诉讼的其他行为**
根据《行政诉讼法》第12条的规定，法律、法规规定可以提起行政诉讼的其他行政行为，也属于行政诉讼的受案范围。

### 4. **行政机关的内部行为不属于受案范围**
需要注意的是，行政机关的内部行为、抽象行政行为（如行政法规、规章的制定）一般不属于行政诉讼的受案范围，但如果抽象行政行为直接侵犯了公民、法人或者其他组织的合法权益，可以依法提起诉讼。

### 5. **不属于行政诉讼受案范围的行为**
以下行为一般不属于行政诉讼的受案范围：
- 国防、外交等国家行为。
- 行政机关对其工作人员的奖惩、任免等内部行为。
- 法律规定由行政机关最终裁决的行为。

总之，行政诉讼的核心在于保护公民、法人和其他组织的合法权益，监督行政机关依法行使职权。具体案件是否属于行政诉讼受案范围，需要结合《行政诉讼法》及相关司法解释进行判断。",1.对行政处罚不服的2.对行政强制措施和行政强制执行不服的3.对行政许可不服的4.对行政机关确认自然资源所有权和使用权的决定不服的5.对征收、征用以及补偿决定不服的6.对不履行法定职责不服的7.认为侵犯经营自主权或者农村土地承包经营权、农村土地经营权的8.认为侵犯公平竞争权的9.认为连法要求履行义务的10.认为行政机关没有依法支付抚恤金、最低生活保障待遇或社会保险待遇的11.认为行政机关不依法履行、未按照约定履行或者违法履行变更、解除政府特许经营协议、土地房屋征收补偿协议等协议的12.认为行政机关侵犯人身权和财产权等其他合法权益的。
36,人民法院判决撤销或者部分撤销，并可以判决被告重新作出行政行为,"根据《中华人民共和国行政诉讼法》的相关规定，人民法院在审理行政案件时，如果认定被诉行政行为违法，可以依法判决撤销或者部分撤销该行政行为。同时，根据具体情况，法院还可以判决被告重新作出行政行为。

### 相关法律依据：
1. **《中华人民共和国行政诉讼法》第七十条**  
   人民法院判决撤销或者部分撤销行政行为的情形包括：
   - 主要证据不足；
   - 适用法律、法规错误；
   - 违反法定程序；
   - 超越职权；
   - 滥用职权；
   - 明显不当。

2. **《中华人民共和国行政诉讼法》第七十二条**  
   人民法院判决撤销或者部分撤销行政行为后，可以根据具体情况判决被告重新作出行政行为。  
   例如，当行政机关的行为因程序违法或证据不足被撤销，但该事项仍需行政机关依法处理时，法院可以要求行政机关重新作出行政行为。

### 实践中的适用：
- **撤销判决**：法院认为被诉行政行为违法且无效，直接撤销该行为。
- **重新作出行政行为**：法院撤销行政行为后，要求行政机关在合法的基础上重新履行职责，作出新的行政行为。

这种判决方式既体现了对行政机关违法行为的纠正，也保障了行政管理的连续性和合法性。",(1)主要证据不足的;(2)适用法律、法规错误的;(3)违反法定程序的;(4)超越职权的;(5)滥用职权的;(6)明显不当的
37,申请法院执行其行政行为,"申请法院执行行政行为，通常是指当行政机关作出的行政决定或行政行为（如行政处罚决定、行政强制执行决定等）未能得到履行时，行政机关或利害关系人可以向法院申请强制执行。以下是申请法院执行行政行为的一般流程和注意事项：

---

### 一、申请法院强制执行的条件
1. **行政行为具有法律效力**：
   - 行政机关作出的行政决定已经生效（如行政处罚决定、行政强制执行决定等）。
   - 行政行为未被撤销、变更或确认违法。

2. **义务人未履行义务**：
   - 行政相对人（义务人）未在规定期限内履行行政决定所确定的义务。

3. **行政机关有权申请强制执行**：
   - 行政机关依法有权申请法院强制执行，且该事项属于法院受理范围。

---

### 二、申请法院强制执行的主体
1. **行政机关**：
   - 行政机关是申请强制执行的主要主体。例如，税务机关、市场监管部门、环保部门等。

2. **利害关系人**：
   - 在某些情况下，利害关系人（如行政行为的受益人）也可以申请法院强制执行。

---

### 三、申请法院强制执行的程序
1. **准备申请材料**：
   - 行政决定书（如行政处罚决定书、行政强制执行决定书等）。
   - 申请书，说明申请强制执行的理由和依据。
   - 相关证据材料（如送达回执、行政相对人未履行义务的证明等）。

2. **向法院提交申请**：
   - 向有管辖权的人民法院提交强制执行申请。
   - 一般向被执行人所在地的基层人民法院提出申请。

3. **法院审查**：
   - 法院会对申请材料进行审查，确认行政行为是否合法有效，是否符合强制执行的条件。

4. **法院裁定是否受理**：
   - 如果法院认为申请符合条件，会裁定受理并启动强制执行程序。
   - 如果不符合条件，法院会裁定不予受理。

5. **强制执行**：
   - 法院受理后，会依法采取强制执行措施（如查封、扣押、冻结财产等），以促使被执行人履行义务。

---

### 四、注意事项
1. **申请期限**：
   - 行政机关申请法院强制执行的期限通常为**6个月**，从行政决定生效之日起计算。

2. **合法性审查**：
   - 法院在审查时会对行政行为的合法性进行审查。如果行政行为存在违法或程序瑕疵，法院可能不予执行。

3. **送达程序**：
   - 行政机关在作出行政决定后，必须依法送达给行政相对人。如果送达程序不合法，可能影响法院的受理。

4. **与行政复议或诉讼的关系**：
   - 如果行政相对人对行政行为提起了行政复议或行政诉讼，法院可能会中止强制执行，待复议或诉讼结果明确后再决定是否执行。

---

### 五、法律依据
1. **《中华人民共和国行政强制法》**：
   - 第五十三条规定，行政机关可以依法申请人民法院强制执行。

2. **《中华人民共和国行政诉讼法》**：
   - 第九十七条规定，行政机关可以依法申请人民法院强制执行。

3. **《最高人民法院关于执行<中华人民共和国行政诉讼法>若干问题的解释》**：
   - 对行政机关申请强制执行的程序和条件作出了进一步规定。

---

如果您需要更具体的指导，建议咨询专业律师或相关法律服务机构，以确保申请程序的合法性和有效性。",1.行政行为依法可以由人民法院执行。《行政诉讼法》第97条规定，公民、法人或者其他组织对行政行为在法定期间不提起诉讼又不履行的，行政机关可以申请人民法院强制执行，或者依法强制执行。这表明对行政行为的强制执行的主体包括人民法院和行政机关，由于行政机关对行政行为的执行属于行政强制执行不属于行政诉讼的执行，因此，这里所说的执行主体仅限于人民法院。2. 行政行为已经生效并具有可执行内容。《行政诉讼法》规定，行政行为已经生效是指公民、法人或者组织在法定起诉期限内既不起诉，也不履行。3. 申请人是作出该行政行为的行政机关或者法律、法规、规章授权的组织根据2018《行诉法解释》第155 条的规定，行政机关申请人民法院执行，应当提交《行政强制法》第55条规定的相关材料根《行政强制法》55条的规定，行政机关向人民法院申请强制执行，应当提供下列材料(1) 强制执行申请书;(2)行政决定书及作出决定的事实、理由和依据;(3)相对人的意见及行政机关催告情况;(4)申请强制执行标的情况;(5)法律、行政法规规定的其他材料。强制执行申请书应当由行政机关负责人签名，加盖行政机关的印章，并注明日期。4.被申请人是该行政行为所确定的义务人。5.被申请人在行政行为确定的期限内或者行政机关另行指定的期限内未履行义务6.申请人在法定期限内提出申请。根据2018年《行诉法解释》第153条的规定，申请人民法院强制执行的期限为2年。被申请执行的行政案件属于受理申请执行的人民法院管辖。
32,什么是行政处罚?它有哪些种类?,"行政处罚是指行政机关或法律、法规授权的组织依法对违反行政管理秩序的公民、法人或者其他组织实施的法律制裁措施。行政处罚的目的是维护社会公共秩序、保护公共利益、教育和惩戒违法行为人。

根据《中华人民共和国行政处罚法》的规定，行政处罚的种类主要包括以下几种：

1. **警告**  
   这是最轻微的行政处罚形式，主要是对违法行为人进行教育和告诫，要求其改正违法行为。

2. **罚款**  
   对违法行为人处以一定数额的金钱处罚，是最常见的行政处罚形式之一。

3. **没收违法所得、没收非法财物**  
   对违法行为人因违法行为所获得的非法收入或用于违法行为的工具、物品予以没收。

4. **责令停产停业**  
   对违法行为人从事的生产经营活动予以暂停，直至整改合格。

5. **暂扣或者吊销许可证、执照**  
   对违法行为人依法取得的行政许可或经营资格进行暂时扣留或永久吊销。

6. **行政拘留**  
   对违法行为人实施短期限制人身自由的处罚措施，通常由公安机关执行。

7. **法律、行政法规规定的其他行政处罚**  
   除上述常见种类外，法律、行政法规还可能规定其他形式的行政处罚，例如限制从业、限制活动等。

需要注意的是，行政处罚的实施必须遵循法定程序，做到合法、公正、公开，保障当事人的合法权益。同时，当事人对行政处罚不服的，可以依法申请行政复议或提起行政诉讼。",行政处罚是指特定的行政主体依法对违反行政管理秩序而尚未构成犯罪的行政相对人所给予的行政制裁行政处罚具有下列特征:第一， 制裁性。行政处罚以行政相对人违反行政管理秩序行为的存在为前提，是行政主体对犯有违反行政法律规范行为相对人的种惩罚，因而具有行政制裁性。第二， 处分性。行政处罚与行政命令行政确认等不同，它是对相对人权利与义务的种处分如罚款决定，其法律效果是导致相对人一定数量的财产被剥夺；行政拘留决定，意味着相对人的人身自由权在定的期限内被剥夺。第三， 不利性。行政处罚不是中性行为，而是不利行为，即对行政相对人造种不利的后果。第四， 法定性。行政处罚作为种特定的行政行为，其结果是导致相对人权利被剥夺，因而必须依法设定根据行政处罚法》的规定，行政处罚的机关种类、范围、程序等都必须是法定的。根据《行政处罚法》第8条规定，行政处罚可分为七类:1.警告，是指行政主体向违法相对人发出警诫，申明其有违法行为，通过对其名誉、荣誉信誉等施加影响，引居其精神上的警惕，使其不再违法的处罚形它在行政处罚中属于最轻微的一种处罚形式。2.罚款，是指行政主体强制违法相对人交纳一定钱币的处罚它是实践中比较常用的一种处罚形式。3.没收违法所得、没收非法财物，是指行政主体把违法相对人的违法所得和非法财物的财产所有权予以最终剥夺的处罚形式。4.责令停产停业，是指行政主体强制违法相对人在定期限内停止经营的处罚形式、5.暂扣或者吊销许可证、暂扣或者吊销执照简单的提法是“吊扣证照”，是指行政主体对违法相对人取消许可证或执照，或者在一定期限内扣留许可证或执照的处罚形式许可证和执照只是行政许可的书证之，这里应当理解为“吊销行政许可”、6.行政拘留，是指行政主体在定期限内剥夺违法相对人人身自由的行政处它是最为严厉的一种行政处罚、7.法律、行政法规规定的其他行政处罚。《行政处罚法规定的行政处罚的形式只限于上述六类，这六类以外的行政处罚形式，须由法律和行政法规设定，地方性法规和行政规章等一概不得设定行政处罚的其他种类和形式。
31,行政是什么？行政的特点,"**行政**是指国家或其他公共组织为实现公共利益和社会目标，依据法律和政策，对社会事务进行管理和服务的活动。行政是国家权力的重要组成部分，与立法权和司法权并列。它主要通过政府机构及其工作人员的具体行为来实施，目的是维护社会秩序、促进经济发展、提供公共服务和保障社会公平。

### **行政的特点**
行政具有以下几个主要特点：

1. **公共性**  
   行政活动的目标是实现公共利益，服务于社会整体，而不是满足个人或特定群体的私利。行政行为的出发点和归宿都与公共事务和公共需求密切相关。

2. **权威性**  
   行政活动是基于法律和政策的授权进行的，具有强制性和权威性。行政机关在行使职权时，能够依法对社会成员的行为进行约束和规范。

3. **执行性**  
   行政的核心功能是执行法律和政策。它是立法权的具体实施者，通过具体的行政行为将法律和政策转化为现实。

4. **广泛性**  
   行政活动涉及社会生活的方方面面，包括经济、文化、教育、卫生、环境保护等领域，具有广泛的覆盖面。

5. **灵活性**  
   行政活动需要根据具体情况灵活调整，以适应社会环境的变化和实际需求。与立法和司法相比，行政具有更大的灵活性和适应性。

6. **服务性**  
   现代行政强调服务型政府的理念，行政活动不仅是管理，更是为社会公众提供服务，满足人民的需求。

7. **程序性**  
   行政活动需要遵循一定的法律程序和规范，确保行政行为的合法性和公正性，防止滥用权力。

8. **效率性**  
   行政活动追求高效，要求在有限的资源条件下，以最小的成本实现最大的公共利益。

总之，行政是国家治理的重要手段，其特点决定了它在社会管理和公共服务中的独特作用。",行政是国家通过一定的组织为实现国家或社会职能而进行的公共管理活动及其过程其特征主要表现为：1.行政具有执行性。行政的基本特点是执行是对国家法律法规的执行宪法85条规定“中华人民共和国国务院，即中央人民政府，是最高国家权力机关的执行机关，是最高国家行政机关”虽然现代国家的行政主体也被赋予制定规范的功能，但这些规范在本质上仍然是为了执行法律，是种执行性的规范我国《立法法》第65条规定国务院根据宪法和法律，制定行政法规行政法规可以就下列事项作出规定(一)为执行法律的规定需要制定行政法规的事项;（二)宪法第八十九条规定的国务院行政管理职权的事项2.行政的目的具有公益性。行政应以追求公共利益或公共福祉为目的行政的这种公益性除表现为行政的事务乃公共事务而非私事外，更主要的是其目的在于实现国家或社会的职能，这些职能至少包括建设、保卫、服务等职能行政的最终目的应该是“为人民服务”3.行政的活动具有整体性与能动性。司法具有个别性和消极被动的特征，而行政则现出整体性、连续性、积极能动的特征行政作为种活动，在现实中表现为若干个单独的行动，但这种具体行动与国家职能和政策的整体关联，必须始终贯，在整体上保持统性和连续性因此，行政是由若干具体行动构成的整体同时，行政具有能动性，它可应时势的需要主动作为，以保护公共利益的实现在这方面，它明显不同于司法的被动性4.行政具有过程性。行政不仅是一种实体活动的过程，而且种程序的过程，它具有实体与程序的统对行政的活动，不能只理解为种实体活动，还必须将它视为个过程、一套程序的实践行政是对国家务和社会事务的管理，这种管理包含为实现目标而进行的系列行动，具有一定的步骤、阶段、顺序方式、时限内涵5.行政具有法定性(合法性)与裁性(合目的性)。依法行政是法治国家的基本由于行政任务的广泛和复杂、社会的变迁和发展以及人们价值观念的变化，立法者不可能对所有行政事务都加以规定或者作出详细规定，往往授权行政机关(或其他行政公共组织)在法律允许的范围内行使裁量权，赋予行政机定的灵活性基于为民服务的需要和行政目的的实现，行政机关可以采取各种不同的行为方式即使在法律没有明文规定的情况下，行政机关在某些领域或范围内也可以采取定措施，如行政给付、行政契约和行政指导等行政机关是权力机关的执行机关，肩负着权力机关所接予的职责，是能动地实施法律和政策的组织体和活动体行政机关的这一地位与角色，决定了其在行政活动中必须有定的裁量权当然，这种裁量的自由并不是不受限制的，它必须在法定的范围(包括法律的原则和精神)内合理、正当地进行6.行政具有效率性。相对于国家的立法和司法活动，行政具有更强的效率要国家的经济社会发展必须争取高效同时，对于公民的申请和需求，也必须有效率，否则将引起公民的不满强调效率是行政的显著特点7.行政具有受监督性。行政活动必须受到严格的监督，这种监督是多维度和多层级的首先，行政要受立法机关的监督，受其所制定的法律的约束;其次，行政在本系统内要受到行政主体自身的监督，包括上级对下级的监督、专门监督机关的监督，如监察机关审计机关的监督，公务人员受本机关或行政首长的监再次，行政要受司法监督，其中主要是法院通过行政诉讼途径对行政进行监督并保护公民的权益;最后，行政还要受到社会公众的监督和新闻舆论的监督。
